H1_Start,H2_Start,Direction,H1_High,H1_Low,H2_Open,Sweep_Time,Return_Time,Worked
2009-01-14 01:00:00,2009-01-14 02:00:00,Up,1354.189905,1349.152621,1351.111565,2009-01-14 02:05:00,2009-01-14 02:23:00,True
2009-01-14 02:00:00,2009-01-14 03:00:00,Up,1351.951112,1342.436242,1343.835488,2009-01-14 03:03:00,2009-01-14 03:20:00,True
2009-01-14 03:00:00,2009-01-14 04:00:00,Up,1345.794432,1337.398958,1339.637751,2009-01-14 04:02:00,2009-01-14 04:31:00,True
2009-01-14 06:00:00,2009-01-14 07:00:00,Up,1339.078053,1334.880316,1335.719863,2009-01-14 07:03:00,N/A,False
2009-01-14 07:00:00,2009-01-14 08:00:00,Up,1336.83926,1323.126653,1326.204993,2009-01-14 08:08:00,2009-01-14 08:24:00,True
2009-01-14 08:00:00,2009-01-14 09:00:00,Up,1331.242277,1312.492386,1318.089368,2009-01-14 09:17:00,N/A,False
2009-01-14 09:00:00,2009-01-14 10:00:00,Up,1322.007256,1299.899175,1304.376761,2009-01-14 10:11:00,2009-01-14 10:20:00,True
2009-01-14 13:00:00,2009-01-14 14:00:00,Up,1314.45133,1302.137968,1307.455102,2009-01-14 14:03:00,N/A,False
2009-01-15 08:00:00,2009-01-15 09:00:00,Up,1300.179025,1280.589586,1288.145512,2009-01-15 09:15:00,N/A,False
2009-01-16 04:00:00,2009-01-16 05:00:00,Up,1341.316846,1332.641523,1334.040768,2009-01-16 05:00:00,2009-01-16 05:30:00,True
2009-01-16 06:00:00,2009-01-16 07:00:00,Up,1342.99594,1336.55941,1340.197449,2009-01-16 07:10:00,N/A,False
2009-01-16 08:00:00,2009-01-16 09:00:00,Up,1343.835488,1329.003484,1330.962428,2009-01-16 09:10:00,2009-01-16 09:27:00,True
2009-01-16 09:00:00,2009-01-16 10:00:00,Up,1338.518354,1324.246049,1329.563182,2009-01-16 10:14:00,2009-01-16 10:25:00,True
2009-01-16 10:00:00,2009-01-16 11:00:00,Up,1330.682579,1314.731179,1318.089368,2009-01-16 11:08:00,N/A,False
2009-01-19 01:00:00,2009-01-19 02:00:00,Up,1356.708547,1352.230961,1356.708547,2009-01-19 02:03:00,2009-01-19 02:20:00,True
2009-01-19 02:00:00,2009-01-19 03:00:00,Up,1359.507039,1349.152621,1352.51081,2009-01-19 03:14:00,2009-01-19 03:21:00,True
2009-01-19 05:01:00,2009-01-19 06:01:00,Up,1353.350358,1348.592923,1349.712319,2009-01-19 06:02:00,2009-01-19 06:21:00,True
2009-01-19 06:00:00,2009-01-19 07:00:00,Up,1351.111565,1343.835488,1344.675035,2009-01-19 07:01:00,N/A,False
2009-01-20 03:00:00,2009-01-20 04:00:00,Up,1337.398958,1330.40273,1333.760919,2009-01-20 04:12:00,N/A,False
2009-01-20 06:00:00,2009-01-20 07:00:00,Up,1335.719863,1326.484842,1327.324389,2009-01-20 07:04:00,2009-01-20 07:50:00,True
2009-01-20 08:00:00,2009-01-20 09:00:00,Up,1337.119109,1306.895403,1308.574498,2009-01-20 09:00:00,2009-01-20 09:20:00,True
2009-01-20 11:00:00,2009-01-20 12:00:00,Up,1308.0148,1293.182796,1295.14174,2009-01-20 12:09:00,2009-01-20 12:28:00,True
2009-01-20 12:00:00,2009-01-20 13:00:00,Up,1300.179025,1285.067172,1286.466417,2009-01-20 13:00:00,2009-01-20 13:35:00,True
2009-01-20 13:00:00,2009-01-20 14:00:00,Up,1290.384305,1278.350793,1282.54853,2009-01-20 14:01:00,2009-01-20 14:32:00,True
2009-01-20 14:00:00,2009-01-20 15:00:00,Up,1288.98506,1269.67547,1271.914263,2009-01-20 15:00:00,2009-01-20 15:22:00,True
2009-01-21 00:01:00,2009-01-21 01:01:00,Up,1288.98506,1285.067172,1286.186568,2009-01-21 01:02:00,N/A,False
2009-01-21 02:00:00,2009-01-21 03:00:00,Up,1289.824607,1279.470189,1285.906719,2009-01-21 03:19:00,N/A,False
2009-01-21 06:00:00,2009-01-21 07:00:00,Up,1291.503702,1281.708982,1283.108228,2009-01-21 07:11:00,2009-01-21 07:21:00,True
2009-01-22 00:00:00,2009-01-22 01:00:00,Up,1344.675035,1337.678807,1337.678807,2009-01-22 01:00:00,N/A,False
2009-01-22 01:00:00,2009-01-22 02:00:00,Up,1337.958656,1332.921372,1332.921372,2009-01-22 02:00:00,2009-01-22 02:22:00,True
2009-01-22 03:00:00,2009-01-22 04:00:00,Up,1340.197449,1334.320617,1337.398958,2009-01-22 04:06:00,N/A,False
2009-01-22 04:00:00,2009-01-22 05:00:00,Up,1337.398958,1327.604239,1328.723635,2009-01-22 05:00:00,N/A,False
2009-01-22 07:00:00,2009-01-22 08:00:00,Up,1332.641523,1317.52967,1319.208765,2009-01-22 08:00:00,N/A,False
2009-01-22 09:00:00,2009-01-22 10:00:00,Up,1308.294649,1292.902947,1294.022344,2009-01-22 10:00:00,2009-01-22 10:20:00,True
2009-01-22 10:00:00,2009-01-22 11:00:00,Up,1301.018572,1284.507474,1285.906719,2009-01-22 11:05:00,2009-01-22 11:20:00,True
2009-01-22 13:00:00,2009-01-22 14:00:00,Up,1327.604239,1307.175253,1312.772235,2009-01-22 14:03:00,2009-01-22 14:45:00,True
2009-01-23 01:00:00,2009-01-23 02:01:00,Up,1307.175253,1300.179025,1300.458874,2009-01-23 02:08:00,N/A,False
2009-01-23 13:00:00,2009-01-23 14:00:00,Up,1333.201221,1309.693895,1312.492386,2009-01-23 14:00:00,2009-01-23 14:21:00,True
2009-01-26 11:00:00,2009-01-26 12:00:00,Up,1337.398958,1329.283333,1333.201221,2009-01-26 12:06:00,N/A,False
2009-01-26 12:00:00,2009-01-26 13:00:00,Up,1335.719863,1318.649067,1320.88786,2009-01-26 13:00:00,2009-01-26 13:58:00,True
2009-01-27 05:00:00,2009-01-27 06:00:00,Up,1327.324389,1318.928916,1321.447558,2009-01-27 06:16:00,2009-01-27 06:30:00,True
2009-01-27 12:00:00,2009-01-27 13:00:00,Up,1341.876544,1333.48107,1333.760919,2009-01-27 13:00:00,2009-01-27 13:35:00,True
2009-01-27 14:00:00,2009-01-27 15:00:00,Up,1343.275789,1331.801975,1333.201221,2009-01-27 15:00:00,2009-01-27 15:54:00,True
2009-01-28 00:00:00,2009-01-28 01:00:00,Up,1351.111565,1349.43247,1350.551867,2009-01-28 01:03:00,2009-01-28 01:40:00,True
2009-01-28 05:00:00,2009-01-28 06:00:00,Up,1360.626435,1355.309302,1358.94734,2009-01-28 06:17:00,N/A,False
2009-01-28 07:00:00,2009-01-28 08:00:00,Up,1362.30553,1354.469754,1358.387642,2009-01-28 08:19:00,2009-01-28 08:30:00,True
2009-01-28 13:00:00,2009-01-28 14:00:00,Up,1393.368782,1378.25693,1387.212102,2009-01-28 14:07:00,N/A,False
2009-01-29 01:00:00,2009-01-29 02:00:00,Up,1373.499495,1364.544323,1364.824172,2009-01-29 02:04:00,2009-01-29 02:20:00,True
2009-01-29 04:00:00,2009-01-29 05:00:00,Up,1369.581607,1361.186133,1365.663719,2009-01-29 05:10:00,2009-01-29 05:59:00,True
2009-01-29 06:00:00,2009-01-29 07:00:00,Up,1376.857684,1366.223417,1369.301758,2009-01-29 07:18:00,N/A,False
2009-01-29 07:00:00,2009-01-29 08:00:00,Up,1370.421154,1363.424926,1365.943568,2009-01-29 08:19:00,N/A,False
2009-01-29 08:00:00,2009-01-29 09:00:00,Up,1366.503267,1353.630207,1356.708547,2009-01-29 09:00:00,2009-01-29 09:20:00,True
2009-01-29 10:00:00,2009-01-29 11:00:00,Up,1363.984625,1355.029453,1356.988396,2009-01-29 11:01:00,2009-01-29 11:26:00,True
2009-01-29 11:00:00,2009-01-29 12:00:00,Up,1357.548095,1343.835488,1344.675035,2009-01-29 12:00:00,2009-01-29 12:20:00,True
2009-01-30 00:00:00,2009-01-30 01:00:00,Up,1354.749603,1353.350358,1354.469754,2009-01-30 01:07:00,2009-01-30 01:38:00,True
2009-01-30 03:00:00,2009-01-30 04:00:00,Up,1358.94734,1353.070509,1354.749603,2009-01-30 04:00:00,2009-01-30 04:30:00,True
2009-01-30 05:02:00,2009-01-30 06:02:00,Up,1355.029453,1345.234733,1345.794432,2009-01-30 06:02:00,N/A,False
2009-01-30 08:00:00,2009-01-30 09:00:00,Up,1359.227189,1340.757147,1341.316846,2009-01-30 09:01:00,N/A,False
2009-01-30 13:00:00,2009-01-30 14:00:00,Up,1337.119109,1324.805747,1326.764691,2009-01-30 14:18:00,N/A,False
2009-02-02 00:07:00,2009-02-02 01:07:00,Up,1318.649067,1306.055856,1307.455102,2009-02-02 01:11:00,2009-02-02 01:45:00,True
2009-02-02 02:00:00,2009-02-02 03:00:00,Up,1311.652839,1301.858119,1303.537214,2009-02-02 03:01:00,N/A,False
2009-02-02 12:00:00,2009-02-02 13:00:00,Up,1338.798203,1321.447558,1323.9662,2009-02-02 13:04:00,2009-02-02 13:20:00,True
2009-02-03 03:00:00,2009-02-03 04:00:00,Up,1339.637751,1333.760919,1334.320617,2009-02-03 04:02:00,N/A,False
2009-02-03 10:00:00,2009-02-03 11:00:00,Up,1346.913828,1337.398958,1339.637751,2009-02-03 11:10:00,2009-02-03 11:42:00,True
2009-02-03 11:00:00,2009-02-03 12:00:00,Up,1341.036996,1334.880316,1335.160165,2009-02-03 12:00:00,2009-02-03 12:20:00,True
2009-02-03 20:00:00,2009-02-03 21:01:00,Up,1356.708547,1354.469754,1354.749603,2009-02-03 21:04:00,N/A,False
2009-02-03 23:00:00,2009-02-04 00:01:00,Up,1358.107793,1353.070509,1353.910056,2009-02-04 00:08:00,2009-02-04 00:36:00,True
2009-02-04 01:00:00,2009-02-04 02:00:00,Up,1355.309302,1350.551867,1351.391414,2009-02-04 02:02:00,2009-02-04 02:39:00,True
2009-02-04 04:00:00,2009-02-04 05:00:00,Up,1360.066737,1355.589151,1355.869,2009-02-04 05:00:00,N/A,False
2009-02-04 11:00:00,2009-02-04 12:00:00,Up,1385.533007,1376.018137,1376.857684,2009-02-04 12:00:00,2009-02-04 12:27:00,True
2009-02-05 13:00:00,2009-02-05 14:00:00,Up,1398.406067,1383.014365,1386.092705,2009-02-05 14:03:00,2009-02-05 14:20:00,True
2009-02-06 00:01:00,2009-02-06 01:01:00,Up,1386.092705,1382.454667,1382.734516,2009-02-06 01:02:00,2009-02-06 01:42:00,True
2009-02-06 06:00:00,2009-02-06 07:00:00,Up,1392.249386,1385.253158,1388.331498,2009-02-06 07:06:00,2009-02-06 07:30:00,True
2009-02-06 13:00:00,2009-02-06 14:00:00,Up,1432.26781,1422.193242,1426.11113,2009-02-06 14:04:00,2009-02-06 14:31:00,True
2009-02-09 02:00:00,2009-02-09 03:00:00,Up,1417.995505,1411.558975,1413.517919,2009-02-09 03:03:00,2009-02-09 03:24:00,True
2009-02-09 08:00:00,2009-02-09 09:00:00,Up,1430.029017,1419.394751,1426.11113,2009-02-09 09:04:00,2009-02-09 09:39:00,True
2009-02-09 17:00:00,2009-02-09 18:00:00,Up,1428.070074,1423.592488,1426.11113,2009-02-09 18:17:00,N/A,False
2009-02-10 07:00:00,2009-02-10 08:00:00,Up,1428.070074,1416.31641,1416.59626,2009-02-10 08:16:00,2009-02-10 08:20:00,True
2009-02-10 09:00:00,2009-02-10 10:00:00,Up,1435.905849,1417.435807,1419.954449,2009-02-10 10:03:00,N/A,False
2009-02-10 11:00:00,2009-02-10 12:00:00,Up,1398.965765,1386.932253,1393.368782,2009-02-10 12:07:00,N/A,False
2009-02-11 01:00:00,2009-02-11 02:00:00,Up,1383.574063,1379.096477,1382.174817,2009-02-11 02:09:00,2009-02-11 02:20:00,True
2009-02-11 05:02:00,2009-02-11 06:02:00,Up,1386.652403,1377.417382,1379.096477,2009-02-11 06:03:00,N/A,False
2009-02-11 08:00:00,2009-02-11 09:00:00,Up,1387.212102,1374.89874,1381.055421,2009-02-11 09:07:00,N/A,False
2009-02-11 11:00:00,2009-02-11 12:00:00,Up,1376.857684,1367.342814,1369.861456,2009-02-11 12:08:00,2009-02-11 12:20:00,True
2009-02-11 12:00:00,2009-02-11 13:00:00,Up,1373.779344,1354.189905,1356.148849,2009-02-11 13:15:00,2009-02-11 13:24:00,True
2009-02-12 01:00:00,2009-02-12 02:00:00,Up,1369.581607,1366.783116,1367.062965,2009-02-12 02:00:00,N/A,False
2009-02-12 03:00:00,2009-02-12 04:00:00,Up,1360.346586,1356.148849,1359.227189,2009-02-12 04:15:00,N/A,False
2009-02-12 04:00:00,2009-02-12 05:00:00,Up,1359.227189,1353.630207,1353.630207,2009-02-12 05:00:00,2009-02-12 05:20:00,True
2009-02-12 07:00:00,2009-02-12 08:00:00,Up,1367.902512,1356.988396,1364.824172,2009-02-12 08:18:00,N/A,False
2009-02-12 08:00:00,2009-02-12 09:00:00,Up,1365.38387,1348.872772,1354.189905,2009-02-12 09:01:00,2009-02-12 09:20:00,True
2009-02-12 11:00:00,2009-02-12 12:00:00,Up,1386.372554,1372.100249,1376.018137,2009-02-12 12:05:00,N/A,False
2009-02-12 13:00:00,2009-02-12 14:00:00,Up,1373.499495,1349.992168,1353.910056,2009-02-12 14:01:00,2009-02-12 14:20:00,True
2009-02-13 06:00:00,2009-02-13 07:00:00,Up,1404.842596,1396.726972,1397.28667,2009-02-13 07:14:00,N/A,False
2009-02-13 10:00:00,2009-02-13 11:00:00,Up,1396.167274,1382.174817,1382.174817,2009-02-13 11:18:00,2009-02-13 11:20:00,True
2009-02-13 13:00:00,2009-02-13 14:00:00,Up,1397.006821,1386.652403,1391.129989,2009-02-13 14:07:00,2009-02-13 14:31:00,True
2009-02-16 08:00:00,2009-02-16 09:00:00,Up,1372.939796,1366.223417,1366.223417,2009-02-16 09:00:00,N/A,False
2009-02-16 20:00:00,2009-02-16 21:01:00,Up,1352.230961,1349.992168,1350.831716,2009-02-16 21:08:00,2009-02-16 21:21:00,True
2009-02-17 00:06:00,2009-02-17 01:06:00,Up,1352.230961,1347.193677,1348.313074,2009-02-17 01:10:00,N/A,False
2009-02-17 03:00:00,2009-02-17 04:00:00,Up,1350.551867,1345.514582,1348.033225,2009-02-17 04:16:00,N/A,False
2009-02-17 04:00:00,2009-02-17 05:00:00,Up,1350.551867,1344.675035,1345.794432,2009-02-17 05:10:00,N/A,False
2009-02-17 07:00:00,2009-02-17 08:00:00,Up,1350.551867,1334.600467,1335.440014,2009-02-17 08:09:00,2009-02-17 08:20:00,True
2009-02-17 20:00:00,2009-02-17 21:00:00,Up,1335.440014,1327.324389,1327.604239,2009-02-17 21:18:00,2009-02-17 21:21:00,True
2009-02-18 02:00:00,2009-02-18 03:00:00,Up,1337.678807,1329.283333,1329.843032,2009-02-18 03:02:00,N/A,False
2009-02-18 03:00:00,2009-02-18 04:00:00,Up,1331.522126,1322.287105,1323.686351,2009-02-18 04:09:00,2009-02-18 04:21:00,True
2009-02-18 08:00:00,2009-02-18 09:00:00,Up,1342.716091,1324.805747,1325.925144,2009-02-18 09:00:00,2009-02-18 09:28:00,True
2009-02-18 11:00:00,2009-02-18 12:00:00,Up,1347.753375,1334.880316,1339.357902,2009-02-18 12:08:00,N/A,False
2009-02-18 12:00:00,2009-02-18 13:00:00,Up,1342.716091,1324.805747,1327.604239,2009-02-18 13:00:00,2009-02-18 13:21:00,True
2009-02-18 14:00:00,2009-02-18 15:00:00,Up,1336.83926,1328.163937,1329.003484,2009-02-18 15:00:00,N/A,False
2009-02-19 04:00:00,2009-02-19 05:00:00,Up,1332.081825,1329.283333,1329.283333,2009-02-19 05:00:00,2009-02-19 05:25:00,True
2009-02-19 08:00:00,2009-02-19 09:00:00,Up,1344.954884,1334.600467,1341.596695,2009-02-19 09:13:00,N/A,False
2009-02-19 09:00:00,2009-02-19 10:00:00,Up,1342.156393,1319.768463,1321.167709,2009-02-19 10:01:00,2009-02-19 10:20:00,True
2009-02-19 10:00:00,2009-02-19 11:00:00,Up,1328.723635,1314.45133,1316.130425,2009-02-19 11:03:00,2009-02-19 11:34:00,True
2009-02-19 13:00:00,2009-02-19 14:00:00,Up,1322.287105,1309.973744,1314.45133,2009-02-19 14:12:00,2009-02-19 14:48:00,True
2009-02-20 01:00:00,2009-02-20 02:00:00,Up,1303.257365,1299.339477,1301.298421,2009-02-20 02:06:00,N/A,False
2009-02-20 05:00:00,2009-02-20 06:00:00,Up,1294.861891,1291.223853,1292.0634,2009-02-20 06:12:00,2009-02-20 06:20:00,True
2009-02-20 07:00:00,2009-02-20 08:00:00,Up,1297.660382,1289.544758,1291.503702,2009-02-20 08:05:00,2009-02-20 08:22:00,True
2009-02-20 09:00:00,2009-02-20 10:00:00,Up,1311.932688,1299.339477,1302.417817,2009-02-20 10:15:00,2009-02-20 10:20:00,True
2009-02-20 11:00:00,2009-02-20 12:00:00,Up,1310.253593,1295.421589,1297.380533,2009-02-20 12:00:00,2009-02-20 12:53:00,True
2009-02-23 02:00:00,2009-02-23 03:00:00,Up,1338.798203,1331.242277,1332.081825,2009-02-23 03:15:00,2009-02-23 03:20:00,True
2009-02-23 04:00:00,2009-02-23 05:00:00,Up,1337.119109,1328.723635,1329.283333,2009-02-23 05:01:00,2009-02-23 05:54:00,True
2009-02-23 05:00:00,2009-02-23 06:00:00,Up,1330.40273,1323.686351,1327.604239,2009-02-23 06:07:00,N/A,False
2009-02-23 07:00:00,2009-02-23 08:00:00,Up,1328.723635,1319.768463,1325.085596,2009-02-23 08:17:00,N/A,False
2009-02-23 08:00:00,2009-02-23 09:00:00,Up,1325.365446,1299.339477,1300.738723,2009-02-23 09:02:00,N/A,False
2009-02-23 09:00:00,2009-02-23 10:00:00,Up,1302.417817,1287.865663,1288.425361,2009-02-23 10:08:00,2009-02-23 10:20:00,True
2009-02-23 10:00:00,2009-02-23 11:00:00,Up,1294.022344,1279.19034,1281.988832,2009-02-23 11:04:00,2009-02-23 11:20:00,True
2009-02-23 11:00:00,2009-02-23 12:00:00,Up,1284.227625,1272.473961,1272.75381,2009-02-23 12:00:00,2009-02-23 12:20:00,True
2009-02-23 13:00:00,2009-02-23 14:00:00,Up,1286.186568,1267.716526,1268.556074,2009-02-23 14:00:00,2009-02-23 14:20:00,True
2009-02-23 17:00:00,2009-02-23 18:01:00,Up,1273.593358,1269.955319,1270.515017,2009-02-23 18:03:00,2009-02-23 18:21:00,True
2009-02-24 02:00:00,2009-02-24 03:00:00,Up,1285.347021,1276.112,1276.112,2009-02-24 03:00:00,2009-02-24 03:21:00,True
2009-02-24 06:00:00,2009-02-24 07:00:00,Up,1280.869435,1274.153056,1276.391849,2009-02-24 07:06:00,2009-02-24 07:23:00,True
2009-02-24 10:00:00,2009-02-24 11:00:00,Up,1290.104456,1276.671698,1278.070944,2009-02-24 11:06:00,2009-02-24 11:20:00,True
2009-02-24 20:00:00,2009-02-24 21:00:00,Up,1304.376761,1299.899175,1302.697667,2009-02-24 21:10:00,N/A,False
2009-02-25 02:00:00,2009-02-25 03:00:00,Up,1305.496158,1298.779779,1301.298421,2009-02-25 03:07:00,2009-02-25 03:36:00,True
2009-02-25 05:00:00,2009-02-25 06:00:00,Up,1307.734951,1295.14174,1295.981288,2009-02-25 06:00:00,2009-02-25 06:20:00,True
2009-02-25 08:00:00,2009-02-25 09:00:00,Up,1303.537214,1294.861891,1295.981288,2009-02-25 09:00:00,N/A,False
2009-02-26 11:00:00,2009-02-26 12:00:00,Up,1302.137968,1288.425361,1290.104456,2009-02-26 12:02:00,2009-02-26 12:42:00,True
2009-02-26 13:00:00,2009-02-26 14:00:00,Up,1289.264909,1268.276225,1272.194112,2009-02-26 14:01:00,2009-02-26 14:36:00,True
2009-02-27 02:00:00,2009-02-27 03:00:00,Up,1273.873207,1265.757582,1266.037432,2009-02-27 03:00:00,2009-02-27 03:20:00,True
2009-02-27 05:00:00,2009-02-27 06:00:00,Up,1271.354565,1262.119544,1264.078488,2009-02-27 06:00:00,N/A,False
2009-02-27 09:00:00,2009-02-27 10:00:00,Up,1270.515017,1255.962863,1261.000147,2009-02-27 10:06:00,2009-02-27 10:42:00,True
2009-02-27 13:00:00,2009-02-27 14:00:00,Up,1271.354565,1256.80241,1266.59713,2009-02-27 14:11:00,N/A,False
2009-03-01 17:00:00,2009-03-01 18:00:00,Up,1248.127088,1234.69433,1237.492821,2009-03-01 18:11:00,2009-03-01 18:26:00,True
2009-03-01 20:01:00,2009-03-01 21:01:00,Up,1236.933123,1226.298856,1230.216744,2009-03-01 21:17:00,N/A,False
2009-03-02 02:00:00,2009-03-02 03:00:00,Up,1235.254028,1227.977951,1229.377196,2009-03-02 03:03:00,2009-03-02 03:20:00,True
2009-03-02 04:00:00,2009-03-02 05:00:00,Up,1234.69433,1226.298856,1227.138403,2009-03-02 05:14:00,N/A,False
2009-03-02 09:00:00,2009-03-02 10:00:00,Up,1247.567389,1225.739158,1227.418253,2009-03-02 10:06:00,2009-03-02 10:20:00,True
2009-03-02 11:00:00,2009-03-02 12:00:00,Up,1223.500365,1210.347456,1211.466853,2009-03-02 12:18:00,2009-03-02 12:41:00,True
2009-03-02 13:00:00,2009-03-02 14:00:00,Up,1221.82127,1208.94821,1211.466853,2009-03-02 14:01:00,2009-03-02 14:28:00,True
2009-03-03 03:00:00,2009-03-03 04:00:00,Up,1227.418253,1217.063835,1217.903382,2009-03-03 04:03:00,2009-03-03 04:20:00,True
2009-03-03 08:00:00,2009-03-03 09:00:00,Up,1226.858554,1215.38474,1217.623533,2009-03-03 09:00:00,2009-03-03 09:22:00,True
2009-03-03 09:00:00,2009-03-03 10:00:00,Up,1222.101119,1210.067607,1212.026551,2009-03-03 10:03:00,N/A,False
2009-03-03 14:00:00,2009-03-03 15:00:00,Up,1228.817498,1209.22806,1209.787758,2009-03-03 15:00:00,N/A,False
2009-03-04 04:00:00,2009-03-04 05:00:00,Up,1221.82127,1216.224288,1219.022779,2009-03-04 05:08:00,N/A,False
2009-03-04 05:00:00,2009-03-04 06:00:00,Up,1219.302628,1215.38474,1217.903382,2009-03-04 06:02:00,2009-03-04 06:33:00,True
2009-03-04 10:00:00,2009-03-04 11:00:00,Up,1250.365881,1239.171916,1247.567389,2009-03-04 11:16:00,N/A,False
2009-03-04 11:00:00,2009-03-04 12:00:00,Up,1249.526333,1237.77267,1239.731614,2009-03-04 12:02:00,2009-03-04 12:20:00,True
2009-03-05 02:00:00,2009-03-05 03:00:00,Up,1233.574933,1227.698102,1227.977951,2009-03-05 03:00:00,2009-03-05 03:48:00,True
2009-03-05 04:00:00,2009-03-05 05:00:00,Up,1231.895839,1223.500365,1224.339912,2009-03-05 05:09:00,N/A,False
2009-03-05 09:00:00,2009-03-05 10:00:00,Up,1237.212972,1216.504137,1217.343684,2009-03-05 10:15:00,N/A,False
2009-03-05 10:00:00,2009-03-05 11:00:00,Up,1221.541421,1207.548965,1211.187003,2009-03-05 11:03:00,2009-03-05 11:22:00,True
2009-03-05 12:00:00,2009-03-05 13:00:00,Up,1219.302628,1207.269116,1211.187003,2009-03-05 13:10:00,N/A,False
2009-03-06 00:00:00,2009-03-06 01:00:00,Up,1213.985495,1210.347456,1211.746702,2009-03-06 01:08:00,2009-03-06 01:31:00,True
2009-03-06 03:00:00,2009-03-06 04:00:00,Up,1216.504137,1212.026551,1212.866098,2009-03-06 04:02:00,N/A,False
2009-03-06 04:00:00,2009-03-06 05:00:00,Up,1212.866098,1202.231832,1205.590021,2009-03-06 05:12:00,2009-03-06 05:36:00,True
2009-03-06 08:00:00,2009-03-06 09:00:00,Up,1218.183232,1202.231832,1203.631077,2009-03-06 09:01:00,N/A,False
2009-03-06 09:00:00,2009-03-06 10:00:00,Up,1205.86987,1171.728277,1173.407372,2009-03-06 10:02:00,2009-03-06 10:20:00,True
2009-03-06 13:00:00,2009-03-06 14:00:00,Up,1184.881186,1169.489484,1170.608881,2009-03-06 14:04:00,2009-03-06 14:20:00,True
2009-03-09 00:00:00,2009-03-09 01:00:00,Up,1205.310172,1200.552737,1200.552737,2009-03-09 01:00:00,2009-03-09 01:33:00,True
2009-03-09 01:00:00,2009-03-09 02:00:00,Up,1205.590021,1196.914698,1203.910926,2009-03-09 02:11:00,N/A,False
2009-03-09 02:00:00,2009-03-09 03:00:00,Up,1203.910926,1187.399828,1192.99681,2009-03-09 03:14:00,N/A,False
2009-03-09 04:00:00,2009-03-09 05:00:00,Up,1194.955754,1187.959526,1190.198319,2009-03-09 05:03:00,2009-03-09 05:21:00,True
2009-03-09 06:00:00,2009-03-09 07:00:00,Up,1194.955754,1185.440884,1189.078923,2009-03-09 07:13:00,2009-03-09 07:34:00,True
2009-03-09 08:00:00,2009-03-09 09:00:00,Up,1217.623533,1188.239375,1188.519225,2009-03-09 09:00:00,2009-03-09 09:20:00,True
2009-03-09 10:00:00,2009-03-09 11:00:00,Up,1194.116207,1180.123751,1182.082695,2009-03-09 11:00:00,N/A,False
2009-03-09 12:00:00,2009-03-09 13:00:00,Up,1182.642393,1168.929786,1172.287975,2009-03-09 13:11:00,2009-03-09 13:32:00,True
2009-03-10 11:00:00,2009-03-10 12:00:00,Up,1241.690558,1231.056291,1234.134632,2009-03-10 12:15:00,2009-03-10 12:26:00,True
2009-03-11 00:00:00,2009-03-11 01:00:00,Up,1247.28754,1242.250256,1242.809954,2009-03-11 01:14:00,2009-03-11 01:47:00,True
2009-03-11 02:00:00,2009-03-11 03:00:00,Up,1244.768898,1237.492821,1237.492821,2009-03-11 03:00:00,2009-03-11 03:20:00,True
2009-03-12 04:00:00,2009-03-12 05:00:00,Up,1248.966635,1244.2092,1244.2092,2009-03-12 05:04:00,2009-03-12 05:24:00,True
2009-03-12 11:00:00,2009-03-12 12:00:00,Up,1287.585814,1281.429133,1284.507474,2009-03-12 12:07:00,2009-03-12 12:20:00,True
2009-03-13 05:00:00,2009-03-13 06:00:00,Up,1315.580854,1308.020045,1309.700225,2009-03-13 06:14:00,N/A,False
2009-03-13 08:00:00,2009-03-13 09:00:00,Up,1309.420195,1294.298576,1296.818846,2009-03-13 09:07:00,N/A,False
2009-03-13 09:00:00,2009-03-13 10:00:00,Up,1300.179205,1286.457736,1289.258036,2009-03-13 10:16:00,2009-03-13 10:25:00,True
2009-03-16 04:00:00,2009-03-16 05:00:00,Up,1321.741514,1315.580854,1315.860884,2009-03-16 05:08:00,2009-03-16 05:20:00,True
2009-03-16 07:00:00,2009-03-16 08:00:00,Up,1315.860884,1295.418696,1299.339115,2009-03-16 08:06:00,N/A,False
2009-03-16 11:00:00,2009-03-16 12:00:00,Up,1313.340615,1300.179205,1301.579355,2009-03-16 12:03:00,2009-03-16 12:20:00,True
2009-03-16 12:00:00,2009-03-16 13:00:00,Up,1303.819595,1294.018546,1295.138666,2009-03-16 13:02:00,N/A,False
2009-03-17 00:00:00,2009-03-17 01:00:00,Up,1300.739265,1297.938966,1298.218995,2009-03-17 01:02:00,2009-03-17 01:21:00,True
2009-03-17 01:00:00,2009-03-17 02:00:00,Up,1299.899175,1292.338366,1293.738516,2009-03-17 02:01:00,2009-03-17 02:32:00,True
2009-03-17 04:00:00,2009-03-17 05:00:00,Up,1300.739265,1293.178456,1293.738516,2009-03-17 05:00:00,N/A,False
2009-03-17 05:00:00,2009-03-17 06:00:00,Up,1293.738516,1287.577856,1288.417946,2009-03-17 06:05:00,2009-03-17 06:22:00,True
2009-03-17 11:00:00,2009-03-17 12:00:00,Up,1316.700974,1306.619895,1308.020045,2009-03-17 12:03:00,2009-03-17 12:20:00,True
2009-03-18 02:00:00,2009-03-18 03:00:00,Up,1333.502773,1328.742264,1329.302323,2009-03-18 03:01:00,2009-03-18 03:50:00,True
2009-03-18 05:00:00,2009-03-18 06:00:00,Up,1336.303073,1329.022293,1329.022293,2009-03-18 06:00:00,2009-03-18 06:20:00,True
2009-03-18 06:00:00,2009-03-18 07:00:00,Up,1331.542563,1327.902174,1330.142413,2009-03-18 07:02:00,2009-03-18 07:37:00,True
2009-03-19 07:00:00,2009-03-19 08:00:00,Up,1369.626641,1349.184452,1349.464482,2009-03-19 08:01:00,2009-03-19 08:20:00,True
2009-03-19 10:00:00,2009-03-19 11:00:00,Up,1349.184452,1340.783553,1343.023793,2009-03-19 11:09:00,2009-03-19 11:20:00,True
2009-03-20 02:00:00,2009-03-20 03:00:00,Up,1345.264032,1341.063583,1344.984002,2009-03-20 03:14:00,N/A,False
2009-03-20 03:00:00,2009-03-20 04:00:00,Up,1344.984002,1339.383403,1342.743763,2009-03-20 04:15:00,2009-03-20 04:37:00,True
2009-03-20 08:00:00,2009-03-20 09:00:00,Up,1359.825591,1351.424692,1358.145412,2009-03-20 09:11:00,N/A,False
2009-03-20 09:00:00,2009-03-20 10:00:00,Up,1358.145412,1344.984002,1346.944212,2009-03-20 10:05:00,2009-03-20 10:20:00,True
2009-03-20 10:00:00,2009-03-20 11:00:00,Up,1350.584602,1333.222743,1335.743013,2009-03-20 11:11:00,N/A,False
2009-03-20 11:00:00,2009-03-20 12:00:00,Up,1336.583103,1321.741514,1322.861634,2009-03-20 12:00:00,2009-03-20 12:20:00,True
2009-03-22 17:02:00,2009-03-22 18:02:00,Up,1339.663433,1335.462983,1336.303073,2009-03-22 18:05:00,2009-03-22 18:22:00,True
2009-03-23 03:00:00,2009-03-23 04:00:00,Up,1367.106371,1363.185951,1366.546311,2009-03-23 04:16:00,2009-03-23 04:38:00,True
2009-03-23 04:00:00,2009-03-23 05:00:00,Up,1366.826341,1362.905921,1364.866131,2009-03-23 05:06:00,2009-03-23 05:35:00,True
2009-03-23 05:00:00,2009-03-23 06:00:00,Up,1369.626641,1361.505771,1366.826341,2009-03-23 06:10:00,N/A,False
2009-03-23 10:00:00,2009-03-23 11:00:00,Up,1385.02829,1377.74751,1377.74751,2009-03-23 11:02:00,2009-03-23 11:20:00,True
2009-03-23 16:00:00,2009-03-23 17:01:00,Up,1405.750508,1402.110119,1402.110119,2009-03-23 17:01:00,N/A,False
2009-03-23 19:00:00,2009-03-23 20:00:00,Up,1400.429939,1396.789549,1396.789549,2009-03-23 20:00:00,2009-03-23 20:46:00,True
2009-03-24 01:00:00,2009-03-24 02:00:00,Up,1399.869879,1396.509519,1398.749759,2009-03-24 02:01:00,N/A,False
2009-03-24 02:00:00,2009-03-24 03:00:00,Up,1398.749759,1392.309069,1395.109369,2009-03-24 03:17:00,N/A,False
2009-03-24 03:00:00,2009-03-24 04:00:00,Up,1395.109369,1388.66868,1389.22874,2009-03-24 04:06:00,2009-03-24 04:20:00,True
2009-03-24 05:00:00,2009-03-24 06:00:00,Up,1395.389399,1392.029039,1393.709219,2009-03-24 06:17:00,2009-03-24 06:23:00,True
2009-03-24 12:00:00,2009-03-24 13:00:00,Up,1401.550059,1388.94871,1391.749009,2009-03-24 13:05:00,2009-03-24 13:21:00,True
2009-03-25 00:00:00,2009-03-25 01:00:00,Up,1392.029039,1388.10862,1388.94871,2009-03-25 01:01:00,N/A,False
2009-03-25 03:00:00,2009-03-25 04:00:00,Up,1392.869129,1388.66868,1389.50877,2009-03-25 04:18:00,2009-03-25 04:27:00,True
2009-03-25 04:00:00,2009-03-25 05:00:00,Up,1391.749009,1386.70847,1387.54856,2009-03-25 05:03:00,2009-03-25 05:32:00,True
2009-03-25 05:00:00,2009-03-25 06:00:00,Up,1388.94871,1383.62814,1385.02829,2009-03-25 06:10:00,2009-03-25 06:20:00,True
2009-03-25 08:00:00,2009-03-25 09:00:00,Up,1413.031288,1400.709969,1402.670179,2009-03-25 09:17:00,2009-03-25 09:46:00,True
2009-03-25 10:00:00,2009-03-25 11:00:00,Up,1405.470479,1386.70847,1390.908919,2009-03-25 11:12:00,N/A,False
2009-03-25 11:00:00,2009-03-25 12:00:00,Up,1393.429189,1370.186701,1373.827091,2009-03-25 12:01:00,N/A,False
2009-03-25 12:00:00,2009-03-25 13:00:00,Up,1374.387151,1351.144662,1353.944962,2009-03-25 13:01:00,2009-03-25 13:20:00,True
2009-03-26 01:00:00,2009-03-26 02:00:00,Up,1402.950209,1399.309819,1400.429939,2009-03-26 02:01:00,2009-03-26 02:20:00,True
2009-03-26 02:00:00,2009-03-26 03:00:00,Up,1402.110119,1394.269279,1395.389399,2009-03-26 03:03:00,2009-03-26 03:20:00,True
2009-03-26 12:00:00,2009-03-26 13:00:00,Up,1430.673177,1413.591348,1413.591348,2009-03-26 13:00:00,2009-03-26 13:20:00,True
2009-03-27 01:00:00,2009-03-27 02:00:00,Up,1423.952457,1417.791798,1418.071828,2009-03-27 02:00:00,2009-03-27 02:20:00,True
2009-03-27 03:01:00,2009-03-27 04:01:00,Up,1421.992247,1414.991498,1417.791798,2009-03-27 04:13:00,N/A,False
2009-03-27 05:00:00,2009-03-27 06:00:00,Up,1420.032038,1407.710718,1410.511018,2009-03-27 06:02:00,2009-03-27 06:20:00,True
2009-03-27 06:00:00,2009-03-27 07:00:00,Up,1412.751258,1406.870628,1408.550808,2009-03-27 07:07:00,2009-03-27 07:20:00,True
2009-03-27 07:00:00,2009-03-27 08:00:00,Up,1415.831588,1405.750508,1410.511018,2009-03-27 08:08:00,2009-03-27 08:24:00,True
2009-03-27 10:00:00,2009-03-27 11:00:00,Up,1418.911918,1405.470479,1406.030538,2009-03-27 11:00:00,2009-03-27 11:32:00,True
2009-03-29 19:01:00,2009-03-29 20:01:00,Up,1403.230239,1399.309819,1400.429939,2009-03-29 20:08:00,N/A,False
2009-03-29 22:02:00,2009-03-29 23:02:00,Up,1393.429189,1388.94871,1388.94871,2009-03-29 23:02:00,N/A,False
2009-03-30 00:00:00,2009-03-30 01:00:00,Up,1386.14841,1381.3879,1382.50802,2009-03-30 01:01:00,N/A,False
2009-03-30 07:00:00,2009-03-30 08:00:00,Up,1383.90817,1378.5876,1380.82784,2009-03-30 08:12:00,N/A,False
2009-03-31 04:00:00,2009-03-31 05:00:00,Up,1388.10862,1383.62814,1384.46823,2009-03-31 05:04:00,2009-03-31 05:27:00,True
2009-03-31 14:00:00,2009-03-31 15:00:00,Up,1404.910419,1377.74751,1380.54781,2009-03-31 15:06:00,2009-03-31 15:25:00,True
2009-03-31 18:00:00,2009-03-31 19:00:00,Up,1374.667181,1368.506521,1369.626641,2009-03-31 19:01:00,N/A,False
2009-04-01 02:00:00,2009-04-01 03:00:00,Up,1379.42769,1365.426191,1367.666431,2009-04-01 03:05:00,2009-04-01 03:20:00,True
2009-04-01 06:00:00,2009-04-01 07:00:00,Up,1377.18745,1370.466731,1371.026791,2009-04-01 07:06:00,N/A,False
2009-04-01 07:00:00,2009-04-01 08:00:00,Up,1374.667181,1363.746011,1364.586101,2009-04-01 08:17:00,N/A,False
2009-04-01 11:00:00,2009-04-01 12:00:00,Up,1399.869879,1389.7888,1391.188949,2009-04-01 12:08:00,2009-04-01 12:20:00,True
2009-04-01 13:00:00,2009-04-01 14:00:00,Up,1404.910419,1396.789549,1402.110119,2009-04-01 14:01:00,2009-04-01 14:35:00,True
2009-04-02 01:00:00,2009-04-02 02:00:00,Up,1421.432187,1415.831588,1416.111618,2009-04-02 02:00:00,2009-04-02 02:20:00,True
2009-04-02 05:00:00,2009-04-02 06:00:00,Up,1438.233986,1430.673177,1431.233237,2009-04-02 06:01:00,N/A,False
2009-04-02 19:00:00,2009-04-02 20:00:00,Up,1460.916415,1456.995995,1457.276025,2009-04-02 20:01:00,2009-04-02 20:34:00,True
2009-04-02 20:00:00,2009-04-02 21:00:00,Up,1457.836085,1455.315815,1455.595845,2009-04-02 21:11:00,2009-04-02 21:32:00,True
2009-04-02 23:00:00,2009-04-03 00:01:00,Up,1458.956205,1453.635635,1453.915665,2009-04-03 00:11:00,2009-04-03 00:22:00,True
2009-04-03 00:01:00,2009-04-03 01:02:00,Up,1455.875875,1453.075575,1454.195695,2009-04-03 01:04:00,N/A,False
2009-04-03 01:00:00,2009-04-03 02:00:00,Up,1455.035785,1449.715216,1449.995246,2009-04-03 02:02:00,2009-04-03 02:20:00,True
2009-04-03 06:00:00,2009-04-03 07:00:00,Up,1469.317314,1462.036535,1466.236985,2009-04-03 07:19:00,2009-04-03 07:28:00,True
2009-04-03 07:00:00,2009-04-03 08:00:00,Up,1472.957704,1456.435935,1459.236235,2009-04-03 08:02:00,2009-04-03 08:30:00,True
2009-04-03 08:00:00,2009-04-03 09:00:00,Up,1466.517015,1452.235485,1456.715965,2009-04-03 09:01:00,2009-04-03 09:29:00,True
2009-04-03 13:00:00,2009-04-03 14:00:00,Up,1474.637884,1464.556805,1471.277524,2009-04-03 14:07:00,2009-04-03 14:58:00,True
2009-04-06 01:01:00,2009-04-06 02:01:00,Up,1482.758753,1474.077824,1474.357854,2009-04-06 02:19:00,2009-04-06 02:21:00,True
2009-04-06 03:00:00,2009-04-06 04:00:00,Up,1484.718963,1478.838334,1482.198694,2009-04-06 04:10:00,2009-04-06 04:31:00,True
2009-04-06 04:00:00,2009-04-06 05:00:00,Up,1483.878873,1477.998244,1478.278274,2009-04-06 05:06:00,2009-04-06 05:20:00,True
2009-04-06 05:00:00,2009-04-06 06:00:00,Up,1480.798544,1477.158154,1478.278274,2009-04-06 06:08:00,N/A,False
2009-04-06 06:00:00,2009-04-06 07:00:00,Up,1478.278274,1465.116865,1465.956955,2009-04-06 07:12:00,N/A,False
2009-04-06 07:00:00,2009-04-06 08:00:00,Up,1467.917164,1451.955455,1454.475725,2009-04-06 08:02:00,2009-04-06 08:29:00,True
2009-04-06 09:00:00,2009-04-06 10:00:00,Up,1456.435935,1441.034286,1444.954706,2009-04-06 10:06:00,2009-04-06 10:20:00,True
2009-04-06 21:00:00,2009-04-06 22:00:00,Up,1470.437434,1465.956955,1466.517015,2009-04-06 22:05:00,2009-04-06 22:21:00,True
2009-04-07 02:00:00,2009-04-07 03:00:00,Up,1474.917914,1465.956955,1467.357104,2009-04-07 03:11:00,N/A,False
2009-04-07 04:00:00,2009-04-07 05:00:00,Up,1455.875875,1452.515515,1453.915665,2009-04-07 05:15:00,2009-04-07 05:20:00,True
2009-04-07 11:00:00,2009-04-07 12:00:00,Up,1441.314316,1435.433687,1438.794046,2009-04-07 12:06:00,N/A,False
2009-04-08 04:00:00,2009-04-08 05:00:00,Up,1430.953207,1421.992247,1422.552307,2009-04-08 05:00:00,2009-04-08 05:20:00,True
2009-04-08 12:00:00,2009-04-08 13:00:00,Up,1460.076325,1452.235485,1455.035785,2009-04-08 13:01:00,N/A,False
2009-04-08 13:00:00,2009-04-08 14:00:00,Up,1455.595845,1443.554556,1446.074826,2009-04-08 14:03:00,2009-04-08 14:20:00,True
2009-04-09 01:00:00,2009-04-09 02:00:00,Up,1470.717464,1467.077075,1467.357104,2009-04-09 02:00:00,N/A,False
2009-04-09 02:00:00,2009-04-09 03:00:00,Up,1467.357104,1461.196445,1465.396895,2009-04-09 03:19:00,N/A,False
2009-04-09 05:00:00,2009-04-09 06:00:00,Up,1468.197194,1463.436685,1464.836835,2009-04-09 06:11:00,N/A,False
2009-04-09 09:00:00,2009-04-09 10:00:00,Up,1501.240732,1491.439683,1491.999743,2009-04-09 10:00:00,2009-04-09 10:20:00,True
2009-04-13 09:00:00,2009-04-13 10:00:00,Up,1495.360103,1484.438933,1484.998993,2009-04-13 10:00:00,2009-04-13 10:27:00,True
2009-04-14 07:00:00,2009-04-14 08:00:00,Up,1502.080822,1484.158903,1485.559053,2009-04-14 08:07:00,2009-04-14 08:20:00,True
2009-04-14 10:00:00,2009-04-14 11:00:00,Up,1493.679923,1481.918664,1484.718963,2009-04-14 11:14:00,N/A,False
2009-04-14 11:00:00,2009-04-14 12:00:00,Up,1484.998993,1470.717464,1472.117614,2009-04-14 12:06:00,2009-04-14 12:21:00,True
2009-04-14 14:00:00,2009-04-14 15:00:00,Up,1486.679173,1476.878124,1477.718214,2009-04-14 15:00:00,2009-04-14 15:21:00,True
2009-04-14 22:00:00,2009-04-14 23:00:00,Up,1465.676925,1462.876625,1463.156655,2009-04-14 23:08:00,2009-04-14 23:24:00,True
2009-04-15 06:00:00,2009-04-15 07:00:00,Up,1478.558304,1469.877374,1470.157404,2009-04-15 07:00:00,2009-04-15 07:29:00,True
2009-04-15 07:00:00,2009-04-15 08:00:00,Up,1474.357854,1467.637134,1469.877374,2009-04-15 08:16:00,N/A,False
2009-04-15 09:00:00,2009-04-15 10:00:00,Up,1473.517764,1459.516265,1459.796295,2009-04-15 10:00:00,2009-04-15 10:35:00,True
2009-04-15 12:00:00,2009-04-15 13:00:00,Up,1470.437434,1462.316565,1465.116865,2009-04-15 13:16:00,N/A,False
2009-04-16 01:00:00,2009-04-16 02:00:00,Up,1477.998244,1470.997494,1473.237734,2009-04-16 02:12:00,N/A,False
2009-04-16 02:00:00,2009-04-16 03:00:00,Up,1474.357854,1465.676925,1465.956955,2009-04-16 03:02:00,2009-04-16 03:20:00,True
2009-04-16 04:00:00,2009-04-16 05:00:00,Up,1474.077824,1468.757254,1470.157404,2009-04-16 05:00:00,2009-04-16 05:20:00,True
2009-04-16 14:00:00,2009-04-16 15:00:00,Up,1521.402891,1510.761752,1512.161902,2009-04-16 15:00:00,2009-04-16 15:20:00,True
2009-04-17 01:00:00,2009-04-17 02:00:00,Up,1506.561302,1502.080822,1502.920912,2009-04-17 02:00:00,2009-04-17 02:22:00,True
2009-04-17 03:00:00,2009-04-17 04:00:00,Up,1503.200942,1499.280522,1499.840582,2009-04-17 04:09:00,2009-04-17 04:20:00,True
2009-04-20 02:00:00,2009-04-20 03:00:00,Up,1510.201692,1504.321062,1504.321062,2009-04-20 03:01:00,N/A,False
2009-04-20 03:00:00,2009-04-20 04:00:00,Up,1504.881122,1497.880373,1499.560552,2009-04-20 04:07:00,N/A,False
2009-04-20 04:00:00,2009-04-20 05:00:00,Up,1499.560552,1489.479473,1489.759503,2009-04-20 05:05:00,2009-04-20 05:20:00,True
2009-04-20 06:00:00,2009-04-20 07:00:00,Up,1494.800043,1485.559053,1486.679173,2009-04-20 07:16:00,2009-04-20 07:34:00,True
2009-04-20 08:00:00,2009-04-20 09:00:00,Up,1493.119863,1480.798544,1481.918664,2009-04-20 09:00:00,N/A,False
2009-04-20 09:00:00,2009-04-20 10:00:00,Up,1482.478724,1463.716715,1466.236985,2009-04-20 10:04:00,2009-04-20 10:20:00,True
2009-04-20 10:00:00,2009-04-20 11:00:00,Up,1472.397644,1463.156655,1465.396895,2009-04-20 11:02:00,2009-04-20 11:20:00,True
2009-04-21 00:00:00,2009-04-21 01:00:00,Up,1480.238484,1477.158154,1478.558304,2009-04-21 01:01:00,N/A,False
2009-04-21 01:00:00,2009-04-21 02:00:00,Up,1478.558304,1474.637884,1476.598094,2009-04-21 02:05:00,2009-04-21 02:27:00,True
2009-04-21 04:00:00,2009-04-21 05:00:00,Up,1479.958454,1472.397644,1472.397644,2009-04-21 05:00:00,2009-04-21 05:20:00,True
2009-04-21 05:00:00,2009-04-21 06:00:00,Up,1476.878124,1464.556805,1467.357104,2009-04-21 06:02:00,2009-04-21 06:21:00,True
2009-04-21 06:00:00,2009-04-21 07:00:00,Up,1468.757254,1462.036535,1465.676925,2009-04-21 07:09:00,N/A,False
2009-04-21 07:00:00,2009-04-21 08:00:00,Up,1465.956955,1460.076325,1461.756505,2009-04-21 08:01:00,2009-04-21 08:30:00,True
2009-04-21 11:00:00,2009-04-21 12:00:00,Up,1486.119113,1480.238484,1481.078574,2009-04-21 12:01:00,2009-04-21 12:42:00,True
2009-04-21 12:00:00,2009-04-21 13:00:00,Up,1482.758753,1473.517764,1476.598094,2009-04-21 13:05:00,2009-04-21 13:30:00,True
2009-04-22 01:01:00,2009-04-22 02:01:00,Up,1483.318813,1477.438184,1477.998244,2009-04-22 02:01:00,2009-04-22 02:51:00,True
2009-04-22 04:00:00,2009-04-22 05:00:00,Up,1481.918664,1476.598094,1479.958454,2009-04-22 05:08:00,2009-04-22 05:20:00,True
2009-04-22 06:00:00,2009-04-22 07:00:00,Up,1486.679173,1475.758004,1484.158903,2009-04-22 07:19:00,N/A,False
2009-04-22 14:00:00,2009-04-22 15:00:00,Up,1525.603341,1490.599593,1492.279773,2009-04-22 15:00:00,2009-04-22 15:30:00,True
2009-04-23 08:00:00,2009-04-23 09:00:00,Up,1508.521512,1489.759503,1492.279773,2009-04-23 09:00:00,2009-04-23 09:20:00,True
2009-04-23 09:00:00,2009-04-23 10:00:00,Up,1502.920912,1484.998993,1486.959203,2009-04-23 10:00:00,N/A,False
2009-04-23 12:00:00,2009-04-23 13:00:00,Up,1501.240732,1492.279773,1498.720462,2009-04-23 13:11:00,2009-04-23 13:39:00,True
2009-04-23 13:00:00,2009-04-23 14:00:00,Up,1502.920912,1490.879623,1495.640133,2009-04-23 14:10:00,2009-04-23 14:40:00,True
2009-04-24 12:00:00,2009-04-24 13:00:00,Up,1537.92466,1530.08382,1530.92391,2009-04-24 13:00:00,2009-04-24 13:29:00,True
2009-04-26 18:01:00,2009-04-26 19:01:00,Up,1523.363101,1521.122861,1522.523011,2009-04-26 19:05:00,2009-04-26 19:53:00,True
2009-04-26 21:00:00,2009-04-26 22:00:00,Up,1520.002741,1516.642381,1516.922411,2009-04-26 22:05:00,2009-04-26 22:26:00,True
2009-04-27 01:00:00,2009-04-27 02:00:00,Up,1521.122861,1513.001992,1514.402141,2009-04-27 02:06:00,2009-04-27 02:27:00,True
2009-04-27 06:00:00,2009-04-27 07:00:00,Up,1520.842831,1515.242231,1518.602591,2009-04-27 07:13:00,N/A,False
2009-04-27 11:00:00,2009-04-27 12:00:00,Up,1549.125859,1537.3646,1539.04478,2009-04-27 12:01:00,N/A,False
2009-04-27 12:00:00,2009-04-27 13:00:00,Up,1539.60484,1526.723461,1530.36385,2009-04-27 13:09:00,2009-04-27 13:23:00,True
2009-04-28 11:00:00,2009-04-28 12:00:00,Up,1540.44493,1533.16415,1537.64463,2009-04-28 12:08:00,N/A,False
2009-04-29 05:00:00,2009-04-29 06:00:00,Up,1540.72496,1536.80454,1537.64463,2009-04-29 06:04:00,N/A,False
2009-04-29 12:00:00,2009-04-29 13:00:00,Up,1558.926909,1551.646129,1553.886369,2009-04-29 13:17:00,2009-04-29 13:20:00,True
2009-04-30 06:00:00,2009-04-30 07:00:00,Up,1573.208438,1568.727958,1570.128108,2009-04-30 07:00:00,N/A,False
2009-04-30 07:00:00,2009-04-30 08:00:00,Up,1570.128108,1563.407388,1565.927658,2009-04-30 08:11:00,2009-04-30 08:35:00,True
2009-04-30 10:00:00,2009-04-30 11:00:00,Up,1587.489967,1577.968947,1578.809037,2009-04-30 11:04:00,2009-04-30 11:20:00,True
2009-04-30 11:00:00,2009-04-30 12:00:00,Up,1580.489217,1563.687418,1567.327808,2009-04-30 12:19:00,N/A,False
2009-04-30 13:00:00,2009-04-30 14:00:00,Up,1567.607838,1556.966699,1562.567298,2009-04-30 14:02:00,2009-04-30 14:47:00,True
2009-05-01 06:00:00,2009-05-01 07:00:00,Up,1569.288018,1565.927658,1566.487718,2009-05-01 07:11:00,2009-05-01 07:20:00,True
2009-05-01 07:00:00,2009-05-01 08:00:00,Up,1567.327808,1561.727208,1562.287268,2009-05-01 08:01:00,N/A,False
2009-05-01 08:00:00,2009-05-01 09:00:00,Up,1562.567298,1550.245979,1556.126609,2009-05-01 09:18:00,N/A,False
2009-05-01 10:00:00,2009-05-01 11:00:00,Up,1561.727208,1553.046279,1554.446429,2009-05-01 11:01:00,2009-05-01 11:20:00,True
2009-05-01 13:00:00,2009-05-01 14:00:00,Up,1568.447928,1559.206939,1560.047028,2009-05-01 14:09:00,2009-05-01 14:57:00,True
2009-05-04 04:00:00,2009-05-04 05:00:00,Up,1581.889367,1577.688917,1578.809037,2009-05-04 05:04:00,N/A,False
2009-05-04 10:00:00,2009-05-04 11:00:00,Up,1591.970446,1583.569547,1586.089817,2009-05-04 11:14:00,2009-05-04 11:37:00,True
2009-05-05 01:00:00,2009-05-05 02:00:00,Up,1595.610836,1591.690416,1592.530506,2009-05-05 02:05:00,N/A,False
2009-05-05 05:00:00,2009-05-05 06:00:00,Up,1596.170896,1593.370596,1595.330806,2009-05-05 06:14:00,N/A,False
2009-05-05 09:00:00,2009-05-05 10:00:00,Up,1591.410386,1576.008737,1576.288767,2009-05-05 10:00:00,2009-05-05 10:20:00,True
2009-05-05 11:00:00,2009-05-05 12:00:00,Up,1585.249727,1579.929157,1581.049277,2009-05-05 12:00:00,2009-05-05 12:20:00,True
2009-05-05 20:00:00,2009-05-05 21:00:00,Up,1595.890866,1583.569547,1584.969697,2009-05-05 21:04:00,2009-05-05 21:26:00,True
2009-05-06 04:00:00,2009-05-06 05:00:00,Up,1596.170896,1591.130356,1591.970446,2009-05-06 05:02:00,N/A,False
2009-05-06 08:00:00,2009-05-06 09:00:00,Up,1607.932155,1594.210686,1598.971196,2009-05-06 09:01:00,N/A,False
2009-05-06 11:00:00,2009-05-06 12:00:00,Up,1590.290266,1579.649127,1580.769247,2009-05-06 12:02:00,2009-05-06 12:20:00,True
2009-05-06 22:00:00,2009-05-06 23:00:00,Up,1592.250476,1587.769997,1587.769997,2009-05-06 23:00:00,2009-05-06 23:20:00,True
2009-05-07 01:00:00,2009-05-07 02:00:00,Up,1594.770746,1590.570296,1593.650626,2009-05-07 02:01:00,2009-05-07 02:20:00,True
2009-05-07 05:00:00,2009-05-07 06:00:00,Up,1605.411886,1601.771496,1604.011736,2009-05-07 06:02:00,N/A,False
2009-05-07 07:00:00,2009-05-07 08:00:00,Up,1610.452425,1601.211436,1601.491466,2009-05-07 08:01:00,2009-05-07 08:20:00,True
2009-05-07 08:00:00,2009-05-07 09:00:00,Up,1604.291766,1572.648378,1573.208438,2009-05-07 09:03:00,N/A,False
2009-05-07 09:00:00,2009-05-07 10:00:00,Up,1576.008737,1554.726459,1562.007238,2009-05-07 10:16:00,2009-05-07 10:53:00,True
2009-05-07 11:00:00,2009-05-07 12:00:00,Up,1563.127358,1555.846579,1561.447178,2009-05-07 12:14:00,N/A,False
2009-05-07 12:00:00,2009-05-07 13:00:00,Up,1562.567298,1546.325559,1549.125859,2009-05-07 13:13:00,2009-05-07 13:28:00,True
2009-05-08 01:00:00,2009-05-08 02:00:00,Up,1572.088318,1567.047778,1570.408138,2009-05-08 02:05:00,2009-05-08 02:29:00,True
2009-05-08 02:00:00,2009-05-08 03:00:00,Up,1574.608588,1565.647628,1571.248228,2009-05-08 03:17:00,N/A,False
2009-05-08 07:00:00,2009-05-08 08:00:00,Up,1579.369097,1569.568048,1573.208438,2009-05-08 08:16:00,2009-05-08 08:45:00,True
2009-05-08 08:00:00,2009-05-08 09:00:00,Up,1579.649127,1560.887118,1569.288018,2009-05-08 09:09:00,N/A,False
2009-05-11 01:00:00,2009-05-11 02:00:00,Up,1549.685919,1544.925409,1545.765499,2009-05-11 02:02:00,N/A,False
2009-05-11 04:00:00,2009-05-11 05:00:00,Up,1535.68442,1531.48397,1532.04403,2009-05-11 05:01:00,2009-05-11 05:20:00,True
2009-05-11 06:00:00,2009-05-11 07:00:00,Up,1539.32481,1535.40439,1536.52451,2009-05-11 07:14:00,2009-05-11 07:34:00,True
2009-05-11 10:00:00,2009-05-11 11:00:00,Up,1572.368348,1560.047028,1562.287268,2009-05-11 11:00:00,2009-05-11 11:20:00,True
2009-05-11 13:00:00,2009-05-11 14:00:00,Up,1576.848827,1570.688168,1572.648378,2009-05-11 14:01:00,N/A,False
2009-05-11 16:02:00,2009-05-11 17:02:00,Up,1562.007238,1558.926909,1558.926909,2009-05-11 17:05:00,N/A,False
2009-05-12 04:00:00,2009-05-12 05:00:00,Up,1575.448677,1570.408138,1570.408138,2009-05-12 05:00:00,N/A,False
2009-05-12 05:00:00,2009-05-12 06:00:00,Up,1570.408138,1561.727208,1562.567298,2009-05-12 06:00:00,2009-05-12 06:20:00,True
2009-05-12 07:00:00,2009-05-12 08:00:00,Up,1574.328558,1569.848078,1570.688168,2009-05-12 08:02:00,N/A,False
2009-05-12 08:00:00,2009-05-12 09:00:00,Up,1570.968198,1542.40514,1547.445679,2009-05-12 09:11:00,2009-05-12 09:29:00,True
2009-05-12 10:00:00,2009-05-12 11:00:00,Up,1544.645379,1532.04403,1533.72421,2009-05-12 11:08:00,N/A,False
2009-05-13 01:00:00,2009-05-13 02:00:00,Up,1555.286519,1549.685919,1550.245979,2009-05-13 02:02:00,N/A,False
2009-05-13 04:00:00,2009-05-13 05:00:00,Up,1552.766249,1544.645379,1544.925409,2009-05-13 05:00:00,N/A,False
2009-05-13 05:00:00,2009-05-13 06:00:00,Up,1546.045529,1537.64463,1538.48472,2009-05-13 06:13:00,N/A,False
2009-05-13 08:00:00,2009-05-13 09:00:00,Up,1530.64388,1518.882621,1522.523011,2009-05-13 09:00:00,N/A,False
2009-05-13 09:00:00,2009-05-13 10:00:00,Up,1522.523011,1507.121362,1507.121362,2009-05-13 10:00:00,2009-05-13 10:20:00,True
2009-05-13 11:00:00,2009-05-13 12:00:00,Up,1513.282021,1504.041032,1504.321062,2009-05-13 12:03:00,2009-05-13 12:20:00,True
2009-05-14 05:00:00,2009-05-14 06:00:00,Up,1507.681422,1501.240732,1502.080822,2009-05-14 06:00:00,2009-05-14 06:22:00,True
2009-05-14 11:00:00,2009-05-14 12:00:00,Up,1528.403641,1522.242981,1525.323311,2009-05-14 12:16:00,2009-05-14 12:49:00,True
2009-05-15 01:00:00,2009-05-15 02:00:00,Up,1523.083071,1519.442681,1522.242981,2009-05-15 02:04:00,N/A,False
2009-05-15 04:00:00,2009-05-15 05:00:00,Up,1519.162651,1514.402141,1516.082321,2009-05-15 05:03:00,N/A,False
2009-05-15 05:00:00,2009-05-15 06:00:00,Up,1516.362351,1508.521512,1509.361602,2009-05-15 06:00:00,N/A,False
2009-05-15 10:00:00,2009-05-15 11:00:00,Up,1536.80454,1520.842831,1521.122861,2009-05-15 11:00:00,2009-05-15 11:20:00,True
2009-05-15 13:00:00,2009-05-15 14:00:00,Up,1523.923161,1515.242231,1517.482471,2009-05-15 14:03:00,2009-05-15 14:20:00,True
2009-05-18 08:00:00,2009-05-18 09:00:00,Up,1533.72421,1524.203191,1527.563551,2009-05-18 09:01:00,2009-05-18 09:23:00,True
2009-05-18 23:01:00,2009-05-19 00:01:00,Up,1558.646879,1552.486219,1553.046279,2009-05-19 00:10:00,2009-05-19 00:22:00,True
2009-05-19 01:00:00,2009-05-19 02:00:00,Up,1560.607088,1555.846579,1558.086819,2009-05-19 02:02:00,N/A,False
2009-05-19 05:00:00,2009-05-19 06:00:00,Up,1566.487718,1561.447178,1564.247478,2009-05-19 06:03:00,N/A,False
2009-05-19 06:00:00,2009-05-19 07:00:00,Up,1564.527508,1556.966699,1558.086819,2009-05-19 07:11:00,N/A,False
2009-05-19 07:00:00,2009-05-19 08:00:00,Up,1558.926909,1549.685919,1550.526009,2009-05-19 08:07:00,2009-05-19 08:20:00,True
2009-05-20 10:00:00,2009-05-20 11:00:00,Up,1590.850326,1576.288767,1576.848827,2009-05-20 11:09:00,2009-05-20 11:20:00,True
2009-05-20 11:00:00,2009-05-20 12:00:00,Up,1579.649127,1564.527508,1564.807538,2009-05-20 12:00:00,2009-05-20 12:20:00,True
2009-05-20 13:00:00,2009-05-20 14:00:00,Up,1581.049277,1568.167898,1577.408887,2009-05-20 14:13:00,N/A,False
2009-05-21 05:00:00,2009-05-21 06:00:00,Up,1556.126609,1551.086069,1552.206189,2009-05-21 06:08:00,2009-05-21 06:55:00,True
2009-05-21 07:00:00,2009-05-21 08:00:00,Up,1553.046279,1543.80529,1543.80529,2009-05-21 08:00:00,2009-05-21 08:20:00,True
2009-05-21 09:00:00,2009-05-21 10:00:00,Up,1553.606339,1528.9637,1530.36385,2009-05-21 10:02:00,2009-05-21 10:42:00,True
2009-05-21 12:00:00,2009-05-21 13:00:00,Up,1532.88412,1520.562801,1524.763251,2009-05-21 13:07:00,N/A,False
2009-05-22 00:01:00,2009-05-22 01:01:00,Up,1536.80454,1534.28427,1534.5643,2009-05-22 01:05:00,2009-05-22 01:58:00,True
2009-05-22 04:00:00,2009-05-22 05:00:00,Up,1544.925409,1541.56505,1544.085319,2009-05-22 05:13:00,2009-05-22 05:27:00,True
2009-05-22 06:00:00,2009-05-22 07:00:00,Up,1544.925409,1537.92466,1538.48472,2009-05-22 07:00:00,2009-05-22 07:20:00,True
2009-05-22 07:00:00,2009-05-22 08:00:00,Up,1542.40514,1537.3646,1538.20469,2009-05-22 08:01:00,N/A,False
2009-05-25 02:00:00,2009-05-25 03:00:00,Up,1530.92391,1516.082321,1516.642381,2009-05-25 03:00:00,2009-05-25 03:21:00,True
2009-05-25 18:00:00,2009-05-25 19:00:00,Up,1521.122861,1518.322561,1521.122861,2009-05-25 19:19:00,N/A,False
2009-05-26 01:01:00,2009-05-26 02:01:00,Up,1520.002741,1515.242231,1515.522261,2009-05-26 02:01:00,2009-05-26 02:21:00,True
2009-05-26 02:00:00,2009-05-26 03:00:00,Up,1517.762501,1512.441932,1514.402141,2009-05-26 03:13:00,2009-05-26 03:27:00,True
2009-05-26 07:00:00,2009-05-26 08:00:00,Up,1520.842831,1513.562051,1517.202441,2009-05-26 08:07:00,2009-05-26 08:33:00,True
2009-05-26 13:00:00,2009-05-26 14:00:00,Up,1584.409637,1576.008737,1576.288767,2009-05-26 14:06:00,2009-05-26 14:21:00,True
2009-05-27 03:00:00,2009-05-27 04:00:00,Up,1584.409637,1580.489217,1580.489217,2009-05-27 04:00:00,2009-05-27 04:20:00,True
2009-05-27 06:00:00,2009-05-27 07:00:00,Up,1582.169397,1577.408887,1577.408887,2009-05-27 07:00:00,2009-05-27 07:28:00,True
2009-05-27 12:00:00,2009-05-27 13:00:00,Up,1596.170896,1574.328558,1579.929157,2009-05-27 13:08:00,2009-05-27 13:39:00,True
2009-05-28 05:00:00,2009-05-28 06:01:00,Up,1579.929157,1576.288767,1578.248977,2009-05-28 06:01:00,2009-05-28 06:21:00,True
2009-05-28 08:00:00,2009-05-28 09:00:00,Up,1588.610087,1574.328558,1577.408887,2009-05-28 09:00:00,N/A,False
2009-05-29 02:00:00,2009-05-29 03:00:00,Up,1596.730956,1592.530506,1594.770746,2009-05-29 03:07:00,2009-05-29 03:22:00,True
2009-05-29 06:00:00,2009-05-29 07:00:00,Up,1606.532005,1598.411136,1598.691166,2009-05-29 07:01:00,N/A,False
2009-05-29 09:00:00,2009-05-29 10:00:00,Up,1598.691166,1588.890117,1593.090566,2009-05-29 10:08:00,N/A,False
2009-05-31 18:01:00,2009-05-31 19:01:00,Up,1607.092065,1603.451676,1603.451676,2009-05-31 19:01:00,2009-05-31 19:28:00,True
2009-06-01 05:01:00,2009-06-01 06:01:00,Up,1633.414884,1624.453924,1624.453924,2009-06-01 06:01:00,N/A,False
2009-06-01 11:00:00,2009-06-01 12:00:00,Up,1658.337552,1650.216683,1652.736952,2009-06-01 12:05:00,2009-06-01 12:31:00,True
2009-06-01 13:00:00,2009-06-01 14:00:00,Up,1660.297762,1651.336803,1655.537252,2009-06-01 14:05:00,2009-06-01 14:31:00,True
2009-06-01 23:01:00,2009-06-02 00:01:00,Up,1646.576293,1643.775993,1644.336053,2009-06-02 00:13:00,2009-06-02 00:30:00,True
2009-06-02 06:00:00,2009-06-02 07:00:00,Up,1653.016982,1649.096563,1651.896862,2009-06-02 07:14:00,N/A,False
2009-06-03 01:00:00,2009-06-03 02:00:00,Up,1662.818032,1659.177642,1661.417882,2009-06-03 02:03:00,N/A,False
2009-06-03 02:00:00,2009-06-03 03:00:00,Up,1661.697912,1651.616832,1652.456922,2009-06-03 03:14:00,2009-06-03 03:21:00,True
2009-06-03 05:00:00,2009-06-03 06:00:00,Up,1651.616832,1648.256473,1648.536503,2009-06-03 06:00:00,2009-06-03 06:20:00,True
2009-06-03 07:00:00,2009-06-03 08:00:00,Up,1653.297012,1644.336053,1646.296263,2009-06-03 08:08:00,2009-06-03 08:23:00,True
2009-06-03 08:00:00,2009-06-03 09:00:00,Up,1652.176892,1641.815783,1644.616083,2009-06-03 09:00:00,2009-06-03 09:31:00,True
2009-06-03 11:00:00,2009-06-03 12:00:00,Up,1651.056773,1640.135603,1640.975693,2009-06-03 12:11:00,2009-06-03 12:20:00,True
2009-06-04 05:00:00,2009-06-04 06:00:00,Up,1663.378092,1656.937402,1658.337552,2009-06-04 06:06:00,N/A,False
2009-06-04 06:00:00,2009-06-04 07:00:00,Up,1658.337552,1651.616832,1652.176892,2009-06-04 07:01:00,2009-06-04 07:20:00,True
2009-06-04 10:00:00,2009-06-04 11:00:00,Up,1664.218182,1659.177642,1659.177642,2009-06-04 11:00:00,2009-06-04 11:20:00,True
2009-06-04 13:00:00,2009-06-04 14:00:00,Up,1670.658871,1664.778242,1667.018481,2009-06-04 14:01:00,2009-06-04 14:20:00,True
2009-06-05 03:00:00,2009-06-05 04:00:00,Up,1677.379591,1672.899111,1674.299261,2009-06-05 04:04:00,2009-06-05 04:20:00,True
2009-06-05 08:00:00,2009-06-05 09:00:00,Up,1690.26097,1662.818032,1668.978691,2009-06-05 09:06:00,2009-06-05 09:37:00,True
2009-06-05 12:00:00,2009-06-05 13:00:00,Up,1677.939651,1671.218931,1672.059021,2009-06-05 13:04:00,N/A,False
2009-06-08 01:00:00,2009-06-08 02:00:00,Up,1671.218931,1662.538002,1667.858571,2009-06-08 02:11:00,N/A,False
2009-06-08 02:00:00,2009-06-08 03:00:00,Up,1669.538751,1658.617582,1661.137852,2009-06-08 03:00:00,N/A,False
2009-06-08 08:00:00,2009-06-08 09:00:00,Up,1663.938152,1647.696413,1648.816533,2009-06-08 09:00:00,2009-06-08 09:32:00,True
2009-06-08 10:00:00,2009-06-08 11:00:00,Up,1653.016982,1645.176143,1646.856323,2009-06-08 11:03:00,2009-06-08 11:32:00,True
2009-06-08 21:00:00,2009-06-08 22:00:00,Up,1677.939651,1670.378841,1670.378841,2009-06-08 22:00:00,N/A,False
2009-06-09 03:00:00,2009-06-09 04:00:00,Up,1675.699411,1669.258721,1671.218931,2009-06-09 04:17:00,N/A,False
2009-06-09 09:00:00,2009-06-09 10:00:00,Up,1680.739951,1667.858571,1670.378841,2009-06-09 10:01:00,2009-06-09 10:24:00,True
2009-06-09 13:00:00,2009-06-09 14:00:00,Up,1690.82103,1682.70016,1685.78049,2009-06-09 14:10:00,2009-06-09 14:35:00,True
2009-06-10 06:00:00,2009-06-10 07:00:00,Up,1700.062019,1694.18139,1694.18139,2009-06-10 07:00:00,2009-06-10 07:20:00,True
2009-06-10 08:00:00,2009-06-10 09:00:00,Up,1693.90136,1674.019231,1678.499711,2009-06-10 09:02:00,N/A,False
2009-06-10 09:00:00,2009-06-10 10:00:00,Up,1679.619831,1662.257972,1664.498212,2009-06-10 10:01:00,N/A,False
2009-06-10 11:00:00,2009-06-10 12:00:00,Up,1670.658871,1660.017732,1665.618332,2009-06-10 12:04:00,N/A,False
2009-06-10 12:00:00,2009-06-10 13:00:00,Up,1666.458422,1651.336803,1654.977192,2009-06-10 13:07:00,2009-06-10 13:20:00,True
2009-06-11 06:00:00,2009-06-11 07:00:00,Up,1681.019607,1678.217441,1678.497658,2009-06-11 07:06:00,2009-06-11 07:30:00,True
2009-06-11 09:00:00,2009-06-11 10:00:00,Up,1692.508489,1681.019607,1681.580041,2009-06-11 10:00:00,2009-06-11 10:20:00,True
2009-06-11 10:00:00,2009-06-11 11:00:00,Up,1686.904157,1678.217441,1680.739391,2009-06-11 11:01:00,2009-06-11 11:44:00,True
2009-06-12 05:00:00,2009-06-12 06:00:00,Up,1674.574625,1671.772458,1674.294408,2009-06-12 06:05:00,N/A,False
2009-06-12 08:00:00,2009-06-12 09:00:00,Up,1669.810942,1652.43751,1654.399027,2009-06-12 09:00:00,2009-06-12 09:20:00,True
2009-06-15 00:02:00,2009-06-15 01:02:00,Up,1656.64076,1654.95946,1655.80011,2009-06-15 01:04:00,2009-06-15 01:33:00,True
2009-06-15 01:01:00,2009-06-15 02:01:00,Up,1658.041843,1652.717727,1652.717727,2009-06-15 02:01:00,N/A,False
2009-06-15 08:00:00,2009-06-15 09:00:00,Up,1652.157294,1635.344295,1638.706895,2009-06-15 09:04:00,2009-06-15 09:23:00,True
2009-06-15 09:00:00,2009-06-15 10:00:00,Up,1640.668411,1620.212597,1623.855413,2009-06-15 10:06:00,2009-06-15 10:44:00,True
2009-06-16 06:00:00,2009-06-16 07:00:00,Up,1641.789278,1637.866245,1641.789278,2009-06-16 07:04:00,2009-06-16 07:23:00,True
2009-06-16 10:00:00,2009-06-16 11:00:00,Up,1645.712311,1635.344295,1635.344295,2009-06-16 11:00:00,2009-06-16 11:20:00,True
2009-06-16 12:00:00,2009-06-16 13:00:00,Up,1627.778446,1621.053247,1624.13563,2009-06-16 13:03:00,2009-06-16 13:46:00,True
2009-06-17 02:00:00,2009-06-17 03:00:00,Up,1628.899313,1625.536713,1626.377363,2009-06-17 03:01:00,N/A,False
2009-06-17 03:00:00,2009-06-17 04:00:00,Up,1626.377363,1620.492814,1621.053247,2009-06-17 04:04:00,2009-06-17 04:45:00,True
2009-06-17 08:00:00,2009-06-17 09:00:00,Up,1627.49823,1613.767614,1614.328048,2009-06-17 09:00:00,2009-06-17 09:20:00,True
2009-06-17 13:00:00,2009-06-17 14:00:00,Up,1645.992528,1635.064079,1637.586028,2009-06-17 14:08:00,2009-06-17 14:20:00,True
2009-06-18 02:00:00,2009-06-18 03:00:00,Up,1635.904729,1627.778446,1628.899313,2009-06-18 03:05:00,N/A,False
2009-06-18 12:00:00,2009-06-18 13:00:00,Up,1639.267328,1632.261912,1634.503645,2009-06-18 13:11:00,2009-06-18 13:47:00,True
2009-06-18 14:00:00,2009-06-18 15:00:00,Up,1637.305812,1626.097146,1628.338879,2009-06-18 15:05:00,N/A,False
2009-06-19 10:00:00,2009-06-19 11:00:00,Up,1655.239677,1647.954044,1649.635344,2009-06-19 11:08:00,N/A,False
2009-06-19 12:00:00,2009-06-19 13:00:00,Up,1646.552961,1640.107978,1643.470578,2009-06-19 13:11:00,N/A,False
2009-06-22 01:00:00,2009-06-22 02:00:00,Up,1646.833178,1639.547545,1641.789278,2009-06-22 02:07:00,N/A,False
2009-06-22 02:00:00,2009-06-22 03:00:00,Up,1642.629928,1633.102562,1634.503645,2009-06-22 03:18:00,N/A,False
2009-06-22 03:00:00,2009-06-22 04:00:00,Up,1635.344295,1626.377363,1628.058663,2009-06-22 04:06:00,2009-06-22 04:43:00,True
2009-06-22 08:00:00,2009-06-22 09:00:00,Up,1633.102562,1613.207181,1615.729131,2009-06-22 09:00:00,N/A,False
2009-06-22 09:00:00,2009-06-22 10:00:00,Up,1615.729131,1602.839165,1605.080899,2009-06-22 10:01:00,2009-06-22 10:20:00,True
2009-06-22 10:00:00,2009-06-22 11:00:00,Up,1609.844581,1598.635916,1600.036999,2009-06-22 11:02:00,2009-06-22 11:20:00,True
2009-06-22 11:00:00,2009-06-22 12:00:00,Up,1602.278732,1596.394183,1599.476566,2009-06-22 12:14:00,2009-06-22 12:59:00,True
2009-06-23 00:00:00,2009-06-23 01:00:00,Up,1601.438082,1597.515049,1597.795266,2009-06-23 01:00:00,2009-06-23 01:23:00,True
2009-06-23 02:00:00,2009-06-23 03:00:00,Up,1607.602848,1600.036999,1603.960032,2009-06-23 03:14:00,2009-06-23 03:46:00,True
2009-06-23 04:00:00,2009-06-23 05:00:00,Up,1607.322632,1603.399599,1603.960032,2009-06-23 05:06:00,2009-06-23 05:20:00,True
2009-06-23 05:00:00,2009-06-23 06:00:00,Up,1606.201765,1603.119382,1605.080899,2009-06-23 06:12:00,2009-06-23 06:37:00,True
2009-06-23 07:00:00,2009-06-23 08:00:00,Up,1607.322632,1603.119382,1604.800682,2009-06-23 08:10:00,N/A,False
2009-06-23 08:00:00,2009-06-23 09:00:00,Up,1605.641332,1589.668984,1595.553533,2009-06-23 09:11:00,N/A,False
2009-06-23 09:00:00,2009-06-23 10:00:00,Up,1598.635916,1583.504217,1587.987684,2009-06-23 10:06:00,2009-06-23 10:21:00,True
2009-06-23 12:00:00,2009-06-23 13:00:00,Up,1597.234833,1588.828334,1589.10855,2009-06-23 13:00:00,2009-06-23 13:20:00,True
2009-06-24 00:00:00,2009-06-24 01:00:00,Up,1599.756782,1598.355699,1599.476566,2009-06-24 01:04:00,2009-06-24 01:30:00,True
2009-06-24 01:00:00,2009-06-24 02:00:00,Up,1601.718299,1598.075483,1601.157866,2009-06-24 02:05:00,N/A,False
2009-06-24 06:00:00,2009-06-24 07:00:00,Up,1605.921548,1600.036999,1601.718299,2009-06-24 07:13:00,2009-06-24 07:20:00,True
2009-06-24 10:00:00,2009-06-24 11:00:00,Up,1631.421262,1626.937796,1628.899313,2009-06-24 11:10:00,N/A,False
2009-06-24 12:00:00,2009-06-24 13:00:00,Up,1630.300396,1623.855413,1624.97628,2009-06-24 13:18:00,2009-06-24 13:20:00,True
2009-06-24 13:00:00,2009-06-24 14:00:00,Up,1630.020179,1612.926964,1620.212597,2009-06-24 14:09:00,2009-06-24 14:29:00,True
2009-06-25 00:02:00,2009-06-25 01:02:00,Up,1637.305812,1631.701479,1631.981696,2009-06-25 01:12:00,2009-06-25 01:42:00,True
2009-06-25 01:00:00,2009-06-25 02:00:00,Up,1635.064079,1630.580613,1631.421262,2009-06-25 02:01:00,N/A,False
2009-06-25 03:00:00,2009-06-25 04:00:00,Up,1634.223429,1626.937796,1628.338879,2009-06-25 04:12:00,N/A,False
2009-06-25 04:00:00,2009-06-25 05:00:00,Up,1630.580613,1620.492814,1621.893897,2009-06-25 05:07:00,N/A,False
2009-06-25 11:00:00,2009-06-25 12:00:00,Up,1652.717727,1646.272744,1646.833178,2009-06-25 12:00:00,2009-06-25 12:20:00,True
2009-06-25 12:00:00,2009-06-25 13:00:00,Up,1655.239677,1645.992528,1650.475994,2009-06-25 13:10:00,N/A,False
2009-06-26 02:00:00,2009-06-26 03:00:00,Up,1653.27816,1648.514477,1648.794694,2009-06-26 03:16:00,2009-06-26 03:20:00,True
2009-06-26 04:00:00,2009-06-26 05:00:00,Up,1652.997944,1646.833178,1647.673827,2009-06-26 05:09:00,N/A,False
2009-06-26 07:00:00,2009-06-26 08:00:00,Up,1653.27816,1641.789278,1642.910145,2009-06-26 08:01:00,2009-06-26 08:20:00,True
2009-06-29 00:01:00,2009-06-29 01:01:00,Up,1648.514477,1645.432094,1646.833178,2009-06-29 01:16:00,2009-06-29 01:22:00,True
2009-06-29 08:00:00,2009-06-29 09:00:00,Up,1662.525309,1646.552961,1650.195777,2009-06-29 09:06:00,2009-06-29 09:20:00,True
2009-06-29 11:00:00,2009-06-29 12:00:00,Up,1672.893325,1665.607692,1665.607692,2009-06-29 12:00:00,2009-06-29 12:20:00,True
2009-06-29 12:00:00,2009-06-29 13:00:00,Up,1668.129642,1660.003359,1662.525309,2009-06-29 13:03:00,2009-06-29 13:34:00,True
2009-06-30 08:00:00,2009-06-30 09:00:00,Up,1672.052675,1661.124226,1667.569209,2009-06-30 09:02:00,N/A,False
2009-06-30 12:00:00,2009-06-30 13:00:00,Up,1649.355127,1645.432094,1645.712311,2009-06-30 13:00:00,2009-06-30 13:20:00,True
2009-07-01 00:00:00,2009-07-01 01:01:00,Up,1661.684659,1654.399027,1656.080327,2009-07-01 01:03:00,2009-07-01 01:54:00,True
2009-07-01 05:00:00,2009-07-01 06:00:00,Up,1669.810942,1664.206609,1664.486826,2009-07-01 06:12:00,2009-07-01 06:28:00,True
2009-07-01 06:00:00,2009-07-01 07:00:00,Up,1666.728559,1662.245093,1666.728559,2009-07-01 07:15:00,2009-07-01 07:31:00,True
2009-07-01 11:00:00,2009-07-01 12:00:00,Up,1674.574625,1668.409859,1668.690075,2009-07-01 12:00:00,2009-07-01 12:20:00,True
2009-07-01 12:00:00,2009-07-01 13:00:00,Up,1671.212025,1667.288992,1668.129642,2009-07-01 13:01:00,N/A,False
2009-07-02 01:00:00,2009-07-02 02:00:00,Up,1656.360543,1651.59686,1655.239677,2009-07-02 02:16:00,N/A,False
2009-07-02 04:00:00,2009-07-02 05:00:00,Up,1653.27816,1648.234261,1648.234261,2009-07-02 05:02:00,2009-07-02 05:23:00,True
2009-07-02 07:00:00,2009-07-02 08:00:00,Up,1656.080327,1641.228845,1644.311228,2009-07-02 08:11:00,N/A,False
2009-07-02 08:00:00,2009-07-02 09:00:00,Up,1645.151878,1620.212597,1622.45433,2009-07-02 09:06:00,2009-07-02 09:36:00,True
2009-07-02 14:00:00,2009-07-02 15:00:00,Up,1626.097146,1618.531297,1619.93238,2009-07-02 15:02:00,N/A,False
2009-07-03 02:00:00,2009-07-03 03:00:00,Up,1625.536713,1621.053247,1621.333464,2009-07-03 03:00:00,N/A,False
2009-07-03 04:00:00,2009-07-03 05:00:00,Up,1621.333464,1617.410431,1618.531297,2009-07-03 05:11:00,N/A,False
2009-07-06 02:00:00,2009-07-06 03:00:00,Up,1611.525881,1607.883065,1608.163282,2009-07-06 03:01:00,2009-07-06 03:20:00,True
2009-07-06 04:00:00,2009-07-06 05:00:00,Up,1608.443498,1605.080899,1605.361115,2009-07-06 05:05:00,2009-07-06 05:20:00,True
2009-07-06 08:00:00,2009-07-06 09:00:00,Up,1617.130214,1605.080899,1609.564365,2009-07-06 09:04:00,N/A,False
2009-07-07 01:00:00,2009-07-07 02:00:00,Up,1612.646748,1609.564365,1610.405015,2009-07-07 02:02:00,2009-07-07 02:22:00,True
2009-07-07 06:00:00,2009-07-07 07:00:00,Up,1619.93238,1616.289564,1616.289564,2009-07-07 07:00:00,N/A,False
2009-07-07 07:00:00,2009-07-07 08:00:00,Up,1616.289564,1611.245665,1612.366531,2009-07-07 08:05:00,2009-07-07 08:20:00,True
2009-07-07 08:00:00,2009-07-07 09:00:00,Up,1614.888481,1601.438082,1603.119382,2009-07-07 09:00:00,N/A,False
2009-07-07 09:00:00,2009-07-07 10:00:00,Up,1603.119382,1592.47115,1592.751367,2009-07-07 10:00:00,2009-07-07 10:20:00,True
2009-07-07 13:00:00,2009-07-07 14:00:00,Up,1589.668984,1580.421834,1581.822918,2009-07-07 14:01:00,N/A,False
2009-07-08 06:00:00,2009-07-08 07:00:00,Up,1583.224001,1579.581185,1579.581185,2009-07-08 07:00:00,2009-07-08 07:24:00,True
2009-07-08 09:00:00,2009-07-08 10:00:00,Up,1585.465734,1572.575769,1572.575769,2009-07-08 10:00:00,N/A,False
2009-07-08 12:00:00,2009-07-08 13:00:00,Up,1576.498802,1566.411003,1571.174685,2009-07-08 13:19:00,2009-07-08 13:52:00,True
2009-07-09 05:00:00,2009-07-09 06:00:00,Up,1588.828334,1585.185517,1585.185517,2009-07-09 06:02:00,2009-07-09 06:31:00,True
2009-07-09 09:00:00,2009-07-09 10:00:00,Up,1586.866817,1577.059235,1582.943784,2009-07-09 10:15:00,2009-07-09 10:33:00,True
2009-07-09 11:00:00,2009-07-09 12:00:00,Up,1589.9492,1584.064651,1588.2679,2009-07-09 12:04:00,2009-07-09 12:20:00,True
2009-07-10 01:00:00,2009-07-10 02:00:00,Up,1579.581185,1577.899885,1579.020751,2009-07-10 02:09:00,2009-07-10 02:44:00,True
2009-07-10 03:00:00,2009-07-10 04:00:00,Up,1580.702051,1577.339451,1579.300968,2009-07-10 04:08:00,N/A,False
2009-07-10 04:00:00,2009-07-10 05:00:00,Up,1579.581185,1574.817502,1575.377935,2009-07-10 05:08:00,2009-07-10 05:27:00,True
2009-07-10 09:00:00,2009-07-10 10:00:00,Up,1597.234833,1586.866817,1590.509633,2009-07-10 10:01:00,N/A,False
2009-07-12 20:00:00,2009-07-12 21:01:00,Up,1591.910717,1583.224001,1583.504217,2009-07-12 21:02:00,N/A,False
2009-07-13 00:00:00,2009-07-13 01:00:00,Up,1578.180101,1574.817502,1575.377935,2009-07-13 01:13:00,2009-07-13 01:24:00,True
2009-07-13 01:00:00,2009-07-13 02:00:00,Up,1576.498802,1572.855985,1576.218585,2009-07-13 02:06:00,2009-07-13 02:20:00,True
2009-07-13 04:00:00,2009-07-13 05:00:00,Up,1580.421834,1575.938368,1575.938368,2009-07-13 05:00:00,2009-07-13 05:20:00,True
2009-07-13 08:00:00,2009-07-13 09:00:00,Up,1596.674399,1570.894469,1575.377935,2009-07-13 09:04:00,2009-07-13 09:20:00,True
2009-07-13 11:00:00,2009-07-13 12:00:00,Up,1613.487398,1607.602848,1608.443498,2009-07-13 12:00:00,2009-07-13 12:20:00,True
2009-07-14 01:00:00,2009-07-14 02:00:00,Up,1620.212597,1615.729131,1616.009347,2009-07-14 02:00:00,2009-07-14 02:38:00,True
2009-07-14 05:00:00,2009-07-14 06:00:00,Up,1622.174113,1617.970864,1619.09173,2009-07-14 06:01:00,2009-07-14 06:20:00,True
2009-07-14 07:00:00,2009-07-14 08:00:00,Up,1628.058663,1612.646748,1613.767614,2009-07-14 08:01:00,2009-07-14 08:20:00,True
2009-07-14 12:00:00,2009-07-14 13:00:00,Up,1625.536713,1622.174113,1623.014763,2009-07-14 13:00:00,2009-07-14 13:20:00,True
2009-07-14 16:00:00,2009-07-14 17:00:00,Up,1651.036427,1648.234261,1648.794694,2009-07-14 17:00:00,2009-07-14 17:56:00,True
2009-07-15 00:00:00,2009-07-15 01:00:00,Up,1650.475994,1647.113394,1647.673827,2009-07-15 01:01:00,N/A,False
2009-07-15 01:00:00,2009-07-15 02:00:00,Up,1647.673827,1644.591444,1644.591444,2009-07-15 02:00:00,2009-07-15 02:20:00,True
2009-07-15 05:00:00,2009-07-15 06:00:00,Up,1654.95946,1651.316644,1651.877077,2009-07-15 06:01:00,N/A,False
2009-07-15 16:01:00,2009-07-15 17:02:00,Up,1678.217441,1675.975708,1675.975708,2009-07-15 17:03:00,N/A,False
2009-07-15 17:00:00,2009-07-15 18:00:00,Up,1677.096574,1671.772458,1673.453758,2009-07-15 18:05:00,2009-07-15 18:45:00,True
2009-07-15 20:00:00,2009-07-15 21:00:00,Up,1674.294408,1670.931808,1672.613108,2009-07-15 21:11:00,2009-07-15 21:59:00,True
2009-07-16 02:00:00,2009-07-16 03:00:00,Up,1677.657008,1670.651592,1670.651592,2009-07-16 03:00:00,2009-07-16 03:21:00,True
2009-07-16 04:01:00,2009-07-16 05:01:00,Up,1676.255924,1672.893325,1674.574625,2009-07-16 05:04:00,2009-07-16 05:29:00,True
2009-07-16 07:00:00,2009-07-16 08:00:00,Up,1681.019607,1670.371375,1671.492242,2009-07-16 08:06:00,2009-07-16 08:20:00,True
2009-07-16 11:00:00,2009-07-16 12:00:00,Up,1688.025023,1685.222857,1685.503073,2009-07-16 12:06:00,2009-07-16 12:23:00,True
2009-07-16 14:00:00,2009-07-16 15:00:00,Up,1703.997372,1695.030439,1700.074339,2009-07-16 15:03:00,N/A,False
2009-07-17 01:00:00,2009-07-17 02:00:00,Up,1695.590872,1692.508489,1693.629356,2009-07-17 02:09:00,2009-07-17 02:20:00,True
2009-07-17 05:00:00,2009-07-17 06:00:00,Up,1701.195205,1697.272172,1697.552389,2009-07-17 06:12:00,N/A,False
2009-07-17 13:00:00,2009-07-17 14:00:00,Up,1709.601704,1705.678671,1708.480838,2009-07-17 14:11:00,2009-07-17 14:52:00,True
2009-07-20 01:00:00,2009-07-20 02:00:00,Up,1722.49167,1717.44777,1719.409287,2009-07-20 02:03:00,N/A,False
2009-07-20 05:00:00,2009-07-20 06:00:00,Up,1725.293836,1722.211453,1722.49167,2009-07-20 06:00:00,N/A,False
2009-07-20 11:00:00,2009-07-20 12:00:00,Up,1725.854269,1719.96972,1723.892753,2009-07-20 12:18:00,N/A,False
2009-07-20 19:00:00,2009-07-20 20:00:00,Up,1724.733403,1721.931236,1722.211453,2009-07-20 20:03:00,2009-07-20 20:20:00,True
2009-07-21 01:00:00,2009-07-21 02:00:00,Up,1723.612536,1720.81037,1720.81037,2009-07-21 02:06:00,2009-07-21 02:20:00,True
2009-07-21 05:00:00,2009-07-21 06:00:00,Up,1729.777302,1726.134486,1726.975136,2009-07-21 06:04:00,2009-07-21 06:20:00,True
2009-07-21 08:00:00,2009-07-21 09:00:00,Up,1734.540985,1719.12907,1723.33232,2009-07-21 09:03:00,2009-07-21 09:20:00,True
2009-07-21 11:00:00,2009-07-21 12:00:00,Up,1720.81037,1714.92582,1717.44777,2009-07-21 12:03:00,2009-07-21 12:20:00,True
2009-07-21 18:00:00,2009-07-21 19:00:00,Up,1748.551817,1745.189217,1745.74965,2009-07-21 19:00:00,N/A,False
2009-07-22 00:00:00,2009-07-22 01:00:00,Up,1746.310084,1744.348567,1744.348567,2009-07-22 01:00:00,N/A,False
2009-07-22 01:00:00,2009-07-22 02:00:00,Up,1744.628784,1740.425534,1740.985968,2009-07-22 02:00:00,N/A,False
2009-07-22 06:00:00,2009-07-22 07:00:00,Up,1743.788134,1737.343151,1742.667267,2009-07-22 07:07:00,N/A,False
2009-07-22 12:00:00,2009-07-22 13:00:00,Up,1758.639616,1749.392467,1752.47485,2009-07-22 13:08:00,2009-07-22 13:41:00,True
2009-07-23 07:00:00,2009-07-23 08:00:00,Up,1754.9968,1748.2716,1748.832033,2009-07-23 08:01:00,2009-07-23 08:28:00,True
2009-07-23 12:00:00,2009-07-23 13:00:00,Up,1797.589728,1790.304096,1791.985396,2009-07-23 13:02:00,2009-07-23 13:20:00,True
2009-07-23 14:00:00,2009-07-23 15:00:00,Up,1797.589728,1787.501929,1791.424962,2009-07-23 15:05:00,N/A,False
2009-07-24 05:00:00,2009-07-24 06:00:00,Up,1780.77673,1775.732831,1778.534997,2009-07-24 06:10:00,N/A,False
2009-07-24 06:00:00,2009-07-24 07:00:00,Up,1778.534997,1772.930664,1775.732831,2009-07-24 07:19:00,N/A,False
2009-07-27 00:00:00,2009-07-27 01:00:00,Up,1803.474278,1799.551245,1799.551245,2009-07-27 01:00:00,N/A,False
2009-07-27 01:00:00,2009-07-27 02:00:00,Up,1799.831461,1795.347995,1797.869945,2009-07-27 02:02:00,N/A,False
2009-07-27 02:00:00,2009-07-27 03:00:00,Up,1798.150162,1791.424962,1793.386479,2009-07-27 03:11:00,2009-07-27 03:33:00,True
2009-07-27 05:00:00,2009-07-27 06:00:00,Up,1800.672111,1795.067779,1799.271028,2009-07-27 06:13:00,N/A,False
2009-07-28 08:00:00,2009-07-28 09:00:00,Up,1794.507345,1780.77673,1792.826046,2009-07-28 09:12:00,N/A,False
2009-07-28 13:00:00,2009-07-28 14:00:00,Up,1802.353411,1788.903013,1791.705179,2009-07-28 14:19:00,2009-07-28 14:34:00,True
2009-07-29 00:00:00,2009-07-29 01:00:00,Up,1792.545829,1790.023879,1790.864529,2009-07-29 01:15:00,N/A,False
2009-07-29 07:00:00,2009-07-29 08:00:00,Up,1792.265612,1784.419546,1786.100846,2009-07-29 08:13:00,2009-07-29 08:20:00,True
2009-07-29 11:00:00,2009-07-29 12:00:00,Up,1791.705179,1785.82063,1788.903013,2009-07-29 12:01:00,N/A,False
2009-07-30 06:00:00,2009-07-30 07:00:00,Up,1807.117094,1803.474278,1805.996228,2009-07-30 07:02:00,2009-07-30 07:21:00,True
2009-07-30 10:00:00,2009-07-30 11:00:00,Up,1826.171825,1812.44121,1812.721427,2009-07-30 11:03:00,2009-07-30 11:20:00,True
2009-07-30 12:00:00,2009-07-30 13:00:00,Up,1818.045543,1811.040127,1812.721427,2009-07-30 13:08:00,2009-07-30 13:25:00,True
2009-07-31 01:00:00,2009-07-31 02:00:00,Up,1807.397311,1804.875361,1804.875361,2009-07-31 02:00:00,2009-07-31 02:20:00,True
2009-07-31 02:00:00,2009-07-31 03:00:00,Up,1809.639044,1804.314928,1807.397311,2009-07-31 03:09:00,N/A,False
2009-07-31 03:00:00,2009-07-31 04:00:00,Up,1807.397311,1802.633628,1803.474278,2009-07-31 04:03:00,N/A,False
2009-07-31 10:00:00,2009-07-31 11:00:00,Up,1812.44121,1806.276444,1809.358827,2009-07-31 11:15:00,2009-07-31 11:23:00,True
2009-07-31 13:00:00,2009-07-31 14:00:00,Up,1811.60056,1800.672111,1802.073195,2009-07-31 14:02:00,2009-07-31 14:20:00,True
2009-08-03 01:00:00,2009-08-03 02:00:00,Up,1803.474278,1799.271028,1799.831461,2009-08-03 02:00:00,2009-08-03 02:20:00,True
2009-08-03 05:00:00,2009-08-03 06:00:00,Up,1822.248792,1817.765326,1819.446626,2009-08-03 06:04:00,N/A,False
2009-08-03 06:00:00,2009-08-03 07:00:00,Up,1820.007059,1814.682943,1816.084026,2009-08-03 07:03:00,2009-08-03 07:25:00,True
2009-08-03 09:00:00,2009-08-03 10:00:00,Up,1819.726843,1808.518177,1809.639044,2009-08-03 10:15:00,2009-08-03 10:24:00,True
2009-08-03 13:00:00,2009-08-03 14:00:00,Up,1824.210309,1818.32576,1818.32576,2009-08-03 14:00:00,2009-08-03 14:20:00,True
2009-08-04 02:00:00,2009-08-04 03:00:00,Up,1819.726843,1813.562077,1815.523593,2009-08-04 03:14:00,N/A,False
2009-08-04 03:00:00,2009-08-04 04:00:00,Up,1816.084026,1807.957744,1808.518177,2009-08-04 04:06:00,2009-08-04 04:20:00,True
2009-08-04 12:00:00,2009-08-04 13:00:00,Up,1829.814642,1814.12251,1815.243377,2009-08-04 13:01:00,2009-08-04 13:20:00,True
2009-08-04 13:00:00,2009-08-04 14:00:00,Up,1821.127926,1812.44121,1813.842293,2009-08-04 14:02:00,2009-08-04 14:20:00,True
2009-08-04 23:00:00,2009-08-05 00:04:00,Up,1825.331175,1823.649876,1823.649876,2009-08-05 00:04:00,N/A,False
2009-08-05 00:04:00,2009-08-05 01:04:00,Up,1823.930092,1820.287276,1820.287276,2009-08-05 01:04:00,2009-08-05 01:27:00,True
2009-08-05 01:00:00,2009-08-05 02:00:00,Up,1821.968576,1818.886193,1819.166409,2009-08-05 02:00:00,2009-08-05 02:20:00,True
2009-08-05 06:00:00,2009-08-05 07:00:00,Up,1828.133342,1823.369659,1824.210309,2009-08-05 07:15:00,2009-08-05 07:20:00,True
2009-08-05 08:00:00,2009-08-05 09:00:00,Up,1828.413558,1808.237961,1809.91926,2009-08-05 09:00:00,N/A,False
2009-08-05 10:00:00,2009-08-05 11:00:00,Up,1807.397311,1798.150162,1799.551245,2009-08-05 11:07:00,2009-08-05 11:20:00,True
2009-08-05 11:00:00,2009-08-05 12:00:00,Up,1804.875361,1797.589728,1798.430378,2009-08-05 12:05:00,2009-08-05 12:20:00,True
2009-08-05 14:00:00,2009-08-05 15:00:00,Up,1814.402727,1806.836877,1809.078611,2009-08-05 15:05:00,2009-08-05 15:30:00,True
2009-08-05 16:00:00,2009-08-05 17:00:00,Up,1800.952328,1796.468862,1797.029295,2009-08-05 17:00:00,N/A,False
2009-08-06 03:00:00,2009-08-06 04:00:00,Up,1811.040127,1804.875361,1805.996228,2009-08-06 04:17:00,2009-08-06 04:27:00,True
2009-08-06 08:00:00,2009-08-06 09:00:00,Up,1817.765326,1796.749078,1797.309512,2009-08-06 09:00:00,2009-08-06 09:35:00,True
2009-08-06 10:00:00,2009-08-06 11:00:00,Up,1805.155578,1795.347995,1796.188645,2009-08-06 11:02:00,2009-08-06 11:41:00,True
2009-08-06 12:00:00,2009-08-06 13:00:00,Up,1801.232545,1791.705179,1794.227129,2009-08-06 13:01:00,N/A,False
2009-08-07 01:00:00,2009-08-07 02:00:00,Up,1796.749078,1794.507345,1795.628212,2009-08-07 02:02:00,2009-08-07 02:23:00,True
2009-08-07 02:00:00,2009-08-07 03:00:00,Up,1796.188645,1790.304096,1790.584312,2009-08-07 03:00:00,2009-08-07 03:39:00,True
2009-08-07 04:00:00,2009-08-07 05:00:00,Up,1793.666695,1789.743663,1790.864529,2009-08-07 05:07:00,2009-08-07 05:31:00,True
2009-08-07 08:00:00,2009-08-07 09:00:00,Up,1822.809226,1808.518177,1808.798394,2009-08-07 09:00:00,2009-08-07 09:30:00,True
2009-08-07 13:00:00,2009-08-07 14:00:00,Up,1823.930092,1818.32576,1818.886193,2009-08-07 14:01:00,2009-08-07 14:34:00,True
2009-08-10 01:00:00,2009-08-10 02:00:00,Up,1811.880777,1809.91926,1810.75991,2009-08-10 02:00:00,2009-08-10 02:20:00,True
2009-08-10 02:00:00,2009-08-10 03:00:00,Up,1813.28186,1808.237961,1809.078611,2009-08-10 03:04:00,2009-08-10 03:25:00,True
2009-08-10 04:00:00,2009-08-10 05:00:00,Up,1811.320344,1809.078611,1809.639044,2009-08-10 05:03:00,2009-08-10 05:20:00,True
2009-08-10 05:00:00,2009-08-10 06:00:00,Up,1810.199477,1805.996228,1806.556661,2009-08-10 06:00:00,2009-08-10 06:32:00,True
2009-08-10 11:00:00,2009-08-10 12:00:00,Up,1806.276444,1795.347995,1797.309512,2009-08-10 12:08:00,2009-08-10 12:33:00,True
2009-08-10 12:00:00,2009-08-10 13:00:00,Up,1800.952328,1793.106262,1797.589728,2009-08-10 13:16:00,2009-08-10 13:42:00,True
2009-08-11 03:00:00,2009-08-11 04:00:00,Up,1813.28186,1810.479694,1812.160994,2009-08-11 04:17:00,N/A,False
2009-08-11 04:00:00,2009-08-11 05:00:00,Up,1813.001643,1807.957744,1808.518177,2009-08-11 05:05:00,N/A,False
2009-08-11 07:00:00,2009-08-11 08:00:00,Up,1810.75991,1798.710595,1799.271028,2009-08-11 08:00:00,N/A,False
2009-08-11 08:00:00,2009-08-11 09:00:00,Up,1799.271028,1787.782146,1791.985396,2009-08-11 09:01:00,N/A,False
2009-08-11 09:00:00,2009-08-11 10:00:00,Up,1792.265612,1778.534997,1780.77673,2009-08-11 10:14:00,2009-08-11 10:20:00,True
2009-08-12 01:00:00,2009-08-12 02:00:00,Up,1791.705179,1786.66128,1787.221713,2009-08-12 02:05:00,N/A,False
2009-08-12 12:00:00,2009-08-12 13:00:00,Up,1821.688359,1815.243377,1816.364243,2009-08-12 13:06:00,2009-08-12 13:20:00,True
2009-08-13 12:00:00,2009-08-13 13:00:00,Up,1828.413558,1817.204893,1818.886193,2009-08-13 13:03:00,2009-08-13 13:40:00,True
2009-08-14 01:00:00,2009-08-14 02:00:00,Up,1825.611392,1823.089442,1824.210309,2009-08-14 02:09:00,2009-08-14 02:22:00,True
2009-08-14 08:00:00,2009-08-14 09:00:00,Up,1820.287276,1797.029295,1801.792978,2009-08-14 09:00:00,N/A,False
2009-08-16 18:01:00,2009-08-16 19:01:00,Up,1805.716011,1802.633628,1804.595144,2009-08-16 19:15:00,N/A,False
2009-08-17 00:00:00,2009-08-17 01:00:00,Up,1797.029295,1793.386479,1793.666695,2009-08-17 01:01:00,2009-08-17 01:49:00,True
2009-08-17 01:00:00,2009-08-17 02:00:00,Up,1794.227129,1790.584312,1791.144746,2009-08-17 02:01:00,2009-08-17 02:23:00,True
2009-08-17 02:00:00,2009-08-17 03:00:00,Up,1791.985396,1785.260196,1786.100846,2009-08-17 03:01:00,N/A,False
2009-08-17 05:00:00,2009-08-17 06:00:00,Up,1780.496514,1774.892181,1776.013047,2009-08-17 06:14:00,2009-08-17 06:27:00,True
2009-08-17 09:00:00,2009-08-17 10:00:00,Up,1769.848281,1759.760482,1760.601132,2009-08-17 10:00:00,2009-08-17 10:30:00,True
2009-08-17 11:00:00,2009-08-17 12:00:00,Up,1762.282432,1758.639616,1759.760482,2009-08-17 12:01:00,2009-08-17 12:58:00,True
2009-08-17 13:00:00,2009-08-17 14:00:00,Up,1759.760482,1753.875933,1755.557233,2009-08-17 14:14:00,2009-08-17 14:55:00,True
2009-08-18 02:00:00,2009-08-18 03:00:00,Up,1770.969148,1765.364815,1767.606548,2009-08-18 03:05:00,2009-08-18 03:38:00,True
2009-08-18 05:00:00,2009-08-18 06:00:00,Up,1769.848281,1767.046115,1768.727415,2009-08-18 06:03:00,2009-08-18 06:20:00,True
2009-08-18 19:00:00,2009-08-18 20:01:00,Up,1775.172397,1772.370231,1774.051531,2009-08-18 20:13:00,N/A,False
2009-08-18 23:01:00,2009-08-19 00:03:00,Up,1775.732831,1772.930664,1774.611964,2009-08-19 00:17:00,N/A,False
2009-08-19 00:00:00,2009-08-19 01:00:00,Up,1774.892181,1765.084598,1765.925248,2009-08-19 01:14:00,N/A,False
2009-08-19 01:00:00,2009-08-19 02:00:00,Up,1767.326332,1759.760482,1760.040699,2009-08-19 02:01:00,2009-08-19 02:20:00,True
2009-08-19 06:00:00,2009-08-19 07:00:00,Up,1762.282432,1756.117666,1758.079183,2009-08-19 07:13:00,N/A,False
2009-08-19 13:00:00,2009-08-19 14:00:00,Up,1793.946912,1785.540413,1790.304096,2009-08-19 14:09:00,N/A,False
2009-08-20 00:00:00,2009-08-20 01:00:00,Up,1800.672111,1798.430378,1799.551245,2009-08-20 01:10:00,N/A,False
2009-08-20 01:00:00,2009-08-20 02:00:00,Up,1799.551245,1796.749078,1798.150162,2009-08-20 02:01:00,2009-08-20 02:20:00,True
2009-08-20 02:00:00,2009-08-20 03:00:00,Up,1800.391895,1796.468862,1797.869945,2009-08-20 03:11:00,2009-08-20 03:20:00,True
2009-08-20 04:00:00,2009-08-20 05:00:00,Up,1801.512761,1798.990812,1800.391895,2009-08-20 05:04:00,N/A,False
2009-08-20 05:00:00,2009-08-20 06:00:00,Up,1800.391895,1795.908429,1797.309512,2009-08-20 06:00:00,N/A,False
2009-08-20 07:00:00,2009-08-20 08:00:00,Up,1799.271028,1787.782146,1788.622796,2009-08-20 08:01:00,2009-08-20 08:32:00,True
2009-08-20 18:00:00,2009-08-20 19:00:00,Up,1808.518177,1807.397311,1807.677527,2009-08-20 19:02:00,N/A,False
2009-08-20 22:00:00,2009-08-20 23:00:00,Up,1804.034711,1794.787562,1795.628212,2009-08-20 23:12:00,2009-08-20 23:21:00,True
2009-08-21 11:00:00,2009-08-21 12:00:00,Up,1832.056375,1828.973992,1829.534425,2009-08-21 12:03:00,2009-08-21 12:20:00,True
2009-08-24 00:00:00,2009-08-24 01:00:00,Up,1844.94634,1841.023307,1844.385907,2009-08-24 01:09:00,N/A,False
2009-08-24 01:00:00,2009-08-24 02:00:00,Up,1844.666123,1839.061791,1841.303524,2009-08-24 02:00:00,2009-08-24 02:20:00,True
2009-08-24 03:00:00,2009-08-24 04:00:00,Up,1843.545257,1837.380491,1837.380491,2009-08-24 04:01:00,2009-08-24 04:38:00,True
2009-08-24 05:00:00,2009-08-24 06:00:00,Up,1838.501357,1833.737675,1834.017891,2009-08-24 06:06:00,2009-08-24 06:20:00,True
2009-08-24 10:00:00,2009-08-24 11:00:00,Up,1847.188073,1839.342007,1839.342007,2009-08-24 11:00:00,2009-08-24 11:20:00,True
2009-08-24 11:00:00,2009-08-24 12:00:00,Up,1841.303524,1837.380491,1837.660708,2009-08-24 12:00:00,N/A,False
2009-08-24 13:00:00,2009-08-24 14:00:00,Up,1837.940924,1832.616808,1833.457458,2009-08-24 14:02:00,2009-08-24 14:28:00,True
2009-08-25 11:00:00,2009-08-25 12:00:00,Up,1852.512189,1842.144174,1842.704607,2009-08-25 12:17:00,N/A,False
2009-08-25 12:00:00,2009-08-25 13:00:00,Up,1844.666123,1836.820058,1838.221141,2009-08-25 13:00:00,2009-08-25 13:20:00,True
2009-08-26 01:00:00,2009-08-26 02:00:00,Up,1842.984824,1838.781574,1839.061791,2009-08-26 02:00:00,2009-08-26 02:20:00,True
2009-08-26 09:00:00,2009-08-26 10:00:00,Up,1848.589156,1835.699191,1839.902441,2009-08-26 10:07:00,N/A,False
2009-08-26 11:00:00,2009-08-26 12:00:00,Up,1832.336591,1825.331175,1828.413558,2009-08-26 12:18:00,2009-08-26 12:34:00,True
2009-08-26 13:00:00,2009-08-26 14:00:00,Up,1839.061791,1831.776158,1832.616808,2009-08-26 14:00:00,2009-08-26 14:21:00,True
2009-08-27 01:00:00,2009-08-27 02:00:00,Up,1832.616808,1829.814642,1829.814642,2009-08-27 02:00:00,2009-08-27 02:20:00,True
2009-08-27 08:00:00,2009-08-27 09:00:00,Up,1836.259624,1813.842293,1814.402727,2009-08-27 09:00:00,2009-08-27 09:34:00,True
2009-08-28 06:00:00,2009-08-28 07:00:00,Up,1847.748506,1844.385907,1844.94634,2009-08-28 07:04:00,2009-08-28 07:24:00,True
2009-08-28 10:00:00,2009-08-28 11:00:00,Up,1848.869373,1839.902441,1841.863957,2009-08-28 11:14:00,N/A,False
2009-08-30 19:00:00,2009-08-30 20:00:00,Up,1843.825474,1837.940924,1839.061791,2009-08-30 20:04:00,N/A,False
2009-08-30 22:00:00,2009-08-30 23:00:00,Up,1830.094858,1827.853125,1828.413558,2009-08-30 23:03:00,2009-08-30 23:46:00,True
2009-08-31 00:00:00,2009-08-31 01:00:00,Up,1829.254208,1826.171825,1826.452042,2009-08-31 01:01:00,N/A,False
2009-08-31 02:00:00,2009-08-31 03:00:00,Up,1828.133342,1823.930092,1825.331175,2009-08-31 03:01:00,2009-08-31 03:44:00,True
2009-08-31 06:00:00,2009-08-31 07:00:00,Up,1829.814642,1825.891609,1827.292692,2009-08-31 07:06:00,N/A,False
2009-08-31 11:00:00,2009-08-31 12:00:00,Up,1818.32576,1813.28186,1814.12251,2009-08-31 12:01:00,2009-08-31 12:20:00,True
2009-09-01 02:00:00,2009-09-01 03:00:00,Up,1828.693775,1823.649876,1825.611392,2009-09-01 03:03:00,N/A,False
2009-09-01 05:00:00,2009-09-01 06:00:00,Up,1810.199477,1807.397311,1807.677527,2009-09-01 06:01:00,2009-09-01 06:20:00,True
2009-09-01 09:00:00,2009-09-01 10:00:00,Up,1848.30894,1827.853125,1828.133342,2009-09-01 10:00:00,N/A,False
2009-09-01 10:00:00,2009-09-01 11:00:00,Up,1830.375075,1793.386479,1793.666695,2009-09-01 11:00:00,2009-09-01 11:20:00,True
2009-09-01 11:00:00,2009-09-01 12:00:00,Up,1797.309512,1790.304096,1791.144746,2009-09-01 12:06:00,2009-09-01 12:42:00,True
2009-09-01 18:03:00,2009-09-01 19:03:00,Up,1788.903013,1787.221713,1787.221713,2009-09-01 19:03:00,2009-09-01 19:23:00,True
2009-09-02 01:01:00,2009-09-02 02:01:00,Up,1793.386479,1789.743663,1792.826046,2009-09-02 02:06:00,N/A,False
2009-09-02 06:00:00,2009-09-02 07:00:00,Up,1786.381063,1783.859113,1784.97998,2009-09-02 07:15:00,2009-09-02 07:30:00,True
2009-09-02 10:00:00,2009-09-02 11:00:00,Up,1796.468862,1789.743663,1790.864529,2009-09-02 11:02:00,2009-09-02 11:21:00,True
2009-09-02 12:00:00,2009-09-02 13:00:00,Up,1793.946912,1789.183229,1789.463446,2009-09-02 13:02:00,2009-09-02 13:20:00,True
2009-09-03 08:00:00,2009-09-03 09:00:00,Up,1797.869945,1782.177813,1786.941496,2009-09-03 09:05:00,2009-09-03 09:41:00,True
2009-09-03 12:00:00,2009-09-03 13:00:00,Up,1797.309512,1791.705179,1793.666695,2009-09-03 13:13:00,N/A,False
2009-09-04 12:00:00,2009-09-04 13:00:00,Up,1838.781574,1829.814642,1830.094858,2009-09-04 13:06:00,2009-09-04 13:20:00,True
2009-09-08 04:00:00,2009-09-08 05:00:00,Up,1855.874789,1851.391323,1851.671539,2009-09-08 05:00:00,2009-09-08 05:20:00,True
2009-09-08 06:00:00,2009-09-08 07:00:00,Up,1854.473706,1850.830889,1851.951756,2009-09-08 07:02:00,N/A,False
2009-09-08 08:00:00,2009-09-08 09:00:00,Up,1856.155006,1843.825474,1846.067207,2009-09-08 09:03:00,2009-09-08 09:20:00,True
2009-09-08 11:00:00,2009-09-08 12:00:00,Up,1848.869373,1844.385907,1846.347423,2009-09-08 12:11:00,2009-09-08 12:23:00,True
2009-09-09 12:00:00,2009-09-09 13:00:00,Up,1878.572337,1872.127354,1873.808654,2009-09-09 13:07:00,N/A,False
2009-09-10 13:00:00,2009-09-10 14:00:00,Up,1888.952927,1884.745905,1885.58731,2009-09-10 14:01:00,2009-09-10 14:33:00,True
2009-09-11 04:00:00,2009-09-11 05:00:00,Up,1890.635736,1887.550587,1887.831055,2009-09-11 05:10:00,2009-09-11 05:20:00,True
2009-09-11 08:00:00,2009-09-11 09:00:00,Up,1894.842758,1884.184969,1889.794332,2009-09-11 09:07:00,2009-09-11 09:23:00,True
2009-09-13 18:02:00,2009-09-13 19:02:00,Up,1885.306841,1882.221692,1882.50216,2009-09-13 19:02:00,N/A,False
2009-09-14 02:00:00,2009-09-14 03:00:00,Up,1876.892797,1872.685775,1873.52718,2009-09-14 03:07:00,N/A,False
2009-09-14 05:00:00,2009-09-14 06:00:00,Up,1875.490457,1871.844371,1872.124839,2009-09-14 06:00:00,2009-09-14 06:20:00,True
2009-09-15 03:00:00,2009-09-15 04:00:00,Up,1892.038077,1888.672459,1889.233395,2009-09-15 04:00:00,2009-09-15 04:56:00,True
2009-09-15 12:00:00,2009-09-15 13:00:00,Up,1907.183356,1902.976334,1906.341952,2009-09-15 13:05:00,N/A,False
2009-09-15 23:02:00,2009-09-16 00:02:00,Up,1906.902888,1902.13493,1902.415398,2009-09-16 00:11:00,2009-09-16 00:25:00,True
2009-09-16 04:00:00,2009-09-16 05:00:00,Up,1909.988038,1906.62242,1906.902888,2009-09-16 05:16:00,2009-09-16 05:25:00,True
2009-09-16 13:00:00,2009-09-16 14:00:00,Up,1933.547362,1927.377063,1927.377063,2009-09-16 14:00:00,2009-09-16 14:20:00,True
2009-09-17 02:00:00,2009-09-17 03:00:00,Up,1932.986425,1929.34034,1931.303617,2009-09-17 03:15:00,N/A,False
2009-09-17 05:00:00,2009-09-17 06:00:00,Up,1932.145021,1929.901276,1931.303617,2009-09-17 06:09:00,N/A,False
2009-09-17 07:00:00,2009-09-17 08:00:00,Up,1929.059871,1921.7677,1922.048168,2009-09-17 08:10:00,2009-09-17 08:20:00,True
2009-09-17 10:00:00,2009-09-17 11:00:00,Up,1941.40047,1931.303617,1934.388766,2009-09-17 11:10:00,N/A,False
2009-09-17 19:01:00,2009-09-17 20:01:00,Up,1928.779403,1927.096594,1927.657531,2009-09-17 20:13:00,N/A,False
2009-09-18 01:00:00,2009-09-18 02:00:00,Up,1928.779403,1923.730977,1925.694254,2009-09-18 02:09:00,2009-09-18 02:20:00,True
2009-09-18 02:00:00,2009-09-18 03:00:00,Up,1927.377063,1923.450509,1923.730977,2009-09-18 03:00:00,2009-09-18 03:24:00,True
2009-09-18 06:00:00,2009-09-18 07:00:00,Up,1932.705957,1931.303617,1932.145021,2009-09-18 07:18:00,2009-09-18 07:23:00,True
2009-09-18 08:00:00,2009-09-18 09:00:00,Up,1939.998129,1930.181744,1933.547362,2009-09-18 09:02:00,2009-09-18 09:36:00,True
2009-09-18 10:00:00,2009-09-18 11:00:00,Up,1935.791107,1929.34034,1929.620808,2009-09-18 11:00:00,2009-09-18 11:20:00,True
2009-09-21 01:00:00,2009-09-21 02:00:00,Up,1928.498935,1923.17004,1925.694254,2009-09-21 02:05:00,2009-09-21 02:21:00,True
2009-09-21 02:00:00,2009-09-21 03:00:00,Up,1926.25519,1919.243487,1920.926295,2009-09-21 03:09:00,2009-09-21 03:30:00,True
2009-09-21 06:00:00,2009-09-21 07:00:00,Up,1923.17004,1918.963018,1920.645827,2009-09-21 07:19:00,2009-09-21 07:41:00,True
2009-09-21 11:00:00,2009-09-21 12:00:00,Up,1942.522342,1937.473916,1938.595788,2009-09-21 12:05:00,2009-09-21 12:28:00,True
2009-09-22 05:01:00,2009-09-22 06:01:00,Up,1953.4606,1949.814514,1952.338727,2009-09-22 06:09:00,N/A,False
2009-09-22 07:00:00,2009-09-22 08:00:00,Up,1952.058259,1948.131705,1948.412173,2009-09-22 08:01:00,2009-09-22 08:20:00,True
2009-09-22 08:00:00,2009-09-22 09:00:00,Up,1952.338727,1940.839533,1941.40047,2009-09-22 09:00:00,2009-09-22 09:20:00,True
2009-09-22 11:00:00,2009-09-22 12:00:00,Up,1948.412173,1942.80281,1944.485619,2009-09-22 12:13:00,N/A,False
2009-09-23 00:01:00,2009-09-23 01:01:00,Up,1947.570769,1946.448896,1946.729364,2009-09-23 01:05:00,N/A,False
2009-09-23 07:00:00,2009-09-23 08:00:00,Up,1952.338727,1950.094982,1951.216855,2009-09-23 08:01:00,2009-09-23 08:22:00,True
2009-09-23 08:00:00,2009-09-23 09:00:00,Up,1952.619195,1945.327024,1946.168428,2009-09-23 09:01:00,2009-09-23 09:20:00,True
2009-09-23 13:00:00,2009-09-23 14:00:00,Up,1966.92307,1950.094982,1954.302004,2009-09-23 14:15:00,N/A,False
2009-09-23 21:00:00,2009-09-23 22:00:00,Up,1939.717661,1935.510639,1935.510639,2009-09-23 22:06:00,N/A,False
2009-09-23 22:00:00,2009-09-23 23:00:00,Up,1935.791107,1931.303617,1931.584085,2009-09-23 23:08:00,N/A,False
2009-09-24 01:00:00,2009-09-24 02:00:00,Up,1935.230171,1930.462212,1934.669234,2009-09-24 02:05:00,N/A,False
2009-09-24 05:00:00,2009-09-24 06:00:00,Up,1938.876256,1934.108298,1934.949702,2009-09-24 06:00:00,2009-09-24 06:20:00,True
2009-09-24 08:00:00,2009-09-24 09:00:00,Up,1947.290301,1933.82783,1938.595788,2009-09-24 09:00:00,N/A,False
2009-09-25 01:00:00,2009-09-25 02:00:00,Up,1914.19506,1909.988038,1911.670847,2009-09-25 02:05:00,N/A,False
2009-09-25 02:00:00,2009-09-25 03:00:00,Up,1913.353656,1906.902888,1907.744293,2009-09-25 03:03:00,2009-09-25 03:30:00,True
2009-09-25 06:00:00,2009-09-25 07:00:00,Up,1912.231783,1906.62242,1909.146633,2009-09-25 07:18:00,2009-09-25 07:30:00,True
2009-09-25 10:00:00,2009-09-25 11:00:00,Up,1910.548974,1901.854462,1902.976334,2009-09-25 11:00:00,N/A,False
2009-09-25 11:00:00,2009-09-25 12:00:00,Up,1903.256802,1895.684163,1897.927908,2009-09-25 12:13:00,2009-09-25 12:27:00,True
2009-09-27 17:00:00,2009-09-27 18:00:00,Up,1908.305229,1902.695866,1906.62242,2009-09-27 18:09:00,N/A,False
2009-09-27 18:00:00,2009-09-27 19:00:00,Up,1906.902888,1898.208376,1898.769312,2009-09-27 19:10:00,2009-09-27 19:25:00,True
2009-09-28 12:00:00,2009-09-28 13:00:00,Up,1942.80281,1935.510639,1936.071575,2009-09-28 13:07:00,2009-09-28 13:28:00,True
2009-09-28 13:00:00,2009-09-28 14:00:00,Up,1937.473916,1932.705957,1933.82783,2009-09-28 14:01:00,2009-09-28 14:20:00,True
2009-09-28 18:01:00,2009-09-28 19:01:00,Up,1934.949702,1932.986425,1933.266894,2009-09-28 19:02:00,N/A,False
2009-09-29 00:00:00,2009-09-29 01:00:00,Up,1933.266894,1932.145021,1932.145021,2009-09-29 01:00:00,2009-09-29 01:40:00,True
2009-09-29 01:00:00,2009-09-29 02:00:00,Up,1933.82783,1930.181744,1933.547362,2009-09-29 02:16:00,N/A,False
2009-09-29 02:00:00,2009-09-29 03:00:00,Up,1933.82783,1927.657531,1929.059871,2009-09-29 03:03:00,2009-09-29 03:27:00,True
2009-09-29 03:00:00,2009-09-29 04:00:00,Up,1929.34034,1925.974722,1926.816126,2009-09-29 04:08:00,N/A,False
2009-09-29 06:00:00,2009-09-29 07:00:00,Up,1928.498935,1924.291913,1925.694254,2009-09-29 07:03:00,2009-09-29 07:20:00,True
2009-09-29 08:00:00,2009-09-29 09:00:00,Up,1941.680938,1929.34034,1939.437193,2009-09-29 09:00:00,N/A,False
2009-09-29 09:00:00,2009-09-29 10:00:00,Up,1939.437193,1919.243487,1919.804423,2009-09-29 10:00:00,2009-09-29 10:20:00,True
2009-09-29 12:00:00,2009-09-29 13:00:00,Up,1931.864553,1927.096594,1928.779403,2009-09-29 13:03:00,N/A,False
2009-09-30 05:00:00,2009-09-30 06:00:00,Up,1932.986425,1931.023148,1931.303617,2009-09-30 06:04:00,2009-09-30 06:20:00,True
2009-09-30 06:00:00,2009-09-30 07:00:00,Up,1933.547362,1929.901276,1931.584085,2009-09-30 07:14:00,2009-09-30 07:30:00,True
2009-09-30 12:00:00,2009-09-30 13:00:00,Up,1940.839533,1929.901276,1932.705957,2009-09-30 13:02:00,2009-09-30 13:20:00,True
2009-09-30 13:00:00,2009-09-30 14:00:00,Up,1934.949702,1925.133317,1925.133317,2009-09-30 14:00:00,2009-09-30 14:48:00,True
2009-09-30 19:00:00,2009-09-30 20:00:00,Up,1937.193448,1926.25519,1927.937999,2009-09-30 20:03:00,N/A,False
2009-10-01 00:00:00,2009-10-01 01:00:00,Up,1922.889572,1920.084891,1921.487232,2009-10-01 01:03:00,2009-10-01 01:20:00,True
2009-10-01 04:00:00,2009-10-01 05:00:00,Up,1921.206764,1915.877869,1916.438805,2009-10-01 05:03:00,2009-10-01 05:22:00,True
2009-10-01 08:00:00,2009-10-01 09:00:00,Up,1920.645827,1907.463825,1912.231783,2009-10-01 09:00:00,N/A,False
2009-10-01 09:00:00,2009-10-01 10:00:00,Up,1916.719273,1890.635736,1893.720886,2009-10-01 10:01:00,N/A,False
2009-10-01 11:00:00,2009-10-01 12:00:00,Up,1884.745905,1876.892797,1880.538883,2009-10-01 12:10:00,N/A,False
2009-10-01 18:02:00,2009-10-01 19:02:00,Up,1871.283434,1869.039689,1869.881094,2009-10-01 19:06:00,2009-10-01 19:25:00,True
2009-10-02 05:00:00,2009-10-02 06:00:00,Up,1869.881094,1866.235008,1866.515476,2009-10-02 06:01:00,2009-10-02 06:20:00,True
2009-10-02 12:00:00,2009-10-02 13:00:00,Up,1875.770925,1870.44203,1872.405307,2009-10-02 13:00:00,2009-10-02 13:20:00,True
2009-10-02 13:00:00,2009-10-02 14:00:00,Up,1874.368584,1868.478753,1871.283434,2009-10-02 14:18:00,2009-10-02 14:32:00,True
2009-10-05 01:00:00,2009-10-05 02:00:00,Up,1874.088116,1868.478753,1870.44203,2009-10-05 02:01:00,2009-10-05 02:20:00,True
2009-10-05 05:00:00,2009-10-05 06:00:00,Up,1878.295138,1876.051393,1877.173265,2009-10-05 06:18:00,N/A,False
2009-10-05 12:00:00,2009-10-05 13:00:00,Up,1881.380288,1876.612329,1879.136542,2009-10-05 13:10:00,2009-10-05 13:32:00,True
2009-10-06 06:00:00,2009-10-06 07:00:00,Up,1895.684163,1891.477141,1893.720886,2009-10-06 07:05:00,N/A,False
2009-10-06 11:00:00,2009-10-06 12:00:00,Up,1917.28021,1911.10991,1911.390379,2009-10-06 12:00:00,2009-10-06 12:20:00,True
2009-10-06 12:00:00,2009-10-06 13:00:00,Up,1913.073187,1902.695866,1904.939611,2009-10-06 13:03:00,N/A,False
2009-10-07 01:00:00,2009-10-07 02:00:00,Up,1913.634124,1910.548974,1912.792719,2009-10-07 02:01:00,2009-10-07 02:20:00,True
2009-10-07 05:00:00,2009-10-07 06:00:00,Up,1916.438805,1911.10991,1911.670847,2009-10-07 06:00:00,2009-10-07 06:20:00,True
2009-10-07 06:00:00,2009-10-07 07:00:00,Up,1912.792719,1908.866165,1910.268506,2009-10-07 07:01:00,N/A,False
2009-10-07 12:00:00,2009-10-07 13:00:00,Up,1913.073187,1908.024761,1909.988038,2009-10-07 13:03:00,2009-10-07 13:46:00,True
2009-10-08 05:00:00,2009-10-08 06:00:00,Up,1932.425489,1930.181744,1930.74268,2009-10-08 06:06:00,2009-10-08 06:24:00,True
2009-10-08 06:00:00,2009-10-08 07:00:00,Up,1931.303617,1929.059871,1929.620808,2009-10-08 07:07:00,2009-10-08 07:20:00,True
2009-10-08 07:00:00,2009-10-08 08:00:00,Up,1934.108298,1927.937999,1931.303617,2009-10-08 08:15:00,2009-10-08 08:37:00,True
2009-10-08 08:00:00,2009-10-08 09:00:00,Up,1934.388766,1924.291913,1927.937999,2009-10-08 09:00:00,2009-10-08 09:24:00,True
2009-10-08 11:00:00,2009-10-08 12:00:00,Up,1941.680938,1934.669234,1937.473916,2009-10-08 12:07:00,N/A,False
2009-10-11 18:04:00,2009-10-11 19:04:00,Up,1941.120001,1937.193448,1938.034852,2009-10-11 19:13:00,N/A,False
2009-10-12 01:00:00,2009-10-12 02:00:00,Up,1939.998129,1936.352043,1936.912979,2009-10-12 02:01:00,2009-10-12 02:27:00,True
2009-10-12 06:00:00,2009-10-12 07:00:00,Up,1949.534046,1946.168428,1947.009832,2009-10-12 07:01:00,N/A,False
2009-10-12 10:00:00,2009-10-12 11:00:00,Up,1951.216855,1946.168428,1946.448896,2009-10-12 11:00:00,N/A,False
2009-10-12 12:00:00,2009-10-12 13:00:00,Up,1945.046555,1941.680938,1943.924683,2009-10-12 13:09:00,N/A,False
2009-10-13 01:00:00,2009-10-13 02:00:00,Up,1938.876256,1936.632511,1938.31532,2009-10-13 02:08:00,2009-10-13 02:20:00,True
2009-10-13 03:00:00,2009-10-13 04:00:00,Up,1939.437193,1934.949702,1937.473916,2009-10-13 04:14:00,N/A,False
2009-10-13 06:00:00,2009-10-13 07:00:00,Up,1944.485619,1939.717661,1940.559065,2009-10-13 07:19:00,2009-10-13 07:27:00,True
2009-10-13 07:00:00,2009-10-13 08:00:00,Up,1941.680938,1936.912979,1937.754384,2009-10-13 08:02:00,2009-10-13 08:20:00,True
2009-10-13 08:00:00,2009-10-13 09:00:00,Up,1944.485619,1933.82783,1934.949702,2009-10-13 09:00:00,2009-10-13 09:20:00,True
2009-10-13 12:00:00,2009-10-13 13:00:00,Up,1940.839533,1936.632511,1938.876256,2009-10-13 13:04:00,2009-10-13 13:49:00,True
2009-10-13 14:00:00,2009-10-13 15:00:00,Up,1942.80281,1936.352043,1939.437193,2009-10-13 15:07:00,2009-10-13 15:30:00,True
2009-10-14 00:00:00,2009-10-14 01:00:00,Up,1958.509026,1956.545749,1956.826217,2009-10-14 01:00:00,2009-10-14 01:20:00,True
2009-10-14 06:00:00,2009-10-14 07:00:00,Up,1966.362134,1962.43558,1964.398857,2009-10-14 07:01:00,2009-10-14 07:30:00,True
2009-10-14 12:00:00,2009-10-14 13:00:00,Up,1962.716048,1958.509026,1959.630899,2009-10-14 13:13:00,2009-10-14 13:20:00,True
2009-10-15 01:00:00,2009-10-15 02:00:00,Up,1961.874644,1959.911367,1959.911367,2009-10-15 02:00:00,2009-10-15 02:20:00,True
2009-10-15 02:00:00,2009-10-15 03:00:00,Up,1961.874644,1958.509026,1958.789494,2009-10-15 03:01:00,2009-10-15 03:20:00,True
2009-10-15 04:00:00,2009-10-15 05:00:00,Up,1961.874644,1959.630899,1960.191835,2009-10-15 05:00:00,2009-10-15 05:24:00,True
2009-10-15 06:00:00,2009-10-15 07:00:00,Up,1962.155112,1950.936386,1951.777791,2009-10-15 07:01:00,2009-10-15 07:30:00,True
2009-10-15 12:00:00,2009-10-15 13:00:00,Up,1959.350431,1955.984813,1957.387154,2009-10-15 13:15:00,2009-10-15 13:32:00,True
2009-10-16 00:01:00,2009-10-16 01:01:00,Up,1965.52073,1964.398857,1964.398857,2009-10-16 01:08:00,N/A,False
2009-10-16 05:00:00,2009-10-16 06:00:00,Up,1967.484007,1960.191835,1960.472303,2009-10-16 06:00:00,N/A,False
2009-10-16 06:00:00,2009-10-16 07:00:00,Up,1960.752771,1953.741068,1956.545749,2009-10-16 07:14:00,N/A,False
2009-10-16 08:00:00,2009-10-16 09:00:00,Up,1957.94809,1945.88796,1947.570769,2009-10-16 09:00:00,N/A,False
2009-10-18 18:00:00,2009-10-18 19:00:00,Up,1941.961406,1938.31532,1940.278597,2009-10-18 19:04:00,N/A,False
2009-10-19 06:00:00,2009-10-19 07:00:00,Up,1956.265281,1954.302004,1954.86294,2009-10-19 07:04:00,N/A,False
2009-10-19 08:00:00,2009-10-19 09:00:00,Up,1954.302004,1941.961406,1943.363747,2009-10-19 09:01:00,2009-10-19 09:20:00,True
2009-10-19 11:00:00,2009-10-19 12:00:00,Up,1969.727752,1965.240262,1966.362134,2009-10-19 12:00:00,2009-10-19 12:35:00,True
2009-10-19 14:00:00,2009-10-19 15:00:00,Up,1970.569156,1962.996516,1968.044943,2009-10-19 15:04:00,2009-10-19 15:30:00,True
2009-10-20 01:00:00,2009-10-20 02:00:00,Up,1985.1535,1982.629286,1984.592563,2009-10-20 02:05:00,N/A,False
2009-10-20 02:00:00,2009-10-20 03:00:00,Up,1984.592563,1977.019923,1977.58086,2009-10-20 03:00:00,N/A,False
2009-10-20 08:00:00,2009-10-20 09:00:00,Up,1984.031627,1966.081666,1973.373838,2009-10-20 09:18:00,2009-10-20 09:36:00,True
2009-10-20 10:00:00,2009-10-20 11:00:00,Up,1975.617583,1961.033239,1963.557453,2009-10-20 11:02:00,N/A,False
2009-10-21 00:00:00,2009-10-21 01:00:00,Up,1973.934774,1970.849624,1972.812901,2009-10-21 01:06:00,2009-10-21 01:38:00,True
2009-10-21 02:00:00,2009-10-21 03:00:00,Up,1975.617583,1969.166816,1970.00822,2009-10-21 03:04:00,N/A,False
2009-10-21 03:00:00,2009-10-21 04:00:00,Up,1970.849624,1964.959793,1969.727752,2009-10-21 04:12:00,N/A,False
2009-10-21 10:00:00,2009-10-21 11:00:00,Up,1990.762862,1979.263669,1981.226946,2009-10-21 11:14:00,2009-10-21 11:28:00,True
2009-10-21 14:00:00,2009-10-21 15:00:00,Up,1987.677713,1961.594176,1965.801198,2009-10-21 15:01:00,N/A,False
2009-10-21 19:00:00,2009-10-21 20:00:00,Up,1963.837921,1961.594176,1963.276985,2009-10-21 20:12:00,2009-10-21 20:33:00,True
2009-10-22 01:00:00,2009-10-22 02:00:00,Up,1963.276985,1958.789494,1960.191835,2009-10-22 02:01:00,2009-10-22 02:21:00,True
2009-10-22 08:00:00,2009-10-22 09:00:00,Up,1968.886347,1953.180132,1955.704345,2009-10-22 09:00:00,2009-10-22 09:21:00,True
2009-10-22 18:00:00,2009-10-22 19:00:00,Up,1982.629286,1980.666009,1982.348818,2009-10-22 19:06:00,N/A,False
2009-10-23 03:00:00,2009-10-23 04:00:00,Up,1983.470691,1978.141796,1978.702732,2009-10-23 04:00:00,2009-10-23 04:20:00,True
2009-10-23 08:00:00,2009-10-23 09:00:00,Up,1994.969884,1980.666009,1987.116777,2009-10-23 09:04:00,N/A,False
2009-10-23 09:00:00,2009-10-23 10:00:00,Up,1990.762862,1967.203539,1968.886347,2009-10-23 10:17:00,2009-10-23 10:37:00,True
2009-10-23 11:00:00,2009-10-23 12:00:00,Up,1975.337115,1969.166816,1970.288688,2009-10-23 12:00:00,2009-10-23 12:20:00,True
2009-10-25 18:00:00,2009-10-25 19:00:00,Up,1966.92307,1963.276985,1963.276985,2009-10-25 19:15:00,2009-10-25 19:20:00,True
2009-10-26 03:00:00,2009-10-26 04:00:00,Up,1976.739455,1969.727752,1969.727752,2009-10-26 04:01:00,2009-10-26 04:20:00,True
2009-10-26 05:00:00,2009-10-26 06:00:00,Up,1976.458987,1971.130093,1971.410561,2009-10-26 06:00:00,N/A,False
2009-10-26 09:00:00,2009-10-26 10:00:00,Up,1993.848012,1986.55584,1990.201926,2009-10-26 10:15:00,N/A,False
2009-10-26 10:00:00,2009-10-26 11:00:00,Up,1993.006608,1956.265281,1956.826217,2009-10-26 11:04:00,2009-10-26 11:20:00,True
2009-10-27 02:00:00,2009-10-27 03:00:00,Up,1961.874644,1958.228558,1960.191835,2009-10-27 03:03:00,2009-10-27 03:20:00,True
2009-10-27 06:00:00,2009-10-27 07:00:00,Up,1965.240262,1958.509026,1961.033239,2009-10-27 07:10:00,N/A,False
2009-10-27 10:00:00,2009-10-27 11:00:00,Up,1952.899663,1943.083278,1945.88796,2009-10-27 11:05:00,N/A,False
2009-10-27 11:00:00,2009-10-27 12:00:00,Up,1946.729364,1936.632511,1937.473916,2009-10-27 12:05:00,N/A,False
2009-10-27 21:00:00,2009-10-27 22:00:00,Up,1931.303617,1926.535658,1927.096594,2009-10-27 22:13:00,2009-10-27 22:59:00,True
2009-10-28 02:00:00,2009-10-28 03:00:00,Up,1931.303617,1928.218467,1929.620808,2009-10-28 03:03:00,N/A,False
2009-10-28 07:00:00,2009-10-28 08:00:00,Up,1928.498935,1922.609104,1927.377063,2009-10-28 08:08:00,N/A,False
2009-10-29 02:00:00,2009-10-29 03:00:00,Up,1890.916204,1886.709182,1890.0748,2009-10-29 03:10:00,2009-10-29 03:20:00,True
2009-10-29 06:00:00,2009-10-29 07:00:00,Up,1891.757609,1886.709182,1887.550587,2009-10-29 07:03:00,2009-10-29 07:22:00,True
2009-10-30 01:00:00,2009-10-30 02:00:00,Up,1914.475528,1912.792719,1913.634124,2009-10-30 02:19:00,N/A,False
2009-10-30 07:00:00,2009-10-30 08:00:00,Up,1916.438805,1911.390379,1912.231783,2009-10-30 08:00:00,2009-10-30 08:20:00,True
2009-10-30 13:00:00,2009-10-30 14:00:00,Up,1881.941224,1868.759221,1874.92952,2009-10-30 14:05:00,2009-10-30 14:32:00,True
2009-11-02 00:00:00,2009-11-02 01:00:00,Up,1875.490457,1872.124839,1872.405307,2009-11-02 01:00:00,2009-11-02 01:20:00,True
2009-11-02 01:00:00,2009-11-02 02:00:00,Up,1876.612329,1871.283434,1873.52718,2009-11-02 02:10:00,2009-11-02 02:20:00,True
2009-11-02 05:00:00,2009-11-02 06:00:00,Up,1876.051393,1872.124839,1874.649052,2009-11-02 06:16:00,N/A,False
2009-11-02 07:00:00,2009-11-02 08:00:00,Up,1874.088116,1871.002966,1871.283434,2009-11-02 08:08:00,2009-11-02 08:31:00,True
2009-11-02 12:00:00,2009-11-02 13:00:00,Up,1870.161562,1856.138155,1857.260027,2009-11-02 13:01:00,2009-11-02 13:20:00,True
2009-11-03 00:00:00,2009-11-03 01:00:00,Up,1875.209988,1872.405307,1872.405307,2009-11-03 01:00:00,N/A,False
2009-11-03 01:00:00,2009-11-03 02:00:00,Up,1872.405307,1867.076412,1868.478753,2009-11-03 02:00:00,N/A,False
2009-11-03 03:00:00,2009-11-03 04:00:00,Up,1865.674072,1853.89441,1855.016282,2009-11-03 04:00:00,2009-11-03 04:20:00,True
2009-11-04 00:00:00,2009-11-04 01:00:00,Up,1886.148246,1883.624033,1884.184969,2009-11-04 01:00:00,2009-11-04 01:28:00,True
2009-11-04 01:00:00,2009-11-04 02:00:00,Up,1885.306841,1881.660756,1883.624033,2009-11-04 02:02:00,2009-11-04 02:20:00,True
2009-11-04 10:00:00,2009-11-04 11:00:00,Up,1907.183356,1899.04978,1899.610717,2009-11-04 11:00:00,2009-11-04 11:39:00,True
2009-11-04 16:00:00,2009-11-04 17:00:00,Up,1895.123226,1890.355268,1891.477141,2009-11-04 17:00:00,2009-11-04 17:25:00,True
2009-11-05 01:00:00,2009-11-05 02:00:00,Up,1886.428714,1881.941224,1883.063096,2009-11-05 02:12:00,2009-11-05 02:20:00,True
2009-11-06 01:00:00,2009-11-06 02:00:00,Up,1930.462212,1926.25519,1926.535658,2009-11-06 02:00:00,2009-11-06 02:21:00,True
2009-11-06 03:00:00,2009-11-06 04:00:00,Up,1932.986425,1927.657531,1929.901276,2009-11-06 04:17:00,2009-11-06 04:29:00,True
2009-11-08 17:00:00,2009-11-08 18:01:00,Up,1942.241874,1938.595788,1939.437193,2009-11-08 18:08:00,2009-11-08 18:21:00,True
2009-11-09 05:00:00,2009-11-09 06:00:00,Up,1961.033239,1957.106686,1959.069962,2009-11-09 06:16:00,2009-11-09 06:30:00,True
2009-11-10 01:00:00,2009-11-10 02:00:00,Up,1977.300392,1975.337115,1976.178519,2009-11-10 02:03:00,2009-11-10 02:21:00,True
2009-11-10 03:00:00,2009-11-10 04:00:00,Up,1980.946477,1975.898051,1976.178519,2009-11-10 04:00:00,2009-11-10 04:27:00,True
2009-11-10 05:00:00,2009-11-10 06:00:00,Up,1980.946477,1977.019923,1977.019923,2009-11-10 06:00:00,2009-11-10 06:20:00,True
2009-11-10 07:00:00,2009-11-10 08:00:00,Up,1979.544137,1977.300392,1978.422264,2009-11-10 08:06:00,2009-11-10 08:20:00,True
2009-11-10 09:00:00,2009-11-10 10:00:00,Up,1993.006608,1979.544137,1980.666009,2009-11-10 10:07:00,2009-11-10 10:25:00,True
2009-11-11 06:00:00,2009-11-11 07:00:00,Up,2006.749546,2003.383929,2003.664397,2009-11-11 07:05:00,N/A,False
2009-11-11 07:00:00,2009-11-11 08:00:00,Up,2003.944865,2001.140184,2001.70112,2009-11-11 08:11:00,2009-11-11 08:23:00,True
2009-11-11 09:00:00,2009-11-11 10:00:00,Up,2010.956569,1994.408948,1995.250353,2009-11-11 10:00:00,2009-11-11 10:31:00,True
2009-11-11 22:00:00,2009-11-11 23:00:00,Up,1996.091757,1993.848012,1994.689416,2009-11-11 23:07:00,2009-11-11 23:27:00,True
2009-11-12 02:00:00,2009-11-12 03:00:00,Up,1998.335502,1992.726139,1994.969884,2009-11-12 03:13:00,N/A,False
2009-11-12 05:00:00,2009-11-12 06:00:00,Up,1998.055034,1991.323799,1993.848012,2009-11-12 06:15:00,N/A,False
2009-11-12 09:00:00,2009-11-12 10:00:00,Up,2012.078441,1999.457375,2002.262056,2009-11-12 10:09:00,N/A,False
2009-11-12 11:00:00,2009-11-12 12:00:00,Up,2000.298779,1993.006608,1996.372225,2009-11-12 12:07:00,2009-11-12 12:48:00,True
2009-11-12 13:00:00,2009-11-12 14:00:00,Up,1997.494098,1989.080054,1989.921458,2009-11-12 14:04:00,2009-11-12 14:20:00,True
2009-11-13 01:00:00,2009-11-13 02:00:00,Up,1994.408948,1992.445671,1994.12848,2009-11-13 02:06:00,2009-11-13 02:20:00,True
2009-11-13 03:00:00,2009-11-13 04:00:00,Up,1997.21363,1994.689416,1995.811289,2009-11-13 04:07:00,2009-11-13 04:27:00,True
2009-11-13 13:00:00,2009-11-13 14:00:00,Up,2007.871419,1996.372225,1996.652693,2009-11-13 14:00:00,2009-11-13 14:20:00,True
2009-11-16 02:00:00,2009-11-16 03:00:00,Up,2020.212017,2013.76125,2014.041718,2009-11-16 03:01:00,2009-11-16 03:20:00,True
2009-11-16 13:00:00,2009-11-16 14:00:00,Up,2034.79636,2028.90653,2030.589338,2009-11-16 14:02:00,N/A,False
2009-11-17 05:00:00,2009-11-17 06:00:00,Up,2024.138571,2019.370613,2022.73623,2009-11-17 06:16:00,N/A,False
2009-11-18 01:00:00,2009-11-18 02:00:00,Up,2031.711211,2027.784657,2027.784657,2009-11-18 02:00:00,2009-11-18 02:31:00,True
2009-11-18 05:00:00,2009-11-18 06:00:00,Up,2033.113552,2029.747934,2032.272147,2009-11-18 06:19:00,N/A,False
2009-11-18 06:00:00,2009-11-18 07:00:00,Up,2032.272147,2028.065125,2028.626061,2009-11-18 07:05:00,N/A,False
2009-11-18 08:00:00,2009-11-18 09:00:00,Up,2026.943253,2011.517505,2012.919845,2009-11-18 09:02:00,2009-11-18 09:20:00,True
2009-11-18 11:00:00,2009-11-18 12:00:00,Up,2017.968272,2011.797973,2011.797973,2009-11-18 12:00:00,2009-11-18 12:40:00,True
2009-11-19 01:00:00,2009-11-19 02:00:00,Up,2016.565931,2012.078441,2012.078441,2009-11-19 02:00:00,2009-11-19 02:21:00,True
2009-11-19 02:00:00,2009-11-19 03:00:00,Up,2014.322186,2010.6761,2012.078441,2009-11-19 03:08:00,N/A,False
2009-11-19 09:00:00,2009-11-19 10:00:00,Up,1987.397245,1976.739455,1977.300392,2009-11-19 10:06:00,2009-11-19 10:20:00,True
2009-11-19 11:00:00,2009-11-19 12:00:00,Up,1987.116777,1979.824605,1981.787882,2009-11-19 12:19:00,2009-11-19 12:32:00,True
2009-11-20 00:02:00,2009-11-20 01:02:00,Up,1988.519117,1986.836308,1987.397245,2009-11-20 01:08:00,2009-11-20 01:54:00,True
2009-11-20 03:00:00,2009-11-20 04:00:00,Up,1989.080054,1986.275372,1988.238649,2009-11-20 04:06:00,N/A,False
2009-11-20 04:00:00,2009-11-20 05:00:00,Up,1988.519117,1982.348818,1983.751159,2009-11-20 05:12:00,N/A,False
2009-11-20 05:00:00,2009-11-20 06:00:00,Up,1984.312095,1977.019923,1977.019923,2009-11-20 06:00:00,N/A,False
2009-11-20 08:00:00,2009-11-20 09:00:00,Up,1983.751159,1973.654306,1974.776178,2009-11-20 09:00:00,2009-11-20 09:20:00,True
2009-11-23 06:00:00,2009-11-23 07:00:00,Up,1998.896438,1995.250353,1996.091757,2009-11-23 07:04:00,2009-11-23 07:28:00,True
2009-11-23 09:00:00,2009-11-23 10:00:00,Up,2021.33389,2013.200314,2014.041718,2009-11-23 10:16:00,2009-11-23 10:23:00,True
2009-11-23 10:00:00,2009-11-23 11:00:00,Up,2015.724527,2008.151887,2008.432355,2009-11-23 11:15:00,2009-11-23 11:20:00,True
2009-11-23 12:00:00,2009-11-23 13:00:00,Up,2010.956569,2005.908142,2007.030015,2009-11-23 13:11:00,2009-11-23 13:36:00,True
2009-11-24 00:00:00,2009-11-24 01:00:00,Up,2003.664397,1999.457375,2000.298779,2009-11-24 01:18:00,2009-11-24 01:28:00,True
2009-11-24 08:00:00,2009-11-24 09:00:00,Up,2012.358909,1992.726139,1997.21363,2009-11-24 09:09:00,2009-11-24 09:31:00,True
2009-11-25 02:00:00,2009-11-25 03:00:00,Up,2015.444059,2011.517505,2011.797973,2009-11-25 03:04:00,2009-11-25 03:23:00,True
2009-11-25 04:00:00,2009-11-25 05:00:00,Up,2015.724527,2010.6761,2010.956569,2009-11-25 05:00:00,2009-11-25 05:20:00,True
2009-11-25 07:00:00,2009-11-25 08:00:00,Up,2019.090145,2009.554228,2014.602654,2009-11-25 08:11:00,N/A,False
2009-11-25 10:00:00,2009-11-25 11:00:00,Up,2014.041718,2009.834696,2012.358909,2009-11-25 11:07:00,N/A,False
2009-11-26 00:00:00,2009-11-26 01:00:00,Up,2005.066738,2001.70112,2003.383929,2009-11-26 01:15:00,N/A,False
2009-11-26 01:00:00,2009-11-26 02:00:00,Up,2003.944865,1998.896438,2001.70112,2009-11-26 02:11:00,N/A,False
2009-11-26 07:00:00,2009-11-26 08:00:00,Up,1995.250353,1990.762862,1992.726139,2009-11-26 08:08:00,N/A,False
2009-11-26 08:00:00,2009-11-26 09:00:00,Up,1992.726139,1971.691029,1974.215242,2009-11-26 09:12:00,N/A,False
2009-11-26 22:00:00,2009-11-26 23:00:00,Up,1964.398857,1952.899663,1953.741068,2009-11-26 23:02:00,2009-11-26 23:20:00,True
2009-11-27 00:00:00,2009-11-27 01:00:00,Up,1952.899663,1947.570769,1949.253578,2009-11-27 01:00:00,N/A,False
2009-11-27 04:00:00,2009-11-27 05:00:00,Up,1963.837921,1956.826217,1956.826217,2009-11-27 05:00:00,2009-11-27 05:32:00,True
2009-11-27 10:00:00,2009-11-27 11:00:00,Up,1996.652693,1987.677713,1990.201926,2009-11-27 11:04:00,2009-11-27 11:44:00,True
2009-11-29 22:01:00,2009-11-29 23:01:00,Up,1991.043331,1987.958181,1989.64099,2009-11-29 23:09:00,N/A,False
2009-11-30 01:00:00,2009-11-30 02:00:00,Up,1990.482394,1984.031627,1988.238649,2009-11-30 02:12:00,N/A,False
2009-11-30 03:00:00,2009-11-30 04:00:00,Up,1979.263669,1968.044943,1968.605879,2009-11-30 04:17:00,2009-11-30 04:22:00,True
2009-11-30 04:00:00,2009-11-30 05:00:00,Up,1975.056647,1966.642602,1972.532433,2009-11-30 05:11:00,N/A,False
2009-11-30 09:00:00,2009-11-30 10:00:00,Up,1986.55584,1976.458987,1977.300392,2009-11-30 10:01:00,N/A,False
2009-12-01 06:00:00,2009-12-01 07:00:00,Up,2002.542524,1998.896438,1999.176907,2009-12-01 07:01:00,2009-12-01 07:20:00,True
2009-12-01 13:00:00,2009-12-01 14:00:00,Up,2017.407336,2010.956569,2012.639377,2009-12-01 14:04:00,2009-12-01 14:20:00,True
2009-12-01 17:00:00,2009-12-01 18:00:00,Up,2010.956569,2008.151887,2009.834696,2009-12-01 18:04:00,2009-12-01 18:36:00,True
2009-12-02 02:00:00,2009-12-02 03:00:00,Up,2014.041718,2006.749546,2007.590951,2009-12-02 03:01:00,2009-12-02 03:20:00,True
2009-12-02 04:00:00,2009-12-02 05:00:00,Up,2012.078441,2007.310483,2009.554228,2009-12-02 05:10:00,N/A,False
2009-12-02 09:00:00,2009-12-02 10:00:00,Up,2026.662784,2014.883122,2023.858103,2009-12-02 10:15:00,N/A,False
2009-12-02 10:00:00,2009-12-02 11:00:00,Up,2024.138571,2013.200314,2014.602654,2009-12-02 11:15:00,N/A,False
2009-12-03 01:00:00,2009-12-03 02:00:00,Up,2021.614358,2019.651081,2019.931549,2009-12-03 02:01:00,2009-12-03 02:29:00,True
2009-12-03 03:00:00,2009-12-03 04:00:00,Up,2021.33389,2019.090145,2019.090145,2009-12-03 04:03:00,2009-12-03 04:27:00,True
2009-12-03 04:00:00,2009-12-03 05:00:00,Up,2019.931549,2014.322186,2015.724527,2009-12-03 05:02:00,2009-12-03 05:31:00,True
2009-12-03 08:00:00,2009-12-03 09:00:00,Up,2026.943253,2012.358909,2021.614358,2009-12-03 09:15:00,N/A,False
2009-12-03 13:00:00,2009-12-03 14:00:00,Up,2019.370613,2014.883122,2016.004995,2009-12-03 14:03:00,2009-12-03 14:20:00,True
2009-12-04 09:00:00,2009-12-04 10:00:00,Up,2036.198701,2028.065125,2029.186998,2009-12-04 10:00:00,N/A,False
2009-12-04 12:00:00,2009-12-04 13:00:00,Up,2007.871419,1996.372225,1998.055034,2009-12-04 13:09:00,2009-12-04 13:30:00,True
2009-12-07 00:00:00,2009-12-07 01:00:00,Up,2010.956569,2008.993292,2009.27376,2009-12-07 01:09:00,N/A,False
2009-12-07 01:00:00,2009-12-07 02:00:00,Up,2009.834696,2006.749546,2007.871419,2009-12-07 02:02:00,N/A,False
2009-12-07 02:00:00,2009-12-07 03:00:00,Up,2008.151887,1997.21363,1998.055034,2009-12-07 03:01:00,2009-12-07 03:20:00,True
2009-12-07 09:00:00,2009-12-07 10:00:00,Up,2016.004995,2008.712823,2012.078441,2009-12-07 10:04:00,N/A,False
2009-12-07 12:00:00,2009-12-07 13:00:00,Up,2012.639377,2006.749546,2007.310483,2009-12-07 13:00:00,N/A,False
2009-12-08 00:00:00,2009-12-08 01:00:00,Up,2005.066738,2001.70112,2003.944865,2009-12-08 01:02:00,N/A,False
2009-12-08 01:00:00,2009-12-08 02:00:00,Up,2004.225333,1998.335502,1998.61597,2009-12-08 02:00:00,2009-12-08 02:20:00,True
2009-12-08 04:00:00,2009-12-08 05:00:00,Up,2007.871419,2003.383929,2003.383929,2009-12-08 05:00:00,N/A,False
2009-12-08 05:00:00,2009-12-08 06:00:00,Up,2003.383929,1985.714436,1989.64099,2009-12-08 06:08:00,N/A,False
2009-12-08 11:00:00,2009-12-08 12:00:00,Up,2002.262056,1995.250353,1999.176907,2009-12-08 12:11:00,N/A,False
2009-12-09 00:00:00,2009-12-09 01:00:00,Up,1993.848012,1986.275372,1986.275372,2009-12-09 01:00:00,2009-12-09 01:22:00,True
2009-12-09 07:00:00,2009-12-09 08:00:00,Up,1996.372225,1989.360522,1990.482394,2009-12-09 08:00:00,N/A,False
2009-12-09 10:00:00,2009-12-09 11:00:00,Up,1995.811289,1989.64099,1992.726139,2009-12-09 11:16:00,N/A,False
2009-12-09 21:02:00,2009-12-09 22:02:00,Up,2011.237037,2007.590951,2008.432355,2009-12-09 22:13:00,N/A,False
2009-12-10 07:00:00,2009-12-10 08:00:00,Up,2023.858103,2016.565931,2016.846399,2009-12-10 08:00:00,2009-12-10 08:28:00,True
2009-12-10 10:00:00,2009-12-10 11:00:00,Up,2027.504189,2022.73623,2023.297167,2009-12-10 11:15:00,2009-12-10 11:20:00,True
2009-12-10 11:00:00,2009-12-10 12:00:00,Up,2026.662784,2021.894826,2026.382316,2009-12-10 12:08:00,N/A,False
2009-12-10 13:00:00,2009-12-10 14:00:00,Up,2025.540912,2021.614358,2023.297167,2009-12-10 14:05:00,N/A,False
2009-12-11 05:00:00,2009-12-11 06:00:00,Up,2030.595874,2026.946248,2027.226989,2009-12-11 06:10:00,2009-12-11 06:20:00,True
2009-12-11 07:00:00,2009-12-11 08:00:00,Up,2034.245501,2026.384767,2027.78847,2009-12-11 08:04:00,2009-12-11 08:26:00,True
2009-12-11 08:00:00,2009-12-11 09:00:00,Up,2031.157355,2018.804774,2027.226989,2009-12-11 09:16:00,N/A,False
2009-12-11 09:00:00,2009-12-11 10:00:00,Up,2027.78847,2017.120332,2020.769958,2009-12-11 10:05:00,N/A,False
2009-12-14 01:00:00,2009-12-14 02:00:00,Up,2030.595874,2024.981065,2025.261805,2009-12-14 02:05:00,2009-12-14 02:31:00,True
2009-12-14 03:00:00,2009-12-14 04:00:00,Up,2026.384767,2022.735141,2023.015882,2009-12-14 04:00:00,2009-12-14 04:20:00,True
2009-12-14 04:00:00,2009-12-14 05:00:00,Up,2024.700324,2021.331439,2021.331439,2009-12-14 05:00:00,2009-12-14 05:20:00,True
2009-12-14 08:00:00,2009-12-14 09:00:00,Up,2024.981065,2019.085515,2020.769958,2009-12-14 09:02:00,2009-12-14 09:51:00,True
2009-12-15 03:00:00,2009-12-15 04:00:00,Up,2027.507729,2024.138843,2024.419584,2009-12-15 04:00:00,2009-12-15 04:21:00,True
2009-12-15 13:00:00,2009-12-15 14:00:00,Up,2026.665508,2022.454401,2023.296622,2009-12-15 14:03:00,N/A,False
2009-12-16 05:00:00,2009-12-16 06:00:00,Up,2032.561058,2027.507729,2027.78847,2009-12-16 06:00:00,2009-12-16 06:20:00,True
2009-12-16 06:00:00,2009-12-16 07:00:00,Up,2029.472913,2026.384767,2026.665508,2009-12-16 07:01:00,2009-12-16 07:30:00,True
2009-12-16 07:00:00,2009-12-16 08:00:00,Up,2027.226989,2023.577363,2024.700324,2009-12-16 08:00:00,2009-12-16 08:20:00,True
2009-12-16 13:00:00,2009-12-16 14:00:00,Up,2030.034393,2019.085515,2021.050698,2009-12-16 14:01:00,2009-12-16 14:20:00,True
2009-12-17 04:00:00,2009-12-17 05:00:00,Up,2012.909224,2006.732934,2006.732934,2009-12-17 05:03:00,2009-12-17 05:33:00,True
2009-12-17 10:00:00,2009-12-17 11:00:00,Up,2007.294415,1998.31072,1999.714422,2009-12-17 11:02:00,2009-12-17 11:20:00,True
2009-12-17 13:00:00,2009-12-17 14:00:00,Up,2003.083308,1998.029979,2000.275903,2009-12-17 14:14:00,2009-12-17 14:34:00,True
2009-12-17 17:00:00,2009-12-17 18:01:00,Up,2004.48701,2003.925529,2004.20627,2009-12-17 18:12:00,2009-12-17 18:21:00,True
2009-12-18 00:00:00,2009-12-18 01:00:00,Up,2012.067003,2008.698117,2009.259598,2009-12-18 01:00:00,2009-12-18 01:23:00,True
2009-12-18 04:00:00,2009-12-18 05:00:00,Up,2016.27811,2011.786262,2013.470705,2009-12-18 05:06:00,2009-12-18 05:23:00,True
2009-12-18 09:00:00,2009-12-18 10:00:00,Up,2021.89292,2009.821079,2013.470705,2009-12-18 10:17:00,N/A,False
2009-12-20 21:00:00,2009-12-20 22:01:00,Up,2039.298829,2037.052905,2037.614386,2009-12-20 22:09:00,2009-12-20 22:26:00,True
2009-12-21 01:00:00,2009-12-21 02:00:00,Up,2034.806982,2030.876615,2031.438096,2009-12-21 02:11:00,2009-12-21 02:42:00,True
2009-12-21 07:00:00,2009-12-21 08:00:00,Up,2042.106234,2037.895127,2038.456608,2009-12-21 08:03:00,2009-12-21 08:29:00,True
2009-12-21 11:00:00,2009-12-21 12:00:00,Up,2059.231403,2050.809189,2053.897334,2009-12-21 12:17:00,2009-12-21 12:54:00,True
2009-12-21 13:00:00,2009-12-21 14:00:00,Up,2056.704739,2051.932151,2054.739556,2009-12-21 14:12:00,N/A,False
2009-12-22 06:00:00,2009-12-22 07:00:00,Up,2063.723251,2060.073625,2060.635106,2009-12-22 07:12:00,N/A,False
2009-12-22 09:00:00,2009-12-22 10:00:00,Up,2066.530656,2058.669922,2060.073625,2009-12-22 10:00:00,N/A,False
2009-12-22 12:00:00,2009-12-22 13:00:00,Up,2066.811396,2062.319548,2064.003991,2009-12-22 13:08:00,2009-12-22 13:43:00,True
2009-12-22 13:00:00,2009-12-22 14:00:00,Up,2064.565472,2061.196587,2062.881029,2009-12-22 14:11:00,2009-12-22 14:20:00,True
2009-12-23 01:00:00,2009-12-23 02:00:00,Up,2076.918053,2072.426206,2073.268427,2009-12-23 02:00:00,2009-12-23 02:28:00,True
2009-12-23 05:00:00,2009-12-23 06:00:00,Up,2076.075832,2073.829908,2074.95287,2009-12-23 06:02:00,N/A,False
2009-12-23 07:00:00,2009-12-23 08:00:00,Up,2075.23361,2069.05732,2069.899541,2009-12-23 08:14:00,2009-12-23 08:36:00,True
2009-12-23 08:00:00,2009-12-23 09:00:00,Up,2072.706946,2065.688434,2070.180282,2009-12-23 09:01:00,2009-12-23 09:45:00,True
2009-12-23 13:00:00,2009-12-23 14:00:00,Up,2079.444718,2076.356572,2077.760275,2009-12-23 14:15:00,2009-12-23 14:41:00,True
2009-12-24 05:00:00,2009-12-24 06:00:00,Up,2085.901749,2085.059527,2085.340268,2009-12-24 06:05:00,N/A,False
2009-12-28 00:00:00,2009-12-28 01:00:00,Up,2104.14988,2102.184696,2102.465437,2009-12-28 01:00:00,2009-12-28 01:30:00,True
2009-12-28 05:00:00,2009-12-28 06:00:00,Up,2106.115063,2104.43062,2105.553582,2009-12-28 06:04:00,N/A,False
2009-12-28 10:00:00,2009-12-28 11:00:00,Up,2109.764689,2107.238025,2107.799506,2009-12-28 11:05:00,2009-12-28 11:20:00,True
2009-12-28 12:00:00,2009-12-28 13:00:00,Up,2109.483949,2105.834322,2106.957284,2009-12-28 13:04:00,N/A,False
2009-12-29 08:00:00,2009-12-29 09:00:00,Up,2111.449132,2104.43062,2106.395803,2009-12-29 09:03:00,2009-12-29 09:30:00,True
2009-12-29 09:00:00,2009-12-29 10:00:00,Up,2106.957284,2101.342475,2104.43062,2009-12-29 10:14:00,N/A,False
2009-12-30 03:00:00,2009-12-30 04:00:00,Up,2099.658032,2094.043222,2095.166184,2009-12-30 04:02:00,N/A,False
2009-12-30 04:00:00,2009-12-30 05:00:00,Up,2095.166184,2091.797299,2094.043222,2009-12-30 05:17:00,2009-12-30 05:40:00,True
2009-12-30 11:00:00,2009-12-30 12:00:00,Up,2105.834322,2102.465437,2103.307658,2009-12-30 12:12:00,2009-12-30 12:57:00,True
2009-12-31 08:00:00,2009-12-31 09:00:00,Up,2112.291353,2106.115063,2107.518765,2009-12-31 09:06:00,N/A,False
2009-12-31 09:00:00,2009-12-31 10:00:00,Up,2108.080246,2100.780994,2103.026918,2009-12-31 10:07:00,N/A,False
2009-12-31 11:00:00,2009-12-31 12:00:00,Up,2101.903956,2100.219513,2100.780994,2009-12-31 12:04:00,N/A,False
2010-01-03 19:00:00,2010-01-03 20:00:00,Up,2100.500253,2096.850627,2096.850627,2010-01-03 20:00:00,2010-01-03 20:20:00,True
2010-01-04 06:00:00,2010-01-04 07:00:00,Up,2113.133575,2108.641727,2109.203208,2010-01-04 07:00:00,2010-01-04 07:35:00,True
2010-01-04 11:00:00,2010-01-04 12:00:00,Up,2120.713568,2117.906163,2119.029125,2010-01-04 12:02:00,N/A,False
2010-01-05 01:00:00,2010-01-05 02:00:00,Up,2119.309865,2117.344682,2119.029125,2010-01-05 02:05:00,N/A,False
2010-01-05 04:00:00,2010-01-05 05:00:00,Up,2119.029125,2115.098758,2116.783201,2010-01-05 05:17:00,2010-01-05 05:31:00,True
2010-01-05 08:00:00,2010-01-05 09:00:00,Up,2119.590606,2111.449132,2112.572094,2010-01-05 09:00:00,2010-01-05 09:20:00,True
2010-01-05 12:00:00,2010-01-05 13:00:00,Up,2116.22172,2111.729872,2112.572094,2010-01-05 13:09:00,2010-01-05 13:37:00,True
2010-01-06 03:00:00,2010-01-06 04:00:00,Up,2114.256537,2111.449132,2112.010613,2010-01-06 04:01:00,2010-01-06 04:23:00,True
2010-01-06 05:00:00,2010-01-06 06:00:00,Up,2117.063942,2113.414315,2115.098758,2010-01-06 06:05:00,N/A,False
2010-01-06 10:00:00,2010-01-06 11:00:00,Up,2122.398011,2112.010613,2112.572094,2010-01-06 11:03:00,N/A,False
2010-01-07 03:00:00,2010-01-07 04:00:00,Up,2106.395803,2100.500253,2101.623215,2010-01-07 04:15:00,2010-01-07 04:24:00,True
2010-01-07 11:00:00,2010-01-07 12:00:00,Up,2105.272841,2098.81581,2099.938772,2010-01-07 12:04:00,2010-01-07 12:22:00,True
2010-01-08 01:00:00,2010-01-08 02:00:00,Up,2112.291353,2109.764689,2109.764689,2010-01-08 02:00:00,2010-01-08 02:20:00,True
2010-01-08 02:00:00,2010-01-08 03:00:00,Up,2111.449132,2108.641727,2109.203208,2010-01-08 03:01:00,N/A,False
2010-01-08 06:00:00,2010-01-08 07:00:00,Up,2110.887651,2108.360987,2109.203208,2010-01-08 07:04:00,2010-01-08 07:20:00,True
2010-01-10 18:00:00,2010-01-10 19:01:00,Up,2132.223927,2130.258744,2130.820225,2010-01-10 19:01:00,2010-01-10 19:22:00,True
2010-01-11 03:00:00,2010-01-11 04:00:00,Up,2132.785408,2130.820225,2131.100965,2010-01-11 04:00:00,2010-01-11 04:20:00,True
2010-01-11 04:00:00,2010-01-11 05:00:00,Up,2133.346889,2130.539484,2133.066149,2010-01-11 05:16:00,N/A,False
2010-01-11 07:00:00,2010-01-11 08:00:00,Up,2130.258744,2126.047637,2126.889858,2010-01-11 08:11:00,2010-01-11 08:30:00,True
2010-01-11 08:00:00,2010-01-11 09:00:00,Up,2128.574301,2113.975796,2114.537277,2010-01-11 09:05:00,N/A,False
2010-01-11 12:00:00,2010-01-11 13:00:00,Up,2112.010613,2107.518765,2109.764689,2010-01-11 13:05:00,2010-01-11 13:20:00,True
2010-01-11 19:00:00,2010-01-11 20:00:00,Up,2114.256537,2111.449132,2111.729872,2010-01-11 20:06:00,N/A,False
2010-01-12 00:00:00,2010-01-12 01:00:00,Up,2115.379499,2112.852834,2114.537277,2010-01-12 01:14:00,N/A,False
2010-01-12 01:00:00,2010-01-12 02:00:00,Up,2114.818018,2111.729872,2112.010613,2010-01-12 02:06:00,N/A,False
2010-01-12 04:00:00,2010-01-12 05:00:00,Up,2109.483949,2105.272841,2108.080246,2010-01-12 05:02:00,N/A,False
2010-01-12 10:00:00,2010-01-12 11:00:00,Up,2099.938772,2092.63952,2094.885444,2010-01-12 11:01:00,N/A,False
2010-01-12 16:00:00,2010-01-12 17:00:00,Up,2095.446925,2094.323963,2094.604703,2010-01-12 17:05:00,N/A,False
2010-01-12 20:00:00,2010-01-12 21:00:00,Up,2099.377291,2094.043222,2094.043222,2010-01-12 21:00:00,N/A,False
2010-01-13 07:00:00,2010-01-13 08:00:00,Up,2100.500253,2096.008406,2096.008406,2010-01-13 08:00:00,2010-01-13 08:27:00,True
2010-01-13 08:00:00,2010-01-13 09:00:00,Up,2102.465437,2091.235818,2091.797299,2010-01-13 09:01:00,2010-01-13 09:56:00,True
2010-01-14 01:00:00,2010-01-14 02:00:00,Up,2117.625422,2115.379499,2117.344682,2010-01-14 02:06:00,N/A,False
2010-01-14 09:00:00,2010-01-14 10:00:00,Up,2122.11727,2111.168392,2111.449132,2010-01-14 10:00:00,2010-01-14 10:20:00,True
2010-01-15 00:00:00,2010-01-15 01:00:00,Up,2117.344682,2115.94098,2115.94098,2010-01-15 01:00:00,2010-01-15 01:20:00,True
2010-01-15 01:00:00,2010-01-15 02:00:00,Up,2117.344682,2114.818018,2116.502461,2010-01-15 02:04:00,2010-01-15 02:20:00,True
2010-01-15 03:00:00,2010-01-15 04:00:00,Up,2121.555789,2118.748384,2119.309865,2010-01-15 04:01:00,N/A,False
2010-01-15 04:00:00,2010-01-15 05:00:00,Up,2119.590606,2112.291353,2113.695056,2010-01-15 05:02:00,2010-01-15 05:20:00,True
2010-01-15 05:00:00,2010-01-15 06:00:00,Up,2117.625422,2111.729872,2113.133575,2010-01-15 06:00:00,N/A,False
2010-01-15 08:00:00,2010-01-15 09:00:00,Up,2123.801713,2105.553582,2108.641727,2010-01-15 09:01:00,N/A,False
2010-01-19 01:00:00,2010-01-19 02:00:00,Up,2102.184696,2100.780994,2101.903956,2010-01-19 02:03:00,N/A,False
2010-01-19 06:00:00,2010-01-19 07:00:00,Up,2092.63952,2089.551375,2090.112856,2010-01-19 07:00:00,2010-01-19 07:20:00,True
2010-01-19 13:00:00,2010-01-19 14:00:00,Up,2126.609118,2124.082453,2125.486156,2010-01-19 14:04:00,2010-01-19 14:24:00,True
2010-01-19 18:00:00,2010-01-19 19:00:00,Up,2124.924675,2120.432827,2124.643934,2010-01-19 19:18:00,N/A,False
2010-01-19 19:00:00,2010-01-19 20:00:00,Up,2124.643934,2119.309865,2120.152087,2010-01-19 20:05:00,2010-01-19 20:22:00,True
2010-01-20 01:00:00,2010-01-20 02:00:00,Up,2116.22172,2113.695056,2113.975796,2010-01-20 02:01:00,2010-01-20 02:24:00,True
2010-01-20 03:00:00,2010-01-20 04:00:00,Up,2117.063942,2112.852834,2113.133575,2010-01-20 04:02:00,2010-01-20 04:21:00,True
2010-01-20 05:00:00,2010-01-20 06:00:00,Up,2114.818018,2109.483949,2109.764689,2010-01-20 06:00:00,2010-01-20 06:20:00,True
2010-01-20 07:00:00,2010-01-20 08:00:00,Up,2117.906163,2109.764689,2111.729872,2010-01-20 08:04:00,2010-01-20 08:30:00,True
2010-01-20 08:00:00,2010-01-20 09:00:00,Up,2112.010613,2099.938772,2101.342475,2010-01-20 09:02:00,N/A,False
2010-01-20 09:00:00,2010-01-20 10:00:00,Up,2103.307658,2079.163977,2081.12916,2010-01-20 10:04:00,2010-01-20 10:31:00,True
2010-01-20 11:00:00,2010-01-20 12:00:00,Up,2086.182489,2078.602496,2080.006199,2010-01-20 12:02:00,2010-01-20 12:27:00,True
2010-01-20 19:00:00,2010-01-20 20:00:00,Up,2102.746177,2100.500253,2100.500253,2010-01-20 20:00:00,2010-01-20 20:20:00,True
2010-01-21 00:00:00,2010-01-21 01:00:00,Up,2106.395803,2101.903956,2102.465437,2010-01-21 01:02:00,2010-01-21 01:20:00,True
2010-01-21 02:00:00,2010-01-21 03:00:00,Up,2101.342475,2094.323963,2094.885444,2010-01-21 03:02:00,2010-01-21 03:20:00,True
2010-01-21 09:00:00,2010-01-21 10:00:00,Up,2115.098758,2075.23361,2081.12916,2010-01-21 10:06:00,2010-01-21 10:36:00,True
2010-01-21 11:00:00,2010-01-21 12:00:00,Up,2078.602496,2067.372877,2070.461022,2010-01-21 12:02:00,2010-01-21 12:20:00,True
2010-01-21 13:00:00,2010-01-21 14:00:00,Up,2085.621008,2074.110648,2080.006199,2010-01-21 14:13:00,2010-01-21 14:48:00,True
2010-01-21 16:00:00,2010-01-21 17:00:00,Up,2065.407694,2063.16177,2063.723251,2010-01-21 17:00:00,2010-01-21 17:20:00,True
2010-01-22 08:00:00,2010-01-22 09:00:00,Up,2074.672129,2061.758067,2067.934358,2010-01-22 09:04:00,N/A,False
2010-01-22 10:00:00,2010-01-22 11:00:00,Up,2065.407694,2054.739556,2057.26622,2010-01-22 11:02:00,2010-01-22 11:20:00,True
2010-01-22 11:00:00,2010-01-22 12:00:00,Up,2060.635106,2054.178075,2055.301036,2010-01-22 12:01:00,N/A,False
2010-01-22 12:00:00,2010-01-22 13:00:00,Up,2055.862517,2046.317341,2049.966967,2010-01-22 13:11:00,N/A,False
2010-01-22 13:00:00,2010-01-22 14:00:00,Up,2052.212891,2027.507729,2029.472913,2010-01-22 14:13:00,N/A,False
2010-01-25 05:00:00,2010-01-25 06:00:00,Up,2034.526241,2028.349951,2029.753653,2010-01-25 06:03:00,2010-01-25 06:23:00,True
2010-01-25 09:00:00,2010-01-25 10:00:00,Up,2034.245501,2023.296622,2029.472913,2010-01-25 10:04:00,N/A,False
2010-01-25 14:00:00,2010-01-25 15:00:00,Up,2032.280317,2020.489217,2021.050698,2010-01-25 15:00:00,2010-01-25 15:30:00,True
2010-01-25 19:00:00,2010-01-25 20:00:00,Up,2028.06921,2025.261805,2025.261805,2010-01-25 20:00:00,N/A,False
2010-01-26 03:00:00,2010-01-26 04:00:00,Up,2017.681812,2011.224781,2011.786262,2010-01-26 04:05:00,2010-01-26 04:28:00,True
2010-01-26 07:00:00,2010-01-26 08:00:00,Up,2024.981065,2019.646996,2021.331439,2010-01-26 08:03:00,N/A,False
2010-01-26 13:00:00,2010-01-26 14:00:00,Up,2048.001784,2033.122539,2038.456608,2010-01-26 14:17:00,N/A,False
2010-01-26 16:00:00,2010-01-26 17:00:00,Up,2024.138843,2021.050698,2021.050698,2010-01-26 17:00:00,2010-01-26 17:20:00,True
2010-01-26 17:00:00,2010-01-26 18:00:00,Up,2024.700324,2020.489217,2021.89292,2010-01-26 18:08:00,2010-01-26 18:35:00,True
2010-01-27 00:00:00,2010-01-27 01:00:00,Up,2019.085515,2017.401072,2017.962553,2010-01-27 01:00:00,N/A,False
2010-01-27 01:00:00,2010-01-27 02:00:00,Up,2017.962553,2012.909224,2015.435889,2010-01-27 02:07:00,N/A,False
2010-01-27 06:00:00,2010-01-27 07:00:00,Up,2024.138843,2019.366255,2019.927736,2010-01-27 07:00:00,2010-01-27 07:20:00,True
2010-01-27 07:00:00,2010-01-27 08:00:00,Up,2021.89292,2017.962553,2018.524034,2010-01-27 08:01:00,2010-01-27 08:21:00,True
2010-01-27 08:00:00,2010-01-27 09:00:00,Up,2031.999577,2013.751446,2027.507729,2010-01-27 09:17:00,N/A,False
2010-01-27 11:00:00,2010-01-27 12:00:00,Up,2025.542546,2018.524034,2019.927736,2010-01-27 12:03:00,N/A,False
2010-01-28 00:00:00,2010-01-28 01:00:00,Up,2043.229196,2040.983272,2041.544753,2010-01-28 01:01:00,2010-01-28 01:48:00,True
2010-01-28 02:00:00,2010-01-28 03:00:00,Up,2042.106234,2037.333646,2039.57957,2010-01-28 03:19:00,2010-01-28 03:36:00,True
2010-01-28 04:00:00,2010-01-28 05:00:00,Up,2041.544753,2031.157355,2033.68402,2010-01-28 05:09:00,2010-01-28 05:20:00,True
2010-01-28 07:00:00,2010-01-28 08:00:00,Up,2039.298829,2028.349951,2028.911432,2010-01-28 08:01:00,N/A,False
2010-01-28 08:00:00,2010-01-28 09:00:00,Up,2030.595874,2007.575155,2014.312927,2010-01-28 09:05:00,N/A,False
2010-01-28 09:00:00,2010-01-28 10:00:00,Up,2014.593667,1989.046284,1991.853689,2010-01-28 10:04:00,N/A,False
2010-01-28 12:00:00,2010-01-28 13:00:00,Up,1991.292208,1980.343329,1985.958139,2010-01-28 13:17:00,2010-01-28 13:25:00,True
2010-01-28 14:00:00,2010-01-28 15:00:00,Up,1999.714422,1985.958139,1987.0811,2010-01-28 15:03:00,2010-01-28 15:30:00,True
2010-01-28 16:00:00,2010-01-28 17:00:00,Up,1998.59146,1993.538131,1994.099612,2010-01-28 17:00:00,N/A,False
2010-01-28 17:00:00,2010-01-28 18:00:00,Up,1995.503315,1983.992955,1984.835177,2010-01-28 18:19:00,N/A,False
2010-01-28 21:00:00,2010-01-28 22:00:00,Up,1991.572948,1987.0811,1990.449986,2010-01-28 22:15:00,N/A,False
2010-01-28 23:00:00,2010-01-29 00:00:00,Up,1985.958139,1978.658886,1979.781848,2010-01-29 00:00:00,2010-01-29 00:20:00,True
2010-01-29 02:00:00,2010-01-29 03:00:00,Up,1997.187758,1992.134429,1994.380353,2010-01-29 03:11:00,N/A,False
2010-01-29 03:00:00,2010-01-29 04:00:00,Up,1995.503315,1988.204062,1988.204062,2010-01-29 04:00:00,2010-01-29 04:29:00,True
2010-01-29 08:00:00,2010-01-29 09:00:00,Up,2009.259598,1997.468498,2002.241086,2010-01-29 09:06:00,2010-01-29 09:22:00,True
2010-01-29 09:00:00,2010-01-29 10:00:00,Up,2006.452193,1988.484803,1992.415169,2010-01-29 10:07:00,N/A,False
2010-01-29 10:00:00,2010-01-29 11:00:00,Up,1993.257391,1972.482596,1973.324817,2010-01-29 11:00:00,2010-01-29 11:20:00,True
2010-01-29 12:00:00,2010-01-29 13:00:00,Up,1980.624069,1962.095198,1964.621862,2010-01-29 13:09:00,2010-01-29 13:20:00,True
2010-01-29 13:00:00,2010-01-29 14:00:00,Up,1967.710007,1946.935212,1951.42706,2010-01-29 14:14:00,2010-01-29 14:20:00,True
2010-02-01 05:00:00,2010-02-01 06:00:00,Up,1962.375938,1957.32261,1958.726312,2010-02-01 06:05:00,2010-02-01 06:20:00,True
2010-02-01 09:00:00,2010-02-01 10:00:00,Up,1970.517412,1957.041869,1957.32261,2010-02-01 10:00:00,2010-02-01 10:20:00,True
2010-02-01 13:00:00,2010-02-01 14:00:00,Up,1973.044077,1966.587046,1970.236672,2010-02-01 14:09:00,2010-02-01 14:26:00,True
2010-02-01 21:01:00,2010-02-01 22:01:00,Up,1972.763336,1970.236672,1970.517412,2010-02-01 22:12:00,2010-02-01 22:56:00,True
2010-02-02 01:00:00,2010-02-02 02:00:00,Up,1974.167038,1967.990748,1973.044077,2010-02-02 02:16:00,N/A,False
2010-02-02 06:00:00,2010-02-02 07:00:00,Up,1979.781848,1975.570741,1976.974443,2010-02-02 07:08:00,N/A,False
2010-02-02 08:00:00,2010-02-02 09:00:00,Up,1979.220367,1967.710007,1969.955931,2010-02-02 09:02:00,2010-02-02 09:20:00,True
2010-02-02 17:00:00,2010-02-02 18:00:00,Up,1990.169246,1987.923322,1987.923322,2010-02-02 18:00:00,2010-02-02 18:20:00,True
2010-02-02 19:00:00,2010-02-02 20:00:00,Up,1987.361841,1985.958139,1986.238879,2010-02-02 20:01:00,N/A,False
2010-02-03 01:00:00,2010-02-03 02:00:00,Up,1991.292208,1987.923322,1989.046284,2010-02-03 02:14:00,N/A,False
2010-02-03 06:00:00,2010-02-03 07:00:00,Up,1991.572948,1985.677398,1985.958139,2010-02-03 07:00:00,2010-02-03 07:20:00,True
2010-02-03 10:00:00,2010-02-03 11:00:00,Up,1998.59146,1989.046284,1989.046284,2010-02-03 11:00:00,2010-02-03 11:20:00,True
2010-02-03 21:00:00,2010-02-03 22:01:00,Up,2010.10182,2007.575155,2008.136636,2010-02-03 22:01:00,N/A,False
2010-02-04 00:00:00,2010-02-04 01:00:00,Up,2006.452193,2004.48701,2004.767751,2010-02-04 01:00:00,N/A,False
2010-02-04 01:00:00,2010-02-04 02:00:00,Up,2004.767751,2000.556643,2000.837384,2010-02-04 02:00:00,2010-02-04 02:20:00,True
2010-02-04 02:00:00,2010-02-04 03:00:00,Up,2004.48701,1998.31072,1998.8722,2010-02-04 03:01:00,N/A,False
2010-02-04 03:00:00,2010-02-04 04:00:00,Up,1998.8722,1994.941834,1996.907017,2010-02-04 04:06:00,N/A,False
2010-02-04 05:00:00,2010-02-04 06:00:00,Up,1996.626277,1993.538131,1994.661093,2010-02-04 06:01:00,2010-02-04 06:20:00,True
2010-02-04 07:00:00,2010-02-04 08:00:00,Up,2000.275903,1989.046284,1989.607765,2010-02-04 08:02:00,2010-02-04 08:20:00,True
2010-02-04 08:00:00,2010-02-04 09:00:00,Up,1991.292208,1967.148527,1968.271488,2010-02-04 09:10:00,2010-02-04 09:32:00,True
2010-02-04 09:00:00,2010-02-04 10:00:00,Up,1972.763336,1961.533717,1962.656679,2010-02-04 10:00:00,2010-02-04 10:20:00,True
2010-02-04 12:00:00,2010-02-04 13:00:00,Up,1958.164831,1951.42706,1952.550022,2010-02-04 13:15:00,2010-02-04 13:20:00,True
2010-02-04 13:00:00,2010-02-04 14:00:00,Up,1959.007053,1950.023357,1955.918907,2010-02-04 14:16:00,N/A,False
2010-02-05 00:02:00,2010-02-05 01:02:00,Up,1954.795945,1952.550022,1952.830762,2010-02-05 01:05:00,2010-02-05 01:22:00,True
2010-02-05 01:00:00,2010-02-05 02:00:00,Up,1954.234465,1950.304098,1950.304098,2010-02-05 02:00:00,2010-02-05 02:37:00,True
2010-02-05 03:00:00,2010-02-05 04:00:00,Up,1953.111503,1942.724105,1942.724105,2010-02-05 04:00:00,2010-02-05 04:20:00,True
2010-02-05 04:00:00,2010-02-05 05:00:00,Up,1945.81225,1940.478181,1941.039662,2010-02-05 05:00:00,2010-02-05 05:20:00,True
2010-02-05 06:00:00,2010-02-05 07:00:00,Up,1950.304098,1944.408548,1944.970029,2010-02-05 07:02:00,2010-02-05 07:22:00,True
2010-02-05 08:00:00,2010-02-05 09:00:00,Up,1957.60335,1935.424853,1938.232257,2010-02-05 09:06:00,2010-02-05 09:20:00,True
2010-02-05 11:00:00,2010-02-05 12:00:00,Up,1947.777434,1940.197441,1944.970029,2010-02-05 12:09:00,N/A,False
2010-02-07 23:00:00,2010-02-08 00:00:00,Up,1960.972236,1958.164831,1958.726312,2010-02-08 00:16:00,2010-02-08 00:25:00,True
2010-02-08 03:00:00,2010-02-08 04:00:00,Up,1968.552229,1962.095198,1964.621862,2010-02-08 04:13:00,2010-02-08 04:31:00,True
2010-02-08 05:00:00,2010-02-08 06:00:00,Up,1960.972236,1955.918907,1956.480388,2010-02-08 06:14:00,2010-02-08 06:48:00,True
2010-02-08 11:00:00,2010-02-08 12:00:00,Up,1969.11371,1962.375938,1966.867786,2010-02-08 12:11:00,N/A,False
2010-02-08 13:00:00,2010-02-08 14:00:00,Up,1964.341122,1956.480388,1957.884091,2010-02-08 14:01:00,N/A,False
2010-02-08 18:00:00,2010-02-08 19:00:00,Up,1949.461876,1946.935212,1947.777434,2010-02-08 19:12:00,2010-02-08 19:31:00,True
2010-02-09 04:00:00,2010-02-09 05:00:00,Up,1964.902603,1960.410755,1961.533717,2010-02-09 05:03:00,2010-02-09 05:37:00,True
2010-02-09 07:00:00,2010-02-09 08:00:00,Up,1968.832969,1963.779641,1966.587046,2010-02-09 08:12:00,2010-02-09 08:23:00,True
2010-02-09 12:00:00,2010-02-09 13:00:00,Up,1975.570741,1968.552229,1972.763336,2010-02-09 13:17:00,2010-02-09 13:31:00,True
2010-02-09 19:00:00,2010-02-09 20:00:00,Up,1971.359634,1968.552229,1969.39445,2010-02-09 20:17:00,N/A,False
2010-02-10 01:00:00,2010-02-10 02:00:00,Up,1968.552229,1964.341122,1965.183343,2010-02-10 02:01:00,2010-02-10 02:20:00,True
2010-02-10 05:00:00,2010-02-10 06:00:00,Up,1977.255184,1972.201855,1975.00926,2010-02-10 06:09:00,2010-02-10 06:40:00,True
2010-02-10 06:00:00,2010-02-10 07:00:00,Up,1978.378146,1967.429267,1968.552229,2010-02-10 07:14:00,2010-02-10 07:21:00,True
2010-02-10 08:00:00,2010-02-10 09:00:00,Up,1975.00926,1962.656679,1968.552229,2010-02-10 09:03:00,N/A,False
2010-02-11 04:00:00,2010-02-11 05:00:00,Up,1968.271488,1965.183343,1967.710007,2010-02-11 05:04:00,2010-02-11 05:46:00,True
2010-02-11 07:00:00,2010-02-11 08:00:00,Up,1971.359634,1962.656679,1966.025565,2010-02-11 08:00:00,N/A,False
2010-02-11 18:00:00,2010-02-11 19:00:00,Up,1995.222574,1990.169246,1990.449986,2010-02-11 19:16:00,2010-02-11 19:24:00,True
2010-02-12 00:00:00,2010-02-12 01:00:00,Up,1994.380353,1992.415169,1994.099612,2010-02-12 01:01:00,N/A,False
2010-02-12 01:00:00,2010-02-12 02:00:00,Up,1994.099612,1990.169246,1990.449986,2010-02-12 02:00:00,2010-02-12 02:20:00,True
2010-02-12 03:00:00,2010-02-12 04:00:00,Up,1991.853689,1983.431474,1983.992955,2010-02-12 04:00:00,N/A,False
2010-02-12 04:00:00,2010-02-12 05:00:00,Up,1984.835177,1975.570741,1977.816665,2010-02-12 05:16:00,2010-02-12 05:37:00,True
2010-02-12 07:00:00,2010-02-12 08:00:00,Up,1984.273696,1977.816665,1981.747031,2010-02-12 08:15:00,N/A,False
2010-02-15 00:01:00,2010-02-15 01:01:00,Up,1998.029979,1995.222574,1996.345536,2010-02-15 01:06:00,2010-02-15 01:34:00,True
2010-02-16 04:00:00,2010-02-16 05:00:00,Up,2015.716629,2011.224781,2012.909224,2010-02-16 05:05:00,2010-02-16 05:45:00,True
2010-02-16 05:00:00,2010-02-16 06:00:00,Up,2013.189965,2010.944041,2012.347743,2010-02-16 06:09:00,N/A,False
2010-02-16 11:00:00,2010-02-16 12:00:00,Up,2018.243293,2015.155148,2016.27811,2010-02-16 12:02:00,2010-02-16 12:20:00,True
2010-02-16 12:00:00,2010-02-16 13:00:00,Up,2017.681812,2014.312927,2016.27811,2010-02-16 13:07:00,2010-02-16 13:26:00,True
2010-02-17 00:00:00,2010-02-17 01:00:00,Up,2024.700324,2023.015882,2023.577363,2010-02-17 01:00:00,2010-02-17 01:40:00,True
2010-02-17 04:00:00,2010-02-17 05:00:00,Up,2027.226989,2025.261805,2025.542546,2010-02-17 05:04:00,2010-02-17 05:40:00,True
2010-02-17 05:00:00,2010-02-17 06:00:00,Up,2027.226989,2023.577363,2026.384767,2010-02-17 06:05:00,2010-02-17 06:38:00,True
2010-02-17 12:00:00,2010-02-17 13:00:00,Up,2030.595874,2027.226989,2028.630691,2010-02-17 13:00:00,2010-02-17 13:34:00,True
2010-02-17 17:00:00,2010-02-17 18:00:00,Up,2034.245501,2032.841798,2032.841798,2010-02-17 18:05:00,2010-02-17 18:24:00,True
2010-02-18 00:00:00,2010-02-18 01:00:00,Up,2033.96476,2031.438096,2032.841798,2010-02-18 01:13:00,N/A,False
2010-02-18 01:00:00,2010-02-18 02:00:00,Up,2032.841798,2027.78847,2028.06921,2010-02-18 02:01:00,2010-02-18 02:20:00,True
2010-02-18 05:00:00,2010-02-18 06:00:00,Up,2037.333646,2035.368463,2036.772165,2010-02-18 06:14:00,2010-02-18 06:28:00,True
2010-02-18 14:00:00,2010-02-18 15:00:00,Up,2049.124746,2045.194379,2045.75586,2010-02-18 15:00:00,N/A,False
2010-02-18 16:00:00,2010-02-18 17:00:00,Up,2033.122539,2028.630691,2030.595874,2010-02-18 17:13:00,2010-02-18 17:21:00,True
2010-02-18 17:00:00,2010-02-18 18:00:00,Up,2031.718836,2027.507729,2027.78847,2010-02-18 18:04:00,2010-02-18 18:20:00,True
2010-02-18 19:00:00,2010-02-18 20:01:00,Up,2031.438096,2027.507729,2027.78847,2010-02-18 20:01:00,2010-02-18 20:21:00,True
2010-02-19 03:00:00,2010-02-19 04:00:00,Up,2034.245501,2030.876615,2032.841798,2010-02-19 04:19:00,2010-02-19 04:36:00,True
2010-02-19 08:00:00,2010-02-19 09:00:00,Up,2044.352158,2036.210684,2036.491424,2010-02-19 09:00:00,2010-02-19 09:20:00,True
2010-02-19 12:00:00,2010-02-19 13:00:00,Up,2055.020296,2047.440303,2048.844005,2010-02-19 13:07:00,2010-02-19 13:32:00,True
2010-02-19 13:00:00,2010-02-19 14:00:00,Up,2049.966967,2045.47512,2046.598082,2010-02-19 14:08:00,2010-02-19 14:43:00,True
2010-02-22 08:00:00,2010-02-22 09:00:00,Up,2055.862517,2037.614386,2040.421791,2010-02-22 09:00:00,2010-02-22 09:23:00,True
2010-02-23 02:00:00,2010-02-23 03:00:00,Up,2053.897334,2049.405486,2052.212891,2010-02-23 03:09:00,N/A,False
2010-02-23 03:00:00,2010-02-23 04:00:00,Up,2052.212891,2046.878822,2049.124746,2010-02-23 04:19:00,N/A,False
2010-02-23 04:00:00,2010-02-23 05:00:00,Up,2049.124746,2036.491424,2036.491424,2010-02-23 05:00:00,N/A,False
2010-02-23 08:00:00,2010-02-23 09:00:00,Up,2040.983272,2032.561058,2037.333646,2010-02-23 09:00:00,N/A,False
2010-02-23 10:00:00,2010-02-23 11:00:00,Up,2020.489217,2012.347743,2013.751446,2010-02-23 11:03:00,N/A,False
2010-02-24 02:00:00,2010-02-24 03:00:00,Up,2026.384767,2020.489217,2020.769958,2010-02-24 03:02:00,N/A,False
2010-02-24 07:00:00,2010-02-24 08:00:00,Up,2028.349951,2024.981065,2027.226989,2010-02-24 08:07:00,2010-02-24 08:30:00,True
2010-02-24 08:00:00,2010-02-24 09:00:00,Up,2037.052905,2024.700324,2034.526241,2010-02-24 09:19:00,2010-02-24 09:40:00,True
2010-02-24 12:00:00,2010-02-24 13:00:00,Up,2041.544753,2035.929944,2039.57957,2010-02-24 13:18:00,N/A,False
2010-02-24 13:00:00,2010-02-24 14:00:00,Up,2039.86031,2028.349951,2028.911432,2010-02-24 14:02:00,2010-02-24 14:21:00,True
2010-02-24 18:00:00,2010-02-24 19:00:00,Up,2037.052905,2034.245501,2034.526241,2010-02-24 19:14:00,2010-02-24 19:25:00,True
2010-02-24 21:00:00,2010-02-24 22:00:00,Up,2033.68402,2026.384767,2026.665508,2010-02-24 22:00:00,N/A,False
2010-02-25 01:00:00,2010-02-25 02:00:00,Up,2025.261805,2021.89292,2024.700324,2010-02-25 02:03:00,2010-02-25 02:20:00,True
2010-02-25 04:00:00,2010-02-25 05:00:00,Up,2031.438096,2027.226989,2027.78847,2010-02-25 05:02:00,2010-02-25 05:20:00,True
2010-02-25 05:00:00,2010-02-25 06:00:00,Up,2030.034393,2026.104027,2027.78847,2010-02-25 06:13:00,N/A,False
2010-02-25 07:00:00,2010-02-25 08:00:00,Up,2027.507729,2016.27811,2017.681812,2010-02-25 08:03:00,N/A,False
2010-02-26 00:00:00,2010-02-26 01:00:00,Up,2041.544753,2038.456608,2040.421791,2010-02-26 01:01:00,N/A,False
2010-02-26 01:00:00,2010-02-26 02:00:00,Up,2040.421791,2035.649203,2036.210684,2010-02-26 02:01:00,2010-02-26 02:21:00,True
2010-02-26 06:00:00,2010-02-26 07:00:00,Up,2040.141051,2034.526241,2035.649203,2010-02-26 07:07:00,2010-02-26 07:20:00,True
2010-02-26 10:00:00,2010-02-26 11:00:00,Up,2044.913639,2036.772165,2040.421791,2010-02-26 11:12:00,2010-02-26 11:37:00,True
2010-03-01 04:00:00,2010-03-01 05:00:00,Up,2055.301036,2050.528448,2050.809189,2010-03-01 05:01:00,2010-03-01 05:20:00,True
2010-03-01 11:00:00,2010-03-01 12:00:00,Up,2073.829908,2069.05732,2069.618801,2010-03-01 12:01:00,2010-03-01 12:20:00,True
2010-03-01 13:00:00,2010-03-01 14:00:00,Up,2075.795091,2069.899541,2071.303244,2010-03-01 14:06:00,2010-03-01 14:20:00,True
2010-03-02 07:00:00,2010-03-02 08:00:00,Up,2081.971382,2078.602496,2080.286939,2010-03-02 08:19:00,2010-03-02 08:31:00,True
2010-03-02 10:00:00,2010-03-02 11:00:00,Up,2087.586191,2081.971382,2086.463229,2010-03-02 11:17:00,N/A,False
2010-03-03 02:00:00,2010-03-03 03:00:00,Up,2082.252122,2077.760275,2078.602496,2010-03-03 03:09:00,2010-03-03 03:20:00,True
2010-03-03 05:00:00,2010-03-03 06:00:00,Up,2083.375084,2079.444718,2080.286939,2010-03-03 06:07:00,N/A,False
2010-03-03 10:00:00,2010-03-03 11:00:00,Up,2090.112856,2086.182489,2088.147672,2010-03-03 11:06:00,N/A,False
2010-03-04 04:00:00,2010-03-04 05:00:00,Up,2080.006199,2077.198794,2079.163977,2010-03-04 05:19:00,2010-03-04 05:37:00,True
2010-03-04 08:00:00,2010-03-04 09:00:00,Up,2087.586191,2077.760275,2084.778787,2010-03-04 09:18:00,N/A,False
2010-03-05 00:00:00,2010-03-05 01:00:00,Up,2091.516558,2090.112856,2090.112856,2010-03-05 01:00:00,2010-03-05 01:20:00,True
2010-03-05 10:00:00,2010-03-05 11:00:00,Up,2117.344682,2113.975796,2114.256537,2010-03-05 11:13:00,2010-03-05 11:20:00,True
2010-03-05 12:00:00,2010-03-05 13:00:00,Up,2120.152087,2116.22172,2117.625422,2010-03-05 13:18:00,2010-03-05 13:33:00,True
2010-03-08 01:00:00,2010-03-08 02:00:00,Up,2121.555789,2118.467644,2119.029125,2010-03-08 02:00:00,N/A,False
2010-03-08 13:00:00,2010-03-08 14:00:00,Up,2127.73208,2123.801713,2124.363194,2010-03-08 14:05:00,2010-03-08 14:21:00,True
2010-03-09 02:00:00,2010-03-09 03:00:00,Up,2122.398011,2116.502461,2116.502461,2010-03-09 03:00:00,2010-03-09 03:20:00,True
2010-03-09 13:00:00,2010-03-09 14:00:00,Up,2145.980211,2136.154294,2136.435034,2010-03-09 14:01:00,N/A,False
2010-03-10 01:00:00,2010-03-10 02:00:00,Up,2136.996515,2135.312073,2135.312073,2010-03-10 02:00:00,2010-03-10 02:20:00,True
2010-03-10 03:00:00,2010-03-10 04:00:00,Up,2140.646142,2137.277256,2137.277256,2010-03-10 04:00:00,2010-03-10 04:24:00,True
2010-03-10 06:01:00,2010-03-10 07:01:00,Up,2140.084661,2136.435034,2137.277256,2010-03-10 07:04:00,2010-03-10 07:21:00,True
2010-03-10 07:00:00,2010-03-10 08:00:00,Up,2139.242439,2135.873554,2137.557996,2010-03-10 08:05:00,2010-03-10 08:24:00,True
2010-03-10 10:00:00,2010-03-10 11:00:00,Up,2155.244646,2148.506875,2152.717982,2010-03-10 11:12:00,N/A,False
2010-03-10 12:00:00,2010-03-10 13:00:00,Up,2154.683166,2149.349096,2150.191318,2010-03-10 13:01:00,2010-03-10 13:20:00,True
2010-03-10 17:00:00,2010-03-10 18:00:00,Up,2152.998723,2150.752799,2151.033539,2010-03-10 18:17:00,2010-03-10 18:20:00,True
2010-03-10 19:00:00,2010-03-10 20:00:00,Up,2152.437242,2150.191318,2151.59502,2010-03-10 20:06:00,N/A,False
2010-03-11 07:03:00,2010-03-11 08:03:00,Up,2153.006661,2145.133579,2145.133579,2010-03-11 08:03:00,2010-03-11 08:23:00,True
2010-03-11 10:00:00,2010-03-11 11:00:00,Up,2155.537294,2149.632483,2153.006661,2010-03-11 11:12:00,N/A,False
2010-03-11 12:00:00,2010-03-11 13:00:00,Up,2153.569024,2149.913665,2149.913665,2010-03-11 13:02:00,2010-03-11 13:20:00,True
2010-03-12 01:00:00,2010-03-12 02:00:00,Up,2161.723287,2160.036198,2160.036198,2010-03-12 02:02:00,2010-03-12 02:20:00,True
2010-03-12 08:00:00,2010-03-12 09:00:00,Up,2168.752824,2160.036198,2164.816283,2010-03-12 09:02:00,N/A,False
2010-03-12 13:00:00,2010-03-12 14:00:00,Up,2164.535102,2161.160924,2162.848013,2010-03-12 14:16:00,2010-03-12 14:45:00,True
2010-03-15 03:00:00,2010-03-15 04:00:00,Up,2159.755017,2156.66202,2157.224383,2010-03-15 04:01:00,N/A,False
2010-03-15 07:00:00,2010-03-15 08:00:00,Up,2160.036198,2157.786746,2158.067928,2010-03-15 08:08:00,2010-03-15 08:41:00,True
2010-03-15 08:00:00,2010-03-15 09:00:00,Up,2162.28565,2152.725479,2153.006661,2010-03-15 09:00:00,2010-03-15 09:20:00,True
2010-03-15 09:00:00,2010-03-15 10:00:00,Up,2157.786746,2148.507757,2149.632483,2010-03-15 10:07:00,N/A,False
2010-03-15 12:00:00,2010-03-15 13:00:00,Up,2146.539487,2143.44649,2145.414761,2010-03-15 13:11:00,2010-03-15 13:43:00,True
2010-03-16 02:00:00,2010-03-16 03:00:00,Up,2159.473835,2157.505565,2157.786746,2010-03-16 03:00:00,2010-03-16 03:30:00,True
2010-03-16 06:00:00,2010-03-16 07:00:00,Up,2161.442106,2160.036198,2160.31738,2010-03-16 07:14:00,2010-03-16 07:30:00,True
2010-03-16 12:00:00,2010-03-16 13:00:00,Up,2167.346917,2164.535102,2165.378646,2010-03-16 13:00:00,2010-03-16 13:20:00,True
2010-03-17 02:00:00,2010-03-17 03:00:00,Up,2174.095273,2172.970547,2173.53291,2010-03-17 03:08:00,2010-03-17 03:24:00,True
2010-03-17 03:00:00,2010-03-17 04:00:00,Up,2174.095273,2172.408184,2172.689365,2010-03-17 04:02:00,2010-03-17 04:25:00,True
2010-03-17 06:00:00,2010-03-17 07:00:00,Up,2174.938817,2172.127002,2172.127002,2010-03-17 07:10:00,2010-03-17 07:33:00,True
2010-03-17 13:00:00,2010-03-17 14:00:00,Up,2183.655443,2172.127002,2172.408184,2010-03-17 14:18:00,2010-03-17 14:28:00,True
2010-03-18 01:00:00,2010-03-18 02:00:00,Up,2173.53291,2172.127002,2172.408184,2010-03-18 02:01:00,N/A,False
2010-03-18 02:00:00,2010-03-18 03:00:00,Up,2172.689365,2169.87755,2169.87755,2010-03-18 03:04:00,2010-03-18 03:20:00,True
2010-03-18 10:00:00,2010-03-18 11:00:00,Up,2182.811899,2175.782361,2176.344724,2010-03-18 11:01:00,2010-03-18 11:20:00,True
2010-03-19 02:00:00,2010-03-19 03:00:00,Up,2183.936625,2182.811899,2183.374262,2010-03-19 03:06:00,2010-03-19 03:20:00,True
2010-03-19 03:00:00,2010-03-19 04:00:00,Up,2184.498988,2181.12481,2182.249536,2010-03-19 04:08:00,2010-03-19 04:28:00,True
2010-03-19 08:00:00,2010-03-19 09:00:00,Up,2191.247343,2180.000084,2182.249536,2010-03-19 09:01:00,N/A,False
2010-03-19 09:00:00,2010-03-19 10:00:00,Up,2182.530717,2167.90928,2170.721095,2010-03-19 10:12:00,2010-03-19 10:49:00,True
2010-03-21 20:00:00,2010-03-21 21:00:00,Up,2162.848013,2161.442106,2162.004469,2010-03-21 21:04:00,N/A,False
2010-03-22 01:01:00,2010-03-22 02:01:00,Up,2164.816283,2162.848013,2163.691557,2010-03-22 02:04:00,2010-03-22 02:57:00,True
2010-03-22 04:00:00,2010-03-22 05:00:00,Up,2164.816283,2158.911472,2160.036198,2010-03-22 05:13:00,2010-03-22 05:20:00,True
2010-03-22 10:00:00,2010-03-22 11:00:00,Up,2188.435528,2183.655443,2187.029621,2010-03-22 11:19:00,2010-03-22 11:30:00,True
2010-03-22 12:00:00,2010-03-22 13:00:00,Up,2194.059158,2189.560254,2189.560254,2010-03-22 13:00:00,2010-03-22 13:20:00,True
2010-03-23 05:02:00,2010-03-23 06:02:00,Up,2194.621521,2193.215614,2193.777977,2010-03-23 06:08:00,N/A,False
2010-03-23 06:00:00,2010-03-23 07:00:00,Up,2194.059158,2189.560254,2190.122617,2010-03-23 07:02:00,2010-03-23 07:20:00,True
2010-03-23 09:00:00,2010-03-23 10:00:00,Up,2196.30861,2185.904895,2187.029621,2010-03-23 10:00:00,2010-03-23 10:20:00,True
2010-03-24 04:00:00,2010-03-24 05:00:00,Up,2205.306418,2202.494603,2203.338147,2010-03-24 05:03:00,N/A,False
2010-03-24 08:00:00,2010-03-24 09:00:00,Up,2201.651058,2194.34034,2196.589792,2010-03-24 09:01:00,2010-03-24 09:20:00,True
2010-03-24 09:00:00,2010-03-24 10:00:00,Up,2200.245151,2192.934432,2196.870973,2010-03-24 10:14:00,N/A,False
2010-03-24 11:00:00,2010-03-24 12:00:00,Up,2197.433336,2194.059158,2195.465066,2010-03-24 12:01:00,N/A,False
2010-03-24 13:00:00,2010-03-24 14:00:00,Up,2195.183884,2190.403799,2190.966162,2010-03-24 14:00:00,2010-03-24 14:20:00,True
2010-03-25 08:00:00,2010-03-25 09:00:00,Up,2213.741862,2204.744055,2207.274688,2010-03-25 09:05:00,2010-03-25 09:20:00,True
2010-03-26 07:00:00,2010-03-26 08:00:00,Up,2203.619329,2197.152155,2198.558062,2010-03-26 08:10:00,2010-03-26 08:27:00,True
2010-03-26 11:00:00,2010-03-26 12:00:00,Up,2202.213421,2185.342532,2186.74844,2010-03-26 12:05:00,2010-03-26 12:22:00,True
2010-03-29 07:00:00,2010-03-29 08:00:00,Up,2205.025236,2201.93224,2202.775784,2010-03-29 08:01:00,2010-03-29 08:29:00,True
2010-03-29 18:02:00,2010-03-29 19:02:00,Up,2208.961777,2207.55587,2208.680596,2010-03-29 19:18:00,N/A,False
2010-03-30 09:00:00,2010-03-30 10:00:00,Up,2217.959585,2204.744055,2207.55587,2010-03-30 10:02:00,N/A,False
2010-03-31 00:01:00,2010-03-31 01:03:00,Up,2207.55587,2204.181692,2204.462873,2010-03-31 01:03:00,2010-03-31 01:38:00,True
2010-03-31 05:00:00,2010-03-31 06:00:00,Up,2209.242959,2207.55587,2208.399414,2010-03-31 06:14:00,2010-03-31 06:22:00,True
2010-03-31 13:00:00,2010-03-31 14:00:00,Up,2212.898318,2201.93224,2203.619329,2010-03-31 14:16:00,N/A,False
2010-04-01 09:00:00,2010-04-01 10:00:00,Up,2223.864396,2208.680596,2210.930048,2010-04-01 10:10:00,N/A,False
2010-04-01 12:00:00,2010-04-01 13:00:00,Up,2206.993507,2191.809706,2193.777977,2010-04-01 13:04:00,2010-04-01 13:20:00,True
2010-04-05 05:01:00,2010-04-05 06:01:00,Up,2205.306418,2203.90051,2204.181692,2010-04-05 06:03:00,2010-04-05 06:22:00,True
2010-04-05 12:00:00,2010-04-05 13:00:00,Up,2222.73967,2217.959585,2218.803129,2010-04-05 13:16:00,2010-04-05 13:20:00,True
2010-04-06 01:00:00,2010-04-06 02:00:00,Up,2217.11604,2212.335955,2214.866588,2010-04-06 02:09:00,N/A,False
2010-04-06 06:00:00,2010-04-06 07:00:00,Up,2216.272496,2214.866588,2214.866588,2010-04-06 07:00:00,N/A,False
2010-04-07 01:00:00,2010-04-07 02:00:00,Up,2223.302033,2221.614944,2222.177307,2010-04-07 02:16:00,N/A,False
2010-04-07 05:00:00,2010-04-07 06:02:00,Up,2223.020852,2221.333763,2221.333763,2010-04-07 06:04:00,2010-04-07 06:23:00,True
2010-04-07 06:02:00,2010-04-07 07:02:00,Up,2221.614944,2219.646674,2220.490218,2010-04-07 07:21:00,2010-04-07 07:37:00,True
2010-04-07 13:00:00,2010-04-07 14:00:00,Up,2229.769207,2219.646674,2221.052581,2010-04-07 14:00:00,2010-04-07 14:59:00,True
2010-04-08 02:00:00,2010-04-08 03:00:00,Up,2219.084311,2214.023044,2214.023044,2010-04-08 03:01:00,2010-04-08 03:35:00,True
2010-04-09 03:00:00,2010-04-09 04:00:00,Up,2233.143385,2232.018659,2232.018659,2010-04-09 04:00:00,N/A,False
2010-04-09 06:00:00,2010-04-09 07:00:00,Up,2232.299841,2230.893933,2231.175115,2010-04-09 07:05:00,2010-04-09 07:20:00,True
2010-04-09 07:00:00,2010-04-09 08:00:00,Up,2231.737478,2230.050389,2230.33157,2010-04-09 08:04:00,N/A,False
2010-04-09 11:00:00,2010-04-09 12:00:00,Up,2233.424567,2230.893933,2231.737478,2010-04-09 12:04:00,2010-04-09 12:20:00,True
2010-04-09 12:00:00,2010-04-09 13:00:00,Up,2233.705748,2229.206844,2230.050389,2010-04-09 13:00:00,2010-04-09 13:20:00,True
2010-04-12 00:02:00,2010-04-12 01:02:00,Up,2248.608367,2246.077734,2248.046004,2010-04-12 01:21:00,N/A,False
2010-04-12 01:00:00,2010-04-12 02:00:00,Up,2248.327186,2244.671826,2245.234189,2010-04-12 02:06:00,N/A,False
2010-04-12 08:00:00,2010-04-12 09:00:00,Up,2246.640097,2236.517563,2236.517563,2010-04-12 09:00:00,2010-04-12 09:20:00,True
2010-04-13 02:00:00,2010-04-13 03:00:00,Up,2238.767015,2236.517563,2236.798745,2010-04-13 03:02:00,N/A,False
2010-04-13 03:00:00,2010-04-13 04:00:00,Up,2236.798745,2234.268111,2234.549293,2010-04-13 04:00:00,2010-04-13 04:25:00,True
2010-04-13 18:01:00,2010-04-13 19:02:00,Up,2260.41799,2259.293264,2259.574445,2010-04-13 19:12:00,2010-04-13 19:23:00,True
2010-04-14 07:00:00,2010-04-14 08:00:00,Up,2267.166345,2262.948623,2263.229805,2010-04-14 08:02:00,2010-04-14 08:20:00,True
2010-04-15 02:00:00,2010-04-15 03:00:00,Up,2277.57006,2274.758246,2276.164153,2010-04-15 03:15:00,N/A,False
2010-04-15 03:00:00,2010-04-15 04:00:00,Up,2276.164153,2271.384068,2271.946431,2010-04-15 04:14:00,N/A,False
2010-04-15 10:00:00,2010-04-15 11:00:00,Up,2291.910316,2282.631327,2284.318416,2010-04-15 11:10:00,2010-04-15 11:20:00,True
2010-04-15 14:00:00,2010-04-15 15:00:00,Up,2291.910316,2285.724324,2288.81732,2010-04-15 15:01:00,N/A,False
2010-04-15 20:00:00,2010-04-15 21:00:00,Up,2280.100694,2276.726516,2277.851242,2010-04-15 21:13:00,N/A,False
2010-04-16 04:00:00,2010-04-16 05:00:00,Up,2285.724324,2283.474872,2284.880779,2010-04-16 05:14:00,N/A,False
2010-04-16 07:00:00,2010-04-16 08:00:00,Up,2284.599598,2280.663057,2281.506601,2010-04-16 08:04:00,2010-04-16 08:29:00,True
2010-04-16 09:00:00,2010-04-16 10:00:00,Up,2289.098502,2270.259342,2274.477064,2010-04-16 10:15:00,N/A,False
2010-04-16 10:00:00,2010-04-16 11:00:00,Up,2277.288879,2257.606175,2260.699171,2010-04-16 11:01:00,N/A,False
2010-04-18 19:00:00,2010-04-18 20:00:00,Up,2258.449719,2254.79436,2255.356723,2010-04-18 20:16:00,2010-04-18 20:29:00,True
2010-04-19 01:00:00,2010-04-19 02:00:00,Up,2255.075541,2251.701363,2251.701363,2010-04-19 02:00:00,2010-04-19 02:20:00,True
2010-04-19 09:00:00,2010-04-19 10:00:00,Up,2266.885164,2250.857819,2252.826089,2010-04-19 10:04:00,N/A,False
2010-04-19 10:00:00,2010-04-19 11:00:00,Up,2254.231997,2237.361108,2239.329378,2010-04-19 11:08:00,2010-04-19 11:25:00,True
2010-04-19 12:00:00,2010-04-19 13:00:00,Up,2241.297648,2234.830474,2235.392837,2010-04-19 13:00:00,2010-04-19 13:20:00,True
2010-04-20 00:00:00,2010-04-20 01:00:00,Up,2263.792168,2261.261534,2261.542716,2010-04-20 01:00:00,N/A,False
2010-04-20 03:00:00,2010-04-20 04:00:00,Up,2266.322801,2263.792168,2266.041619,2010-04-20 04:03:00,2010-04-20 04:36:00,True
2010-04-20 08:00:00,2010-04-20 09:00:00,Up,2274.195883,2264.073349,2266.603982,2010-04-20 09:05:00,N/A,False
2010-04-20 12:00:00,2010-04-20 13:00:00,Up,2275.039427,2272.227612,2273.63352,2010-04-20 13:05:00,2010-04-20 13:20:00,True
2010-04-21 00:01:00,2010-04-21 01:01:00,Up,2293.597405,2290.78559,2291.066772,2010-04-21 01:01:00,N/A,False
2010-04-21 01:00:00,2010-04-21 02:00:00,Up,2292.191498,2289.660865,2289.942046,2010-04-21 02:01:00,N/A,False
2010-04-21 04:00:00,2010-04-21 05:00:00,Up,2287.692594,2286.286687,2287.130231,2010-04-21 05:03:00,N/A,False
2010-04-21 05:00:00,2010-04-21 06:00:00,Up,2287.130231,2282.631327,2282.912509,2010-04-21 06:02:00,2010-04-21 06:20:00,True
2010-04-21 08:00:00,2010-04-21 09:00:00,Up,2292.191498,2283.756053,2289.660865,2010-04-21 09:18:00,N/A,False
2010-04-21 14:00:00,2010-04-21 15:00:00,Up,2287.411413,2278.694786,2284.599598,2010-04-21 15:08:00,N/A,False
2010-04-22 03:00:00,2010-04-22 04:00:00,Up,2282.912509,2279.538331,2281.22542,2010-04-22 04:05:00,N/A,False
2010-04-22 04:00:00,2010-04-22 05:00:00,Up,2281.22542,2268.00989,2270.540523,2010-04-22 05:01:00,N/A,False
2010-04-22 07:00:00,2010-04-22 08:00:00,Up,2267.447527,2262.948623,2263.229805,2010-04-22 08:03:00,2010-04-22 08:21:00,True
2010-04-22 14:00:00,2010-04-22 15:00:00,Up,2300.06458,2287.973776,2297.533946,2010-04-22 15:11:00,N/A,False
2010-04-23 01:00:00,2010-04-23 02:00:00,Up,2287.973776,2284.880779,2284.880779,2010-04-23 02:00:00,2010-04-23 02:28:00,True
2010-04-23 09:00:00,2010-04-23 10:00:00,Up,2308.500024,2293.035042,2295.565676,2010-04-23 10:02:00,2010-04-23 10:20:00,True
2010-04-26 03:00:00,2010-04-26 04:00:00,Up,2314.686017,2312.155384,2313.28011,2010-04-26 04:02:00,N/A,False
2010-04-26 04:00:00,2010-04-26 05:00:00,Up,2313.28011,2309.062387,2309.62475,2010-04-26 05:04:00,2010-04-26 05:20:00,True
2010-04-26 08:00:00,2010-04-26 09:00:00,Up,2313.842473,2301.751669,2302.595213,2010-04-26 09:04:00,2010-04-26 09:25:00,True
2010-04-26 10:00:00,2010-04-26 11:00:00,Up,2309.343569,2300.626943,2301.470487,2010-04-26 11:02:00,2010-04-26 11:20:00,True
2010-04-26 13:00:00,2010-04-26 14:00:00,Up,2309.062387,2300.626943,2304.282302,2010-04-26 14:14:00,2010-04-26 14:36:00,True
2010-04-27 01:00:00,2010-04-27 02:00:00,Up,2304.844665,2302.314032,2304.00112,2010-04-27 02:10:00,N/A,False
2010-04-27 04:00:00,2010-04-27 05:00:00,Up,2304.00112,2296.971583,2297.252765,2010-04-27 05:02:00,N/A,False
2010-04-27 07:00:00,2010-04-27 08:00:00,Up,2297.252765,2293.878587,2294.722131,2010-04-27 08:01:00,2010-04-27 08:32:00,True
2010-04-27 09:00:00,2010-04-27 10:00:00,Up,2303.438757,2292.191498,2298.096309,2010-04-27 10:10:00,N/A,False
2010-04-27 10:00:00,2010-04-27 11:00:00,Up,2299.221035,2260.699171,2263.792168,2010-04-27 11:12:00,2010-04-27 11:24:00,True
2010-04-27 13:00:00,2010-04-27 14:00:00,Up,2273.071157,2260.699171,2261.542716,2010-04-27 14:00:00,2010-04-27 14:20:00,True
2010-04-28 02:00:00,2010-04-28 03:00:00,Up,2264.635712,2258.730901,2259.012082,2010-04-28 03:03:00,N/A,False
2010-04-28 08:00:00,2010-04-28 09:00:00,Up,2274.758246,2251.139001,2253.388452,2010-04-28 09:01:00,2010-04-28 09:30:00,True
2010-04-28 18:00:00,2010-04-28 19:00:00,Up,2260.41799,2259.293264,2259.574445,2010-04-28 19:02:00,N/A,False
2010-04-28 19:00:00,2010-04-28 20:00:00,Up,2259.574445,2256.76263,2257.043812,2010-04-28 20:06:00,N/A,False
2010-04-29 13:00:00,2010-04-29 14:00:00,Up,2298.377491,2291.066772,2293.316224,2010-04-29 14:02:00,2010-04-29 14:20:00,True
2010-04-29 18:00:00,2010-04-29 19:00:00,Up,2296.40922,2290.78559,2291.066772,2010-04-29 19:13:00,2010-04-29 19:36:00,True
2010-04-30 07:00:00,2010-04-30 08:00:00,Up,2301.751669,2295.846857,2296.128039,2010-04-30 08:00:00,2010-04-30 08:42:00,True
2010-04-30 08:00:00,2010-04-30 09:00:00,Up,2297.533946,2286.005505,2286.286687,2010-04-30 09:00:00,2010-04-30 09:48:00,True
2010-04-30 10:00:00,2010-04-30 11:00:00,Up,2285.443142,2275.60179,2278.694786,2010-04-30 11:02:00,N/A,False
2010-05-02 18:00:00,2010-05-02 19:00:00,Up,2258.730901,2255.919086,2257.324993,2010-05-02 19:14:00,N/A,False
2010-05-03 03:00:00,2010-05-03 04:00:00,Up,2255.919086,2251.701363,2254.513178,2010-05-03 04:07:00,N/A,False
2010-05-03 06:00:00,2010-05-03 07:00:00,Up,2259.855627,2256.200267,2256.76263,2010-05-03 07:07:00,2010-05-03 07:20:00,True
2010-05-03 12:00:00,2010-05-03 13:00:00,Up,2292.191498,2286.005505,2289.942046,2010-05-03 13:09:00,N/A,False
2010-05-03 13:00:00,2010-05-03 14:00:00,Up,2290.504409,2285.161961,2287.692594,2010-05-03 14:01:00,N/A,False
2010-05-04 00:00:00,2010-05-04 01:00:00,Up,2278.694786,2276.726516,2277.851242,2010-05-04 01:14:00,2010-05-04 01:42:00,True
2010-05-04 03:00:00,2010-05-04 04:00:00,Up,2278.694786,2269.696979,2270.821705,2010-05-04 04:07:00,N/A,False
2010-05-04 04:00:00,2010-05-04 05:00:00,Up,2271.665249,2266.603982,2268.291071,2010-05-04 05:09:00,2010-05-04 05:20:00,True
2010-05-04 05:00:00,2010-05-04 06:00:00,Up,2269.97816,2265.198075,2267.166345,2010-05-04 06:07:00,2010-05-04 06:23:00,True
2010-05-04 06:00:00,2010-05-04 07:00:00,Up,2268.00989,2260.41799,2263.792168,2010-05-04 07:14:00,2010-05-04 07:41:00,True
2010-05-04 07:00:00,2010-05-04 08:00:00,Up,2265.760438,2253.950815,2254.231997,2010-05-04 08:00:00,2010-05-04 08:20:00,True
2010-05-04 08:00:00,2010-05-04 09:00:00,Up,2255.637904,2225.270304,2232.018659,2010-05-04 09:05:00,N/A,False
2010-05-04 09:00:00,2010-05-04 10:00:00,Up,2233.424567,2208.118233,2210.648866,2010-05-04 10:02:00,2010-05-04 10:33:00,True
2010-05-04 13:00:00,2010-05-04 14:00:00,Up,2213.741862,2203.338147,2206.712325,2010-05-04 14:02:00,2010-05-04 14:20:00,True
2010-05-05 01:00:00,2010-05-05 02:00:00,Up,2216.834859,2212.898318,2215.991314,2010-05-05 02:15:00,N/A,False
2010-05-05 05:00:00,2010-05-05 06:00:00,Up,2216.553677,2208.961777,2208.961777,2010-05-05 06:00:00,2010-05-05 06:20:00,True
2010-05-05 06:00:00,2010-05-05 07:00:00,Up,2211.211229,2205.587599,2206.993507,2010-05-05 07:16:00,N/A,False
2010-05-05 07:00:00,2010-05-05 08:00:00,Up,2210.367685,2188.997891,2191.528525,2010-05-05 08:01:00,2010-05-05 08:20:00,True
2010-05-05 12:00:00,2010-05-05 13:00:00,Up,2209.52414,2198.839244,2202.775784,2010-05-05 13:15:00,2010-05-05 13:25:00,True
2010-05-06 00:00:00,2010-05-06 01:00:00,Up,2203.619329,2202.213421,2202.494603,2010-05-06 01:00:00,N/A,False
2010-05-06 01:00:00,2010-05-06 02:00:00,Up,2203.338147,2192.934432,2193.215614,2010-05-06 02:00:00,2010-05-06 02:20:00,True
2010-05-06 06:00:00,2010-05-06 07:00:00,Up,2207.837051,2196.870973,2199.120425,2010-05-06 07:18:00,2010-05-06 07:26:00,True
2010-05-06 07:00:00,2010-05-06 08:00:00,Up,2202.494603,2181.968354,2183.09308,2010-05-06 08:17:00,2010-05-06 08:21:00,True
2010-05-06 09:00:00,2010-05-06 10:00:00,Up,2206.712325,2183.374262,2186.74844,2010-05-06 10:02:00,N/A,False
2010-05-06 11:00:00,2010-05-06 12:00:00,Up,2192.653251,2174.376454,2181.968354,2010-05-06 12:13:00,N/A,False
2010-05-06 12:00:00,2010-05-06 13:00:00,Up,2184.217806,2161.160924,2165.378646,2010-05-06 13:04:00,N/A,False
2010-05-06 17:00:00,2010-05-06 18:00:00,Up,2118.702519,2108.298804,2109.985893,2010-05-06 18:10:00,2010-05-06 18:28:00,True
2010-05-06 23:00:00,2010-05-07 00:00:00,Up,2136.416953,2127.700327,2129.106234,2010-05-07 00:05:00,N/A,False
2010-05-07 03:00:00,2010-05-07 04:00:00,Up,2141.47822,2123.201423,2127.981508,2010-05-07 04:06:00,2010-05-07 04:42:00,True
2010-05-07 06:00:00,2010-05-07 07:00:00,Up,2144.571216,2129.387416,2129.387416,2010-05-07 07:01:00,2010-05-07 07:20:00,True
2010-05-07 07:00:00,2010-05-07 08:00:00,Up,2147.383031,2124.60733,2129.387416,2010-05-07 08:01:00,2010-05-07 08:41:00,True
2010-05-07 08:00:00,2010-05-07 09:00:00,Up,2137.260497,2096.208,2106.330534,2010-05-07 09:03:00,N/A,False
2010-05-07 11:00:00,2010-05-07 12:00:00,Up,2119.264882,2090.303189,2094.23973,2010-05-07 12:09:00,2010-05-07 12:34:00,True
2010-05-07 12:00:00,2010-05-07 13:00:00,Up,2102.393993,2081.867744,2091.709096,2010-05-07 13:11:00,2010-05-07 13:43:00,True
2010-05-07 13:00:00,2010-05-07 14:00:00,Up,2095.645637,2074.275844,2082.148926,2010-05-07 14:01:00,2010-05-07 14:42:00,True
2010-05-09 21:00:00,2010-05-09 22:00:00,Up,2134.448683,2128.825053,2129.949779,2010-05-09 22:08:00,2010-05-09 22:20:00,True
2010-05-10 04:00:00,2010-05-10 05:00:00,Up,2180.843628,2169.315187,2173.814091,2010-05-10 05:06:00,N/A,False
2010-05-10 06:00:00,2010-05-10 07:00:00,Up,2175.782361,2164.25392,2165.659828,2010-05-10 07:11:00,2010-05-10 07:48:00,True
2010-05-10 11:00:00,2010-05-10 12:00:00,Up,2181.687173,2171.845821,2172.689365,2010-05-10 12:02:00,2010-05-10 12:33:00,True
2010-05-10 12:00:00,2010-05-10 13:00:00,Up,2175.219999,2162.848013,2166.784554,2010-05-10 13:01:00,2010-05-10 13:20:00,True
2010-05-10 18:01:00,2010-05-10 19:01:00,Up,2181.968354,2178.312995,2178.312995,2010-05-10 19:04:00,2010-05-10 19:22:00,True
2010-05-10 20:00:00,2010-05-10 21:00:00,Up,2184.217806,2178.031813,2178.312995,2010-05-10 21:08:00,2010-05-10 21:20:00,True
2010-05-10 22:00:00,2010-05-10 23:00:00,Up,2177.46945,2175.219999,2175.50118,2010-05-10 23:06:00,N/A,False
2010-05-11 00:00:00,2010-05-11 01:00:00,Up,2172.970547,2166.503372,2166.784554,2010-05-11 01:00:00,N/A,False
2010-05-11 01:00:00,2010-05-11 02:00:00,Up,2166.784554,2158.067928,2161.442106,2010-05-11 02:02:00,2010-05-11 02:20:00,True
2010-05-11 05:00:00,2010-05-11 06:00:00,Up,2164.535102,2157.505565,2158.067928,2010-05-11 06:00:00,2010-05-11 06:25:00,True
2010-05-11 12:00:00,2010-05-11 13:00:00,Up,2210.086503,2200.245151,2205.868781,2010-05-11 13:13:00,N/A,False
2010-05-11 13:00:00,2010-05-11 14:00:00,Up,2208.118233,2185.061351,2187.591984,2010-05-11 14:01:00,2010-05-11 14:37:00,True
2010-05-11 14:00:00,2010-05-11 15:00:00,Up,2190.68498,2176.907087,2179.437721,2010-05-11 15:07:00,N/A,False
2010-05-11 22:00:00,2010-05-11 23:01:00,Up,2167.065735,2163.129194,2164.25392,2010-05-11 23:18:00,N/A,False
2010-05-12 03:00:00,2010-05-12 04:00:00,Up,2184.217806,2178.031813,2178.312995,2010-05-12 04:00:00,2010-05-12 04:20:00,True
2010-05-12 12:00:00,2010-05-12 13:00:00,Up,2217.678403,2209.52414,2210.648866,2010-05-12 13:09:00,2010-05-12 13:20:00,True
2010-05-12 23:00:00,2010-05-13 00:00:00,Up,2219.365492,2214.304225,2215.428951,2010-05-13 00:14:00,2010-05-13 00:25:00,True
2010-05-13 03:00:00,2010-05-13 04:00:00,Up,2223.020852,2210.930048,2211.211229,2010-05-13 04:02:00,2010-05-13 04:20:00,True
2010-05-13 07:00:00,2010-05-13 08:00:00,Up,2223.302033,2211.773592,2212.617137,2010-05-13 08:00:00,2010-05-13 08:30:00,True
2010-05-13 09:00:00,2010-05-13 10:00:00,Up,2228.644481,2216.553677,2220.209037,2010-05-13 10:01:00,2010-05-13 10:20:00,True
2010-05-13 10:00:00,2010-05-13 11:00:00,Up,2222.73967,2205.587599,2206.712325,2010-05-13 11:01:00,2010-05-13 11:24:00,True
2010-05-13 13:00:00,2010-05-13 14:00:00,Up,2214.585407,2201.651058,2203.619329,2010-05-13 14:09:00,N/A,False
2010-05-14 02:00:00,2010-05-14 03:00:00,Up,2192.653251,2183.655443,2185.061351,2010-05-14 03:01:00,2010-05-14 03:38:00,True
2010-05-14 03:00:00,2010-05-14 04:00:00,Up,2186.467258,2178.594176,2178.875358,2010-05-14 04:02:00,N/A,False
2010-05-14 06:00:00,2010-05-14 07:00:00,Up,2179.718902,2174.657636,2175.50118,2010-05-14 07:02:00,2010-05-14 07:30:00,True
2010-05-14 08:00:00,2010-05-14 09:00:00,Up,2173.53291,2138.104042,2140.072312,2010-05-14 09:00:00,2010-05-14 09:20:00,True
2010-05-14 09:00:00,2010-05-14 10:00:00,Up,2152.725479,2134.167501,2144.571216,2010-05-14 10:10:00,N/A,False
2010-05-14 10:00:00,2010-05-14 11:00:00,Up,2144.571216,2123.201423,2126.013238,2010-05-14 11:06:00,2010-05-14 11:23:00,True
2010-05-14 12:00:00,2010-05-14 13:00:00,Up,2136.979316,2124.326149,2127.137964,2010-05-14 13:13:00,2010-05-14 13:21:00,True
2010-05-16 17:00:00,2010-05-16 18:00:00,Up,2150.194846,2140.353494,2141.197038,2010-05-16 18:01:00,2010-05-16 18:46:00,True
2010-05-16 20:00:00,2010-05-16 21:00:00,Up,2145.695942,2133.323957,2135.85459,2010-05-16 21:02:00,N/A,False
2010-05-16 21:00:00,2010-05-16 22:00:00,Up,2135.85459,2122.63906,2124.326149,2010-05-16 22:07:00,2010-05-16 22:20:00,True
2010-05-17 00:00:00,2010-05-17 01:00:00,Up,2128.543871,2123.201423,2124.888512,2010-05-17 01:00:00,2010-05-17 01:20:00,True
2010-05-17 02:00:00,2010-05-17 03:00:00,Up,2145.414761,2133.605138,2135.292227,2010-05-17 03:01:00,2010-05-17 03:20:00,True
2010-05-17 06:00:00,2010-05-17 07:00:00,Up,2156.099657,2149.351302,2154.131387,2010-05-17 07:12:00,N/A,False
2010-05-17 09:00:00,2010-05-17 10:00:00,Up,2157.224383,2140.353494,2144.571216,2010-05-17 10:06:00,N/A,False
2010-05-17 10:00:00,2010-05-17 11:00:00,Up,2146.820668,2123.482605,2124.044968,2010-05-17 11:00:00,N/A,False
2010-05-17 19:00:00,2010-05-17 20:00:00,Up,2154.412568,2146.258305,2146.820668,2010-05-17 20:03:00,2010-05-17 20:38:00,True
2010-05-17 23:00:00,2010-05-18 00:00:00,Up,2151.319572,2147.383031,2147.383031,2010-05-18 00:00:00,2010-05-18 00:26:00,True
2010-05-18 08:00:00,2010-05-18 09:00:00,Up,2172.970547,2161.442106,2163.972739,2010-05-18 09:03:00,2010-05-18 09:20:00,True
2010-05-18 10:00:00,2010-05-18 11:00:00,Up,2149.07012,2131.918049,2135.011046,2010-05-18 11:03:00,2010-05-18 11:20:00,True
2010-05-18 11:00:00,2010-05-18 12:00:00,Up,2145.695942,2127.981508,2138.104042,2010-05-18 12:06:00,N/A,False
2010-05-18 12:00:00,2010-05-18 13:00:00,Up,2139.228768,2122.076697,2122.920242,2010-05-18 13:01:00,2010-05-18 13:20:00,True
2010-05-18 17:00:00,2010-05-18 18:02:00,Up,2115.328341,2111.391801,2112.235345,2010-05-18 18:03:00,2010-05-18 18:33:00,True
2010-05-19 02:00:00,2010-05-19 03:00:00,Up,2121.795516,2110.548256,2114.203615,2010-05-19 03:03:00,N/A,False
2010-05-19 04:00:00,2010-05-19 05:00:00,Up,2105.486989,2097.613908,2098.457452,2010-05-19 05:03:00,2010-05-19 05:20:00,True
2010-05-19 08:00:00,2010-05-19 09:00:00,Up,2129.949779,2111.110619,2118.702519,2010-05-19 09:01:00,N/A,False
2010-05-19 13:00:00,2010-05-19 14:00:00,Up,2116.171886,2097.895089,2103.518719,2010-05-19 14:06:00,2010-05-19 14:29:00,True
2010-05-19 18:00:00,2010-05-19 19:00:00,Up,2108.861167,2103.518719,2107.174078,2010-05-19 19:15:00,2010-05-19 19:39:00,True
2010-05-19 19:00:00,2010-05-19 20:00:00,Up,2107.45526,2102.393993,2102.675174,2010-05-19 20:02:00,N/A,False
2010-05-20 04:00:00,2010-05-20 05:00:00,Up,2100.144541,2092.271459,2092.271459,2010-05-20 05:02:00,2010-05-20 05:20:00,True
2010-05-20 05:00:00,2010-05-20 06:00:00,Up,2094.802093,2081.867744,2084.960741,2010-05-20 06:13:00,N/A,False
2010-05-20 08:00:00,2010-05-20 09:00:00,Up,2068.089851,2054.030777,2059.654407,2010-05-20 09:14:00,N/A,False
2010-05-20 10:00:00,2010-05-20 11:00:00,Up,2055.436684,2039.971702,2046.438877,2010-05-20 11:16:00,N/A,False
2010-05-20 17:00:00,2010-05-20 18:00:00,Up,2020.007817,2013.821824,2015.227731,2010-05-20 18:18:00,2010-05-20 18:22:00,True
2010-05-20 23:00:00,2010-05-21 00:00:00,Up,2042.783517,2034.629254,2035.75398,2010-05-21 00:00:00,2010-05-21 00:20:00,True
2010-05-21 04:00:00,2010-05-21 05:00:00,Up,2038.284613,2025.912628,2029.286806,2010-05-21 05:06:00,2010-05-21 05:22:00,True
2010-05-21 05:00:00,2010-05-21 06:00:00,Up,2033.223347,2014.665368,2019.164272,2010-05-21 06:07:00,N/A,False
2010-05-21 07:00:00,2010-05-21 08:00:00,Up,2013.821824,2000.325112,2009.604102,2010-05-21 08:14:00,2010-05-21 08:39:00,True
2010-05-21 11:00:00,2010-05-21 12:00:00,Up,2061.622677,2044.189425,2046.720058,2010-05-21 12:01:00,2010-05-21 12:34:00,True
2010-05-21 13:00:00,2010-05-21 14:00:00,Up,2050.93778,2024.787902,2030.692713,2010-05-21 14:15:00,2010-05-21 14:23:00,True
2010-05-23 19:00:00,2010-05-23 20:00:00,Up,2041.658791,2028.724443,2030.13035,2010-05-23 20:09:00,2010-05-23 20:20:00,True
2010-05-23 23:00:00,2010-05-24 00:00:00,Up,2043.908243,2036.878706,2039.128158,2010-05-24 00:06:00,2010-05-24 00:21:00,True
2010-05-24 04:00:00,2010-05-24 05:00:00,Up,2038.565795,2028.443261,2029.005624,2010-05-24 05:00:00,N/A,False
2010-05-24 13:00:00,2010-05-24 14:00:00,Up,2066.402762,2058.248499,2061.060314,2010-05-24 14:03:00,N/A,False
2010-05-24 16:00:00,2010-05-24 17:00:00,Up,2034.066891,2030.692713,2031.536258,2010-05-24 17:01:00,N/A,False
2010-05-24 18:03:00,2010-05-24 19:03:00,Up,2030.973895,2025.350265,2027.880898,2010-05-24 19:17:00,N/A,False
2010-05-24 20:00:00,2010-05-24 21:00:00,Up,2020.57018,2016.071276,2016.91482,2010-05-24 21:01:00,2010-05-24 21:33:00,True
2010-05-24 23:00:00,2010-05-25 00:01:00,Up,2011.572372,2007.073468,2008.479376,2010-05-25 00:19:00,N/A,False
2010-05-25 03:00:00,2010-05-25 04:00:00,Up,2000.887475,1990.202579,1993.295575,2010-05-25 04:15:00,2010-05-25 04:23:00,True
2010-05-25 04:00:00,2010-05-25 05:00:00,Up,1995.545027,1989.359034,1989.359034,2010-05-25 05:00:00,2010-05-25 05:27:00,True
2010-05-25 07:00:00,2010-05-25 08:00:00,Up,2002.574564,1991.046123,1992.733212,2010-05-25 08:04:00,2010-05-25 08:20:00,True
2010-05-25 11:00:00,2010-05-25 12:00:00,Up,2017.196002,2001.168657,2007.917013,2010-05-25 12:09:00,N/A,False
2010-05-25 12:00:00,2010-05-25 13:00:00,Up,2008.760557,1997.513297,2000.606294,2010-05-25 13:00:00,2010-05-25 13:20:00,True
2010-05-25 19:00:00,2010-05-25 20:00:00,Up,2061.903858,2055.155503,2055.436684,2010-05-25 20:01:00,N/A,False
2010-05-25 20:00:00,2010-05-25 21:00:00,Up,2055.436684,2043.34588,2044.470606,2010-05-25 21:00:00,2010-05-25 21:32:00,True
2010-05-25 23:00:00,2010-05-26 00:01:00,Up,2055.436684,2050.375417,2053.749595,2010-05-26 00:04:00,N/A,False
2010-05-26 01:00:00,2010-05-26 02:00:00,Up,2048.96951,2041.658791,2045.595332,2010-05-26 02:01:00,2010-05-26 02:39:00,True
2010-05-26 04:00:00,2010-05-26 05:00:00,Up,2058.810862,2050.93778,2052.343688,2010-05-26 05:15:00,2010-05-26 05:23:00,True
2010-05-26 09:00:00,2010-05-26 10:00:00,Up,2080.461837,2066.683944,2069.214577,2010-05-26 10:02:00,N/A,False
2010-05-26 12:00:00,2010-05-26 13:00:00,Up,2066.121581,2057.686136,2061.622677,2010-05-26 13:13:00,N/A,False
2010-05-26 20:00:00,2010-05-26 21:00:00,Up,2027.880898,2017.477183,2018.601909,2010-05-26 21:01:00,2010-05-26 21:20:00,True
2010-05-27 06:00:00,2010-05-27 07:00:00,Up,2064.434492,2057.404955,2058.810862,2010-05-27 07:03:00,2010-05-27 07:21:00,True
2010-05-27 11:00:00,2010-05-27 12:00:00,Up,2078.212385,2071.745211,2074.838207,2010-05-27 12:06:00,2010-05-27 12:20:00,True
2010-05-27 17:00:00,2010-05-27 18:00:00,Up,2101.550448,2095.645637,2095.645637,2010-05-27 18:00:00,2010-05-27 18:21:00,True
2010-05-27 18:00:00,2010-05-27 19:00:00,Up,2099.300996,2095.083274,2097.332726,2010-05-27 19:06:00,2010-05-27 19:39:00,True
2010-05-27 23:00:00,2010-05-28 00:00:00,Up,2092.552641,2088.053737,2088.897281,2010-05-28 00:09:00,2010-05-28 00:20:00,True
2010-05-28 01:00:00,2010-05-28 02:00:00,Up,2097.051545,2090.022007,2095.364456,2010-05-28 02:13:00,N/A,False
2010-05-28 07:00:00,2010-05-28 08:00:00,Up,2107.45526,2096.770363,2098.176271,2010-05-28 08:06:00,2010-05-28 08:20:00,True
2010-05-28 09:00:00,2010-05-28 10:00:00,Up,2099.863359,2081.305381,2084.960741,2010-05-28 10:06:00,2010-05-28 10:49:00,True
2010-05-28 12:00:00,2010-05-28 13:00:00,Up,2078.774748,2068.933396,2070.620485,2010-05-28 13:00:00,2010-05-28 13:20:00,True
2010-05-31 00:00:00,2010-05-31 01:00:00,Up,2098.738634,2095.083274,2095.926819,2010-05-31 01:04:00,2010-05-31 01:34:00,True
2010-05-31 07:01:00,2010-05-31 08:01:00,Up,2097.895089,2094.802093,2094.802093,2010-05-31 08:20:00,2010-05-31 08:21:00,True
2010-05-31 18:00:00,2010-05-31 19:00:00,Up,2094.23973,2089.178463,2089.459644,2010-05-31 19:00:00,N/A,False
2010-05-31 22:01:00,2010-05-31 23:01:00,Up,2082.711289,2077.650022,2077.650022,2010-05-31 23:01:00,2010-05-31 23:44:00,True
2010-06-01 01:00:00,2010-06-01 02:00:00,Up,2086.366648,2078.493566,2082.430107,2010-06-01 02:03:00,N/A,False
2010-06-01 10:00:00,2010-06-01 11:00:00,Up,2101.83163,2084.117196,2085.523104,2010-06-01 11:00:00,2010-06-01 11:20:00,True
2010-06-01 12:00:00,2010-06-01 13:00:00,Up,2107.174078,2090.58437,2094.802093,2010-06-01 13:01:00,2010-06-01 13:23:00,True
2010-06-01 13:00:00,2010-06-01 14:00:00,Up,2099.582178,2086.085467,2094.520911,2010-06-01 14:10:00,N/A,False
2010-06-01 14:00:00,2010-06-01 15:00:00,Up,2095.926819,2060.497951,2062.747403,2010-06-01 15:00:00,2010-06-01 15:49:00,True
2010-06-01 23:00:00,2010-06-02 00:00:00,Up,2069.77694,2061.622677,2062.18504,2010-06-02 00:07:00,2010-06-02 00:22:00,True
2010-06-02 12:00:00,2010-06-02 13:00:00,Up,2098.176271,2089.459644,2090.303189,2010-06-02 13:00:00,2010-06-02 13:37:00,True
2010-06-02 20:00:00,2010-06-02 21:00:00,Up,2118.983701,2114.203615,2115.609523,2010-06-02 21:07:00,2010-06-02 21:35:00,True
2010-06-03 01:00:00,2010-06-03 02:00:00,Up,2124.888512,2118.140156,2119.264882,2010-06-03 02:01:00,2010-06-03 02:20:00,True
2010-06-03 03:00:00,2010-06-03 04:00:00,Up,2125.169693,2122.076697,2124.044968,2010-06-03 04:11:00,N/A,False
2010-06-03 04:00:00,2010-06-03 05:00:00,Up,2124.888512,2118.421338,2122.076697,2010-06-03 05:14:00,N/A,False
2010-06-03 05:00:00,2010-06-03 06:00:00,Up,2122.076697,2115.890704,2115.890704,2010-06-03 06:00:00,2010-06-03 06:20:00,True
2010-06-03 06:00:00,2010-06-03 07:00:00,Up,2119.546064,2113.641252,2115.328341,2010-06-03 07:15:00,2010-06-03 07:20:00,True
2010-06-03 10:00:00,2010-06-03 11:00:00,Up,2128.825053,2119.264882,2124.044968,2010-06-03 11:05:00,N/A,False
2010-06-03 20:00:00,2010-06-03 21:00:00,Up,2133.323957,2130.793323,2132.480412,2010-06-03 21:01:00,N/A,False
2010-06-04 04:00:00,2010-06-04 05:00:00,Up,2142.040583,2137.541679,2138.947586,2010-06-04 05:09:00,N/A,False
2010-06-04 05:00:00,2010-06-04 06:00:00,Up,2138.947586,2128.543871,2129.106234,2010-06-04 06:00:00,N/A,False
2010-06-04 07:00:00,2010-06-04 08:00:00,Up,2119.827245,2083.273652,2089.459644,2010-06-04 08:06:00,2010-06-04 08:30:00,True
2010-06-04 09:00:00,2010-06-04 10:00:00,Up,2114.203615,2100.706904,2102.112811,2010-06-04 10:13:00,N/A,False
2010-06-04 10:00:00,2010-06-04 11:00:00,Up,2106.330534,2090.865552,2096.208,2010-06-04 11:02:00,N/A,False
2010-06-04 11:00:00,2010-06-04 12:00:00,Up,2096.208,2083.554833,2091.146733,2010-06-04 12:16:00,N/A,False
2010-06-04 12:00:00,2010-06-04 13:00:00,Up,2091.709096,2072.307574,2074.557025,2010-06-04 13:08:00,2010-06-04 13:21:00,True
2010-06-07 00:00:00,2010-06-07 01:00:00,Up,2054.59314,2046.438877,2050.656599,2010-06-07 01:12:00,2010-06-07 01:38:00,True
2010-06-07 02:00:00,2010-06-07 03:00:00,Up,2059.373225,2050.656599,2052.343688,2010-06-07 03:05:00,2010-06-07 03:20:00,True
2010-06-07 07:00:00,2010-06-07 08:00:00,Up,2075.119388,2066.965125,2070.058122,2010-06-07 08:18:00,2010-06-07 08:28:00,True
2010-06-07 09:00:00,2010-06-07 10:00:00,Up,2075.681751,2039.971702,2041.37761,2010-06-07 10:15:00,2010-06-07 10:20:00,True
2010-06-07 12:00:00,2010-06-07 13:00:00,Up,2062.747403,2045.314151,2048.125966,2010-06-07 13:14:00,N/A,False
2010-06-07 13:00:00,2010-06-07 14:00:00,Up,2051.218962,2030.13035,2035.191617,2010-06-07 14:19:00,N/A,False
2010-06-08 01:00:00,2010-06-08 02:00:00,Up,2044.470606,2036.316343,2041.939973,2010-06-08 02:14:00,N/A,False
2010-06-08 02:00:00,2010-06-08 03:00:00,Up,2042.221154,2033.504528,2035.191617,2010-06-08 03:18:00,N/A,False
2010-06-08 03:00:00,2010-06-08 04:00:00,Up,2037.72225,2021.132543,2021.132543,2010-06-08 04:00:00,N/A,False
2010-06-08 08:00:00,2010-06-08 09:00:00,Up,2031.817439,2005.948742,2009.32292,2010-06-08 09:19:00,2010-06-08 09:32:00,True
2010-06-08 09:00:00,2010-06-08 10:00:00,Up,2019.445454,1993.014394,2004.542835,2010-06-08 10:12:00,2010-06-08 10:20:00,True
2010-06-08 11:00:00,2010-06-08 12:00:00,Up,2023.100813,2008.760557,2014.103005,2010-06-08 12:07:00,N/A,False
2010-06-08 16:00:00,2010-06-08 17:00:00,Up,2018.601909,2016.91482,2017.758365,2010-06-08 17:01:00,2010-06-08 17:51:00,True
2010-06-09 02:00:00,2010-06-09 03:00:00,Up,2021.413724,2013.821824,2016.352457,2010-06-09 03:04:00,N/A,False
2010-06-09 08:00:00,2010-06-09 09:00:00,Up,2034.629254,2023.663176,2027.599717,2010-06-09 09:01:00,2010-06-09 09:46:00,True
2010-06-09 11:00:00,2010-06-09 12:00:00,Up,2049.813054,2039.409339,2039.690521,2010-06-09 12:03:00,2010-06-09 12:20:00,True
2010-06-09 12:00:00,2010-06-09 13:00:00,Up,2042.783517,2031.536258,2035.75398,2010-06-09 13:04:00,2010-06-09 13:32:00,True
2010-06-09 13:00:00,2010-06-09 14:00:00,Up,2037.72225,2015.790094,2016.352457,2010-06-09 14:00:00,N/A,False
2010-06-10 04:00:00,2010-06-10 05:00:00,Up,2027.880898,2020.288998,2023.663176,2010-06-10 05:11:00,N/A,False
2010-06-10 06:00:00,2010-06-10 07:00:00,Up,2025.350265,2015.508913,2016.071276,2010-06-10 07:09:00,2010-06-10 07:20:00,True
2010-06-10 10:00:00,2010-06-10 11:00:00,Up,2045.314151,2031.817439,2038.003432,2010-06-10 11:06:00,2010-06-10 11:32:00,True
2010-06-11 05:00:00,2010-06-11 06:00:00,Up,2055.439813,2050.095163,2050.095163,2010-06-11 06:18:00,2010-06-11 06:20:00,True
2010-06-11 07:00:00,2010-06-11 08:00:00,Up,2053.189434,2032.654727,2033.498619,2010-06-11 08:07:00,2010-06-11 08:20:00,True
2010-06-11 09:00:00,2010-06-11 10:00:00,Up,2072.036357,2051.50165,2057.408894,2010-06-11 10:09:00,2010-06-11 10:50:00,True
2010-06-11 12:00:00,2010-06-11 13:00:00,Up,2068.098194,2054.033326,2057.127597,2010-06-11 13:18:00,2010-06-11 13:45:00,True
2010-06-14 01:00:00,2010-06-14 02:00:00,Up,2086.382522,2083.288251,2084.976036,2010-06-14 02:15:00,2010-06-14 02:27:00,True
2010-06-14 02:00:00,2010-06-14 03:00:00,Up,2086.382522,2081.881765,2083.850846,2010-06-14 03:01:00,2010-06-14 03:20:00,True
2010-06-14 04:00:00,2010-06-14 05:00:00,Up,2092.571064,2087.789009,2089.476793,2010-06-14 05:15:00,N/A,False
2010-06-14 10:00:00,2010-06-14 11:00:00,Up,2110.855393,2102.416472,2103.541661,2010-06-14 11:09:00,2010-06-14 11:33:00,True
2010-06-14 11:00:00,2010-06-14 12:00:00,Up,2107.479824,2095.946633,2096.509227,2010-06-14 12:07:00,2010-06-14 12:20:00,True
2010-06-14 12:00:00,2010-06-14 13:00:00,Up,2101.009985,2086.66382,2087.226414,2010-06-14 13:00:00,2010-06-14 13:47:00,True
2010-06-15 00:01:00,2010-06-15 01:01:00,Up,2085.53863,2081.881765,2083.850846,2010-06-15 01:05:00,N/A,False
2010-06-15 05:00:00,2010-06-15 06:00:00,Up,2095.946633,2092.00847,2092.852362,2010-06-15 06:10:00,N/A,False
2010-06-15 06:00:00,2010-06-15 07:00:00,Up,2094.821443,2088.351604,2090.88328,2010-06-15 07:01:00,2010-06-15 07:31:00,True
2010-06-16 01:00:00,2010-06-16 02:00:00,Up,2128.858424,2124.638963,2126.889342,2010-06-16 02:02:00,N/A,False
2010-06-16 02:00:00,2010-06-16 03:00:00,Up,2126.889342,2119.575611,2121.82599,2010-06-16 03:03:00,2010-06-16 03:36:00,True
2010-06-16 03:00:00,2010-06-16 04:00:00,Up,2123.232477,2119.013016,2122.951179,2010-06-16 04:17:00,2010-06-16 04:46:00,True
2010-06-16 05:00:00,2010-06-16 06:00:00,Up,2126.889342,2123.232477,2124.357666,2010-06-16 06:04:00,2010-06-16 06:20:00,True
2010-06-16 06:00:00,2010-06-16 07:00:00,Up,2125.201558,2119.013016,2121.544692,2010-06-16 07:01:00,N/A,False
2010-06-16 13:00:00,2010-06-16 14:00:00,Up,2152.206105,2146.29886,2149.674428,2010-06-16 14:01:00,N/A,False
2010-06-16 18:02:00,2010-06-16 19:02:00,Up,2139.829021,2137.859939,2138.703831,2010-06-16 19:10:00,2010-06-16 19:22:00,True
2010-06-16 22:02:00,2010-06-16 23:02:00,Up,2137.859939,2135.328263,2135.890858,2010-06-16 23:05:00,2010-06-16 23:30:00,True
2010-06-17 01:00:00,2010-06-17 02:00:00,Up,2137.859939,2134.484371,2136.453453,2010-06-17 02:11:00,2010-06-17 02:26:00,True
2010-06-17 08:00:00,2010-06-17 09:00:00,Up,2156.425565,2142.360697,2153.049997,2010-06-17 09:13:00,N/A,False
2010-06-17 13:00:00,2010-06-17 14:00:00,Up,2152.487402,2138.703831,2142.0794,2010-06-17 14:03:00,2010-06-17 14:33:00,True
2010-06-18 04:00:00,2010-06-18 05:00:00,Up,2153.893889,2149.393131,2151.080915,2010-06-18 05:12:00,N/A,False
2010-06-18 13:00:00,2010-06-18 14:00:00,Up,2154.737781,2148.549239,2151.924807,2010-06-18 14:04:00,2010-06-18 14:56:00,True
2010-06-21 02:00:00,2010-06-21 03:00:00,Up,2183.992706,2179.491949,2180.617138,2010-06-21 03:16:00,2010-06-21 03:27:00,True
2010-06-21 06:00:00,2010-06-21 07:00:00,Up,2181.179733,2176.397678,2176.960272,2010-06-21 07:01:00,N/A,False
2010-06-21 09:00:00,2010-06-21 10:00:00,Up,2181.46103,2160.645026,2162.895404,2010-06-21 10:02:00,2010-06-21 10:20:00,True
2010-06-21 10:00:00,2010-06-21 11:00:00,Up,2169.365244,2158.113349,2160.082431,2010-06-21 11:05:00,N/A,False
2010-06-21 13:00:00,2010-06-21 14:00:00,Up,2159.519836,2143.485887,2143.767184,2010-06-21 14:03:00,N/A,False
2010-06-22 00:00:00,2010-06-22 01:00:00,Up,2138.703831,2137.297345,2138.141237,2010-06-22 01:11:00,2010-06-22 01:24:00,True
2010-06-22 03:00:00,2010-06-22 04:00:00,Up,2142.0794,2138.985129,2139.829021,2010-06-22 04:02:00,N/A,False
2010-06-22 04:00:00,2010-06-22 05:00:00,Up,2139.829021,2128.014532,2128.577126,2010-06-22 05:00:00,2010-06-22 05:20:00,True
2010-06-22 06:00:00,2010-06-22 07:00:00,Up,2136.172155,2130.546208,2132.51529,2010-06-22 07:08:00,2010-06-22 07:20:00,True
2010-06-22 08:00:00,2010-06-22 09:00:00,Up,2156.706863,2137.578642,2146.017563,2010-06-22 09:18:00,2010-06-22 09:53:00,True
2010-06-22 11:00:00,2010-06-22 12:00:00,Up,2151.924807,2144.611076,2146.580158,2010-06-22 12:01:00,2010-06-22 12:20:00,True
2010-06-22 12:00:00,2010-06-22 13:00:00,Up,2150.518321,2138.985129,2142.0794,2010-06-22 13:03:00,N/A,False
2010-06-23 00:00:00,2010-06-23 01:00:00,Up,2119.575611,2117.606529,2118.450421,2010-06-23 01:07:00,2010-06-23 01:22:00,True
2010-06-23 07:00:00,2010-06-23 08:00:00,Up,2126.608045,2120.982098,2123.232477,2010-06-23 08:06:00,N/A,False
2010-06-23 08:00:00,2010-06-23 09:00:00,Up,2123.795071,2105.510743,2111.13669,2010-06-23 09:00:00,N/A,False
2010-06-23 13:00:00,2010-06-23 14:00:00,Up,2126.04545,2102.416472,2107.479824,2010-06-23 14:05:00,2010-06-23 14:26:00,True
2010-06-23 16:00:00,2010-06-23 17:00:00,Up,2103.260364,2100.166093,2101.009985,2010-06-23 17:00:00,N/A,False
2010-06-23 23:00:00,2010-06-24 00:00:00,Up,2109.167609,2107.198527,2107.479824,2010-06-24 00:04:00,2010-06-24 00:20:00,True
2010-06-24 01:00:00,2010-06-24 02:00:00,Up,2110.011501,2105.510743,2106.635932,2010-06-24 02:05:00,N/A,False
2010-06-24 02:00:00,2010-06-24 03:00:00,Up,2107.198527,2090.320685,2092.289767,2010-06-24 03:05:00,2010-06-24 03:20:00,True
2010-06-24 09:00:00,2010-06-24 10:00:00,Up,2096.509227,2077.381007,2083.569549,2010-06-24 10:06:00,2010-06-24 10:40:00,True
2010-06-24 13:00:00,2010-06-24 14:00:00,Up,2100.44739,2077.662304,2080.475278,2010-06-24 14:09:00,N/A,False
2010-06-24 21:00:00,2010-06-24 22:00:00,Up,2084.976036,2081.600467,2082.444359,2010-06-24 22:09:00,N/A,False
2010-06-24 22:00:00,2010-06-24 23:00:00,Up,2082.444359,2075.97452,2077.099709,2010-06-24 23:02:00,2010-06-24 23:50:00,True
2010-06-25 03:00:00,2010-06-25 04:00:00,Up,2083.850846,2072.317654,2074.568033,2010-06-25 04:02:00,2010-06-25 04:27:00,True
2010-06-25 13:00:00,2010-06-25 14:00:00,Up,2086.382522,2076.537115,2079.631386,2010-06-25 14:03:00,2010-06-25 14:34:00,True
2010-06-27 18:05:00,2010-06-27 19:05:00,Up,2073.161546,2070.62987,2071.473762,2010-06-27 19:09:00,2010-06-27 19:35:00,True
2010-06-27 23:00:00,2010-06-28 00:01:00,Up,2075.411925,2072.880249,2074.005439,2010-06-28 00:13:00,N/A,False
2010-06-28 00:01:00,2010-06-28 01:02:00,Up,2074.568033,2068.379491,2068.660789,2010-06-28 01:07:00,2010-06-28 01:36:00,True
2010-06-28 04:00:00,2010-06-28 05:00:00,Up,2078.787494,2074.849331,2076.255817,2010-06-28 05:13:00,N/A,False
2010-06-28 06:00:00,2010-06-28 07:00:00,Up,2078.224899,2074.568033,2076.537115,2010-06-28 07:05:00,N/A,False
2010-06-28 08:00:00,2010-06-28 09:00:00,Up,2074.005439,2055.439813,2060.221868,2010-06-28 09:07:00,2010-06-28 09:25:00,True
2010-06-28 10:00:00,2010-06-28 11:00:00,Up,2083.288251,2072.598952,2076.818412,2010-06-28 11:06:00,N/A,False
2010-06-28 11:00:00,2010-06-28 12:00:00,Up,2077.381007,2068.098194,2073.724141,2010-06-28 12:06:00,N/A,False
2010-06-28 20:00:00,2010-06-28 21:00:00,Up,2069.785978,2067.535599,2068.098194,2010-06-28 21:11:00,N/A,False
2010-06-28 21:00:00,2010-06-28 22:01:00,Up,2068.660789,2060.503165,2062.190949,2010-06-28 22:15:00,N/A,False
2010-06-28 23:00:00,2010-06-29 00:00:00,Up,2059.096678,2049.813866,2052.908137,2010-06-29 00:07:00,N/A,False
2010-06-29 00:00:00,2010-06-29 01:00:00,Up,2052.908137,2045.03181,2048.407379,2010-06-29 01:00:00,N/A,False
2010-06-29 07:00:00,2010-06-29 08:00:00,Up,2039.405863,2034.061213,2034.342511,2010-06-29 08:04:00,2010-06-29 08:20:00,True
2010-06-29 08:00:00,2010-06-29 09:00:00,Up,2037.718079,2003.681098,2005.65018,2010-06-29 09:00:00,N/A,False
2010-06-29 10:00:00,2010-06-29 11:00:00,Up,2011.276127,1997.211259,1998.899043,2010-06-29 11:02:00,2010-06-29 11:20:00,True
2010-06-29 11:00:00,2010-06-29 12:00:00,Up,2004.243693,1994.398286,1996.648664,2010-06-29 12:16:00,2010-06-29 12:57:00,True
2010-06-29 13:00:00,2010-06-29 14:00:00,Up,2002.555909,1989.61623,1992.147907,2010-06-29 14:19:00,N/A,False
2010-06-29 23:00:00,2010-06-30 00:00:00,Up,1992.429204,1990.178825,1990.460122,2010-06-30 00:00:00,2010-06-30 00:44:00,True
2010-06-30 01:00:00,2010-06-30 02:00:00,Up,1994.116988,1989.053636,1993.554393,2010-06-30 02:10:00,2010-06-30 02:59:00,True
2010-06-30 03:00:00,2010-06-30 04:00:00,Up,1994.398286,1990.178825,1990.74142,2010-06-30 04:06:00,2010-06-30 04:20:00,True
2010-06-30 06:00:00,2010-06-30 07:00:00,Up,1996.648664,1993.835691,1994.679583,2010-06-30 07:03:00,N/A,False
2010-06-30 07:00:00,2010-06-30 08:00:00,Up,1994.96088,1981.17731,1984.271581,2010-06-30 08:10:00,2010-06-30 08:39:00,True
2010-06-30 09:00:00,2010-06-30 10:00:00,Up,1994.96088,1982.021202,1982.865094,2010-06-30 10:00:00,2010-06-30 10:20:00,True
2010-06-30 11:00:00,2010-06-30 12:00:00,Up,1997.211259,1987.084554,1990.74142,2010-06-30 12:07:00,2010-06-30 12:24:00,True
2010-06-30 12:00:00,2010-06-30 13:00:00,Up,1993.273096,1985.115473,1987.084554,2010-06-30 13:04:00,N/A,False
2010-06-30 13:00:00,2010-06-30 14:00:00,Up,1989.334933,1976.113957,1980.614715,2010-06-30 14:17:00,N/A,False
2010-06-30 19:00:00,2010-06-30 20:00:00,Up,1957.829629,1951.078492,1953.328871,2010-06-30 20:00:00,N/A,False
2010-07-01 06:00:00,2010-07-01 07:00:00,Up,1954.172763,1946.296437,1947.140329,2010-07-01 07:11:00,2010-07-01 07:20:00,True
2010-07-01 08:00:00,2010-07-01 09:00:00,Up,1964.299468,1948.265518,1951.078492,2010-07-01 09:00:00,N/A,False
2010-07-01 21:00:00,2010-07-01 22:00:00,Up,1958.673521,1954.172763,1957.548331,2010-07-01 22:04:00,N/A,False
2010-07-01 22:00:00,2010-07-01 23:00:00,Up,1957.548331,1951.641087,1951.641087,2010-07-01 23:07:00,2010-07-01 23:29:00,True
2010-07-02 01:00:00,2010-07-02 02:00:00,Up,1951.922384,1948.546816,1950.515897,2010-07-02 02:02:00,N/A,False
2010-07-02 08:00:00,2010-07-02 09:00:00,Up,1958.392223,1944.327355,1949.672005,2010-07-02 09:01:00,2010-07-02 09:20:00,True
2010-07-02 09:00:00,2010-07-02 10:00:00,Up,1953.891466,1940.951787,1943.202166,2010-07-02 10:03:00,2010-07-02 10:22:00,True
2010-07-02 11:00:00,2010-07-02 12:00:00,Up,1942.358274,1931.106379,1932.794164,2010-07-02 12:00:00,2010-07-02 12:20:00,True
2010-07-04 20:00:00,2010-07-04 21:00:00,Up,1941.514382,1937.576219,1938.701408,2010-07-04 21:07:00,2010-07-04 21:20:00,True
2010-07-05 02:00:00,2010-07-05 03:00:00,Up,1944.88995,1934.481948,1934.763245,2010-07-05 03:00:00,2010-07-05 03:20:00,True
2010-07-05 07:00:00,2010-07-05 08:00:00,Up,1942.920869,1940.107895,1940.951787,2010-07-05 08:11:00,N/A,False
2010-07-05 17:00:00,2010-07-05 18:00:00,Up,1939.264003,1934.20065,1934.481948,2010-07-05 18:00:00,N/A,False
2010-07-05 18:00:00,2010-07-05 19:00:00,Up,1934.481948,1926.324324,1928.012108,2010-07-05 19:03:00,N/A,False
2010-07-06 08:00:00,2010-07-06 09:00:00,Up,1974.988768,1964.299468,1969.925415,2010-07-06 09:00:00,2010-07-06 09:20:00,True
2010-07-06 10:00:00,2010-07-06 11:00:00,Up,1978.645633,1969.36282,1973.582281,2010-07-06 11:16:00,N/A,False
2010-07-06 12:00:00,2010-07-06 13:00:00,Up,1957.829629,1939.826598,1942.076976,2010-07-06 13:08:00,2010-07-06 13:24:00,True
2010-07-06 18:00:00,2010-07-06 19:00:00,Up,1953.047574,1950.515897,1951.641087,2010-07-06 19:03:00,N/A,False
2010-07-06 20:00:00,2010-07-06 21:00:00,Up,1945.733842,1942.358274,1942.920869,2010-07-06 21:02:00,2010-07-06 21:20:00,True
2010-07-07 01:00:00,2010-07-07 02:00:00,Up,1949.953303,1946.859032,1948.265518,2010-07-07 02:04:00,2010-07-07 02:20:00,True
2010-07-07 06:00:00,2010-07-07 07:00:00,Up,1951.641087,1946.296437,1948.265518,2010-07-07 07:14:00,2010-07-07 07:22:00,True
2010-07-07 18:00:00,2010-07-07 19:00:00,Up,2013.526506,2011.276127,2011.838722,2010-07-07 19:07:00,2010-07-07 19:34:00,True
2010-07-07 21:00:00,2010-07-07 22:00:00,Up,2015.495588,2012.963911,2014.370398,2010-07-07 22:16:00,2010-07-07 22:38:00,True
2010-07-08 00:00:00,2010-07-08 01:00:00,Up,2012.963911,2009.588343,2010.713532,2010-07-08 01:05:00,2010-07-08 01:22:00,True
2010-07-08 01:00:00,2010-07-08 02:00:00,Up,2012.401317,2009.025748,2009.025748,2010-07-08 02:00:00,2010-07-08 02:20:00,True
2010-07-08 02:00:00,2010-07-08 03:00:00,Up,2010.432235,2007.337964,2008.463154,2010-07-08 03:18:00,N/A,False
2010-07-08 09:00:00,2010-07-08 10:00:00,Up,2026.466185,2014.932993,2017.745966,2010-07-08 10:00:00,N/A,False
2010-07-08 12:00:00,2010-07-08 13:00:00,Up,2012.682614,2001.43072,2005.931477,2010-07-08 13:12:00,2010-07-08 13:43:00,True
2010-07-09 00:00:00,2010-07-09 01:00:00,Up,2024.7784,2020.55894,2021.965427,2010-07-09 01:06:00,2010-07-09 01:21:00,True
2010-07-09 01:00:00,2010-07-09 02:00:00,Up,2022.809319,2020.277643,2022.528022,2010-07-09 02:09:00,N/A,False
2010-07-09 06:00:00,2010-07-09 07:00:00,Up,2024.215806,2019.152453,2020.277643,2010-07-09 07:08:00,2010-07-09 07:23:00,True
2010-07-12 09:00:00,2010-07-12 10:00:00,Up,2057.408894,2038.280674,2041.656242,2010-07-12 10:00:00,N/A,False
2010-07-12 13:00:00,2010-07-12 14:00:00,Up,2048.688676,2040.81235,2044.750513,2010-07-12 14:07:00,2010-07-12 14:21:00,True
2010-07-12 20:00:00,2010-07-12 21:00:00,Up,2057.408894,2054.595921,2054.595921,2010-07-12 21:00:00,2010-07-12 21:25:00,True
2010-07-12 21:00:00,2010-07-12 22:01:00,Up,2054.877218,2050.939055,2051.782947,2010-07-12 22:03:00,N/A,False
2010-07-12 23:00:00,2010-07-13 00:00:00,Up,2050.939055,2047.282189,2047.844784,2010-07-13 00:14:00,N/A,False
2010-07-13 00:00:00,2010-07-13 01:00:00,Up,2048.688676,2046.157,2047.000892,2010-07-13 01:15:00,2010-07-13 01:40:00,True
2010-07-13 05:00:00,2010-07-13 06:00:00,Up,2065.566518,2062.472247,2063.597436,2010-07-13 06:10:00,2010-07-13 06:22:00,True
2010-07-13 11:00:00,2010-07-13 12:00:00,Up,2072.036357,2065.566518,2066.973005,2010-07-13 12:12:00,2010-07-13 12:45:00,True
2010-07-13 14:00:00,2010-07-13 15:00:00,Up,2081.037873,2072.036357,2072.880249,2010-07-13 15:00:00,2010-07-13 15:30:00,True
2010-07-14 00:00:00,2010-07-14 01:00:00,Up,2099.884796,2096.509227,2096.509227,2010-07-14 01:00:00,N/A,False
2010-07-14 03:00:00,2010-07-14 04:00:00,Up,2095.384038,2092.289767,2093.414956,2010-07-14 04:19:00,N/A,False
2010-07-14 04:00:00,2010-07-14 05:00:00,Up,2093.696254,2088.632901,2088.632901,2010-07-14 05:00:00,2010-07-14 05:20:00,True
2010-07-14 05:00:00,2010-07-14 06:00:00,Up,2092.00847,2088.351604,2090.88328,2010-07-14 06:04:00,2010-07-14 06:39:00,True
2010-07-14 06:00:00,2010-07-14 07:00:00,Up,2091.164578,2086.101225,2089.195496,2010-07-14 07:14:00,N/A,False
2010-07-14 07:00:00,2010-07-14 08:00:00,Up,2089.476793,2078.506196,2078.787494,2010-07-14 08:00:00,2010-07-14 08:31:00,True
2010-07-14 08:00:00,2010-07-14 09:00:00,Up,2083.850846,2074.286736,2075.97452,2010-07-14 09:00:00,2010-07-14 09:20:00,True
2010-07-14 11:00:00,2010-07-14 12:00:00,Up,2093.414956,2087.789009,2088.351604,2010-07-14 12:01:00,2010-07-14 12:20:00,True
2010-07-14 12:00:00,2010-07-14 13:00:00,Up,2089.195496,2076.255817,2078.787494,2010-07-14 13:00:00,2010-07-14 13:49:00,True
2010-07-15 00:00:00,2010-07-15 01:00:00,Up,2088.070307,2085.53863,2085.819928,2010-07-15 01:00:00,N/A,False
2010-07-15 01:00:00,2010-07-15 02:00:00,Up,2086.382522,2081.881765,2082.163062,2010-07-15 02:12:00,2010-07-15 02:20:00,True
2010-07-15 08:00:00,2010-07-15 09:00:00,Up,2088.070307,2073.161546,2081.037873,2010-07-15 09:02:00,N/A,False
2010-07-15 13:00:00,2010-07-15 14:00:00,Up,2081.31917,2070.911168,2076.255817,2010-07-15 14:11:00,2010-07-15 14:28:00,True
2010-07-15 19:00:00,2010-07-15 20:00:00,Up,2087.226414,2085.53863,2086.382522,2010-07-15 20:10:00,N/A,False
2010-07-15 23:00:00,2010-07-16 00:00:00,Up,2082.163062,2073.724141,2074.005439,2010-07-16 00:01:00,2010-07-16 00:35:00,True
2010-07-16 03:00:00,2010-07-16 04:00:00,Up,2079.068791,2075.130628,2075.130628,2010-07-16 04:00:00,2010-07-16 04:20:00,True
2010-07-16 06:00:00,2010-07-16 07:00:00,Up,2088.070307,2082.444359,2083.569549,2010-07-16 07:00:00,2010-07-16 07:22:00,True
2010-07-16 07:00:00,2010-07-16 08:00:00,Up,2085.53863,2079.350088,2080.19398,2010-07-16 08:04:00,2010-07-16 08:31:00,True
2010-07-16 08:00:00,2010-07-16 09:00:00,Up,2081.31917,2058.534084,2061.06576,2010-07-16 09:03:00,N/A,False
2010-07-16 10:00:00,2010-07-16 11:00:00,Up,2056.565002,2038.561971,2039.405863,2010-07-16 11:05:00,2010-07-16 11:41:00,True
2010-07-16 11:00:00,2010-07-16 12:00:00,Up,2043.906621,2035.4677,2037.718079,2010-07-16 12:04:00,2010-07-16 12:20:00,True
2010-07-16 13:00:00,2010-07-16 14:00:00,Up,2039.968458,2032.936024,2035.186403,2010-07-16 14:10:00,N/A,False
2010-07-19 01:00:00,2010-07-19 02:00:00,Up,2034.061213,2028.153969,2028.716564,2010-07-19 02:03:00,2010-07-19 02:22:00,True
2010-07-19 06:00:00,2010-07-19 07:00:00,Up,2040.249755,2033.217321,2034.342511,2010-07-19 07:04:00,2010-07-19 07:25:00,True
2010-07-19 08:00:00,2010-07-19 09:00:00,Up,2045.875702,2031.24824,2038.561971,2010-07-19 09:12:00,N/A,False
2010-07-19 14:00:00,2010-07-19 15:00:00,Up,2049.251271,2036.874187,2044.750513,2010-07-19 15:09:00,N/A,False
2010-07-19 20:00:00,2010-07-19 21:00:00,Up,2029.841753,2026.184887,2026.184887,2010-07-19 21:00:00,2010-07-19 21:20:00,True
2010-07-20 04:00:00,2010-07-20 05:00:00,Up,2026.747482,2014.932993,2016.620777,2010-07-20 05:02:00,N/A,False
2010-07-20 06:00:00,2010-07-20 07:00:00,Up,2017.464669,2012.120019,2016.058182,2010-07-20 07:05:00,2010-07-20 07:49:00,True
2010-07-20 19:00:00,2010-07-20 20:00:00,Up,2082.444359,2076.818412,2077.099709,2010-07-20 20:09:00,2010-07-20 20:20:00,True
2010-07-21 00:00:00,2010-07-21 01:00:00,Up,2077.099709,2074.568033,2074.568033,2010-07-21 01:01:00,2010-07-21 01:20:00,True
2010-07-21 08:00:00,2010-07-21 09:00:00,Up,2092.852362,2059.096678,2065.003923,2010-07-21 09:06:00,2010-07-21 09:20:00,True
2010-07-21 09:00:00,2010-07-21 10:00:00,Up,2070.348573,2057.690192,2065.28522,2010-07-21 10:10:00,2010-07-21 10:40:00,True
2010-07-21 12:00:00,2010-07-21 13:00:00,Up,2077.381007,2067.816897,2071.75506,2010-07-21 13:02:00,N/A,False
2010-07-21 13:00:00,2010-07-21 14:00:00,Up,2072.598952,2038.843268,2041.374945,2010-07-21 14:00:00,2010-07-21 14:20:00,True
2010-07-22 06:00:00,2010-07-22 07:00:00,Up,2067.254302,2063.597436,2064.160031,2010-07-22 07:03:00,2010-07-22 07:32:00,True
2010-07-23 06:00:00,2010-07-23 07:00:00,Up,2097.353119,2091.727172,2092.289767,2010-07-23 07:02:00,2010-07-23 07:24:00,True
2010-07-23 07:00:00,2010-07-23 08:00:00,Up,2093.696254,2086.101225,2087.507712,2010-07-23 08:13:00,2010-07-23 08:40:00,True
2010-07-23 08:00:00,2010-07-23 09:00:00,Up,2092.289767,2076.818412,2077.381007,2010-07-23 09:00:00,2010-07-23 09:20:00,True
2010-07-26 00:00:00,2010-07-26 01:00:00,Up,2115.074853,2112.26188,2112.824474,2010-07-26 01:01:00,2010-07-26 01:20:00,True
2010-07-26 01:00:00,2010-07-26 02:00:00,Up,2116.48134,2111.699285,2113.387069,2010-07-26 02:00:00,N/A,False
2010-07-26 05:00:00,2010-07-26 06:00:00,Up,2110.292798,2106.073338,2110.292798,2010-07-26 06:09:00,N/A,False
2010-07-27 09:00:00,2010-07-27 10:00:00,Up,2135.890858,2119.856908,2121.263395,2010-07-27 10:01:00,2010-07-27 10:39:00,True
2010-07-27 11:00:00,2010-07-27 12:00:00,Up,2125.764153,2116.762637,2119.013016,2010-07-27 12:03:00,2010-07-27 12:22:00,True
2010-07-28 02:00:00,2010-07-28 03:00:00,Up,2131.952695,2127.451937,2127.451937,2010-07-28 03:00:00,2010-07-28 03:23:00,True
2010-07-28 04:00:00,2010-07-28 05:00:00,Up,2129.139721,2125.482855,2125.482855,2010-07-28 05:00:00,N/A,False
2010-07-28 08:00:00,2010-07-28 09:00:00,Up,2130.264911,2117.606529,2127.733234,2010-07-28 09:10:00,N/A,False
2010-07-28 09:00:00,2010-07-28 10:00:00,Up,2129.702316,2112.824474,2117.606529,2010-07-28 10:09:00,2010-07-28 10:38:00,True
2010-07-28 12:00:00,2010-07-28 13:00:00,Up,2118.169124,2106.635932,2108.886311,2010-07-28 13:00:00,N/A,False
2010-07-28 13:00:00,2010-07-28 14:00:00,Up,2111.980582,2102.979067,2104.948148,2010-07-28 14:03:00,2010-07-28 14:30:00,True
2010-07-28 19:00:00,2010-07-28 20:00:00,Up,2106.354635,2102.697769,2104.385553,2010-07-28 20:10:00,N/A,False
2010-07-29 08:00:00,2010-07-29 09:00:00,Up,2122.669882,2109.448906,2112.543177,2010-07-29 09:02:00,N/A,False
2010-07-29 09:00:00,2010-07-29 10:00:00,Up,2112.824474,2099.040904,2103.260364,2010-07-29 10:05:00,N/A,False
2010-07-29 10:00:00,2010-07-29 11:00:00,Up,2103.541661,2075.130628,2078.787494,2010-07-29 11:00:00,2010-07-29 11:59:00,True
2010-07-29 18:00:00,2010-07-29 19:00:00,Up,2089.476793,2087.226414,2087.507712,2010-07-29 19:00:00,N/A,False
2010-07-29 19:00:00,2010-07-29 20:00:00,Up,2087.507712,2082.163062,2083.850846,2010-07-29 20:16:00,2010-07-29 20:20:00,True
2010-07-30 02:00:00,2010-07-30 03:00:00,Up,2091.727172,2081.31917,2085.53863,2010-07-30 03:14:00,N/A,False
2010-07-30 04:00:00,2010-07-30 05:00:00,Up,2083.288251,2078.506196,2079.068791,2010-07-30 05:00:00,2010-07-30 05:20:00,True
2010-07-30 06:00:00,2010-07-30 07:00:00,Up,2084.694738,2080.475278,2082.163062,2010-07-30 07:06:00,N/A,False
2010-07-30 11:00:00,2010-07-30 12:00:00,Up,2096.790525,2087.789009,2095.384038,2010-07-30 12:18:00,N/A,False
2010-07-30 12:00:00,2010-07-30 13:00:00,Up,2096.790525,2080.475278,2081.31917,2010-07-30 13:04:00,2010-07-30 13:20:00,True
2010-08-02 01:00:00,2010-08-02 02:00:00,Up,2110.574095,2107.479824,2108.042419,2010-08-02 02:00:00,2010-08-02 02:20:00,True
2010-08-02 06:00:00,2010-08-02 07:00:00,Up,2120.138206,2116.200043,2116.48134,2010-08-02 07:01:00,2010-08-02 07:20:00,True
2010-08-03 01:00:00,2010-08-03 02:00:00,Up,2131.671397,2127.451937,2128.014532,2010-08-03 02:02:00,2010-08-03 02:59:00,True
2010-08-03 05:00:00,2010-08-03 06:00:00,Up,2133.921776,2131.108803,2131.108803,2010-08-03 06:11:00,2010-08-03 06:58:00,True
2010-08-03 08:00:00,2010-08-03 09:00:00,Up,2135.890858,2118.450421,2120.7008,2010-08-03 09:00:00,2010-08-03 09:20:00,True
2010-08-03 10:00:00,2010-08-03 11:00:00,Up,2135.046966,2126.04545,2132.796587,2010-08-03 11:17:00,N/A,False
2010-08-04 00:00:00,2010-08-04 01:00:00,Up,2126.608045,2124.076369,2124.638963,2010-08-04 01:03:00,2010-08-04 01:20:00,True
2010-08-04 02:00:00,2010-08-04 03:00:00,Up,2127.733234,2121.82599,2123.232477,2010-08-04 03:12:00,2010-08-04 03:24:00,True
2010-08-05 07:00:00,2010-08-05 08:00:00,Up,2146.29886,2137.297345,2138.985129,2010-08-05 08:12:00,2010-08-05 08:31:00,True
2010-08-05 09:00:00,2010-08-05 10:00:00,Up,2146.017563,2132.51529,2133.077884,2010-08-05 10:00:00,2010-08-05 10:20:00,True
2010-08-05 11:00:00,2010-08-05 12:00:00,Up,2140.110318,2135.328263,2137.297345,2010-08-05 12:12:00,2010-08-05 12:26:00,True
2010-08-06 01:00:00,2010-08-06 02:00:00,Up,2144.611076,2142.360697,2142.923292,2010-08-06 02:00:00,2010-08-06 02:20:00,True
2010-08-06 03:00:00,2010-08-06 04:01:00,Up,2144.048481,2140.391616,2142.0794,2010-08-06 04:04:00,N/A,False
2010-08-06 09:00:00,2010-08-06 10:00:00,Up,2142.923292,2108.042419,2110.574095,2010-08-06 10:03:00,2010-08-06 10:20:00,True
2010-08-09 19:00:00,2010-08-09 20:00:00,Up,2153.331294,2149.674428,2149.955726,2010-08-09 20:08:00,N/A,False
2010-08-10 00:00:00,2010-08-10 01:00:00,Up,2148.267942,2146.017563,2147.42405,2010-08-10 01:01:00,N/A,False
2010-08-10 01:00:00,2010-08-10 02:00:00,Up,2147.42405,2144.611076,2145.454968,2010-08-10 02:03:00,2010-08-10 02:20:00,True
2010-08-10 02:00:00,2010-08-10 03:00:00,Up,2147.42405,2138.703831,2139.547724,2010-08-10 03:03:00,2010-08-10 03:20:00,True
2010-08-10 06:00:00,2010-08-10 07:00:00,Up,2145.454968,2139.547724,2140.672913,2010-08-10 07:13:00,N/A,False
2010-08-10 11:00:00,2010-08-10 12:00:00,Up,2130.827505,2125.482855,2126.608045,2010-08-10 12:08:00,N/A,False
2010-08-10 18:03:00,2010-08-10 19:04:00,Up,2133.921776,2128.577126,2130.827505,2010-08-10 19:18:00,N/A,False
2010-08-11 00:00:00,2010-08-11 01:00:00,Up,2119.856908,2117.043935,2118.450421,2010-08-11 01:07:00,N/A,False
2010-08-11 01:00:00,2010-08-11 02:00:00,Up,2118.731719,2111.13669,2114.793556,2010-08-11 02:03:00,N/A,False
2010-08-11 04:00:00,2010-08-11 05:00:00,Up,2112.543177,2102.979067,2102.979067,2010-08-11 05:01:00,2010-08-11 05:56:00,True
2010-08-11 07:00:00,2010-08-11 08:00:00,Up,2105.229446,2100.166093,2101.291282,2010-08-11 08:02:00,N/A,False
2010-08-11 09:00:00,2010-08-11 10:00:00,Up,2088.351604,2073.724141,2075.130628,2010-08-11 10:01:00,2010-08-11 10:34:00,True
2010-08-11 14:00:00,2010-08-11 15:00:00,Up,2080.475278,2072.036357,2075.693223,2010-08-11 15:05:00,N/A,False
2010-08-11 21:00:00,2010-08-11 22:00:00,Up,2057.408894,2052.626839,2052.908137,2010-08-11 22:14:00,2010-08-11 22:54:00,True
2010-08-12 06:00:00,2010-08-12 07:00:00,Up,2064.441328,2057.127597,2058.252786,2010-08-12 07:01:00,N/A,False
2010-08-12 07:00:00,2010-08-12 08:00:00,Up,2058.252786,2040.249755,2043.344026,2010-08-12 08:12:00,2010-08-12 08:34:00,True
2010-08-12 18:01:00,2010-08-12 19:01:00,Up,2063.034841,2060.221868,2061.06576,2010-08-12 19:01:00,2010-08-12 19:30:00,True
2010-08-12 21:00:00,2010-08-12 22:02:00,Up,2066.691707,2062.753544,2063.878734,2010-08-12 22:10:00,2010-08-12 22:23:00,True
2010-08-13 01:00:00,2010-08-13 02:00:00,Up,2073.442844,2069.785978,2071.473762,2010-08-13 02:14:00,N/A,False
2010-08-13 03:00:00,2010-08-13 04:00:00,Up,2070.067275,2065.847815,2067.254302,2010-08-13 04:07:00,N/A,False
2010-08-13 04:00:00,2010-08-13 05:00:00,Up,2068.098194,2051.50165,2052.064244,2010-08-13 05:03:00,N/A,False
2010-08-13 12:00:00,2010-08-13 13:00:00,Up,2058.252786,2052.908137,2054.314623,2010-08-13 13:02:00,2010-08-13 13:29:00,True
2010-08-15 18:00:00,2010-08-15 19:00:00,Up,2046.157,2040.531053,2041.656242,2010-08-15 19:03:00,N/A,False
2010-08-15 19:00:00,2010-08-15 20:00:00,Up,2041.937539,2032.936024,2034.342511,2010-08-15 20:10:00,2010-08-15 20:35:00,True
2010-08-15 22:00:00,2010-08-15 23:02:00,Up,2041.656242,2037.155484,2037.155484,2010-08-15 23:02:00,2010-08-15 23:22:00,True
2010-08-16 02:00:00,2010-08-16 03:00:00,Up,2053.752029,2045.594405,2045.875702,2010-08-16 03:01:00,N/A,False
2010-08-16 06:00:00,2010-08-16 07:00:00,Up,2041.656242,2035.4677,2037.718079,2010-08-16 07:19:00,2010-08-16 07:25:00,True
2010-08-16 11:00:00,2010-08-16 12:00:00,Up,2062.753544,2055.72111,2057.127597,2010-08-16 12:04:00,2010-08-16 12:40:00,True
2010-08-16 12:00:00,2010-08-16 13:00:00,Up,2058.534084,2052.345542,2053.752029,2010-08-16 13:10:00,N/A,False
2010-08-16 13:00:00,2010-08-16 14:00:00,Up,2056.002407,2042.218837,2042.500134,2010-08-16 14:06:00,2010-08-16 14:27:00,True
2010-08-16 18:00:00,2010-08-16 19:00:00,Up,2049.532568,2045.313108,2046.157,2010-08-16 19:01:00,2010-08-16 19:20:00,True
2010-08-17 01:00:00,2010-08-17 02:00:00,Up,2056.8463,2051.782947,2053.189434,2010-08-17 02:00:00,2010-08-17 02:20:00,True
2010-08-17 05:01:00,2010-08-17 06:01:00,Up,2062.190949,2058.252786,2058.815381,2010-08-17 06:01:00,2010-08-17 06:22:00,True
2010-08-17 13:00:00,2010-08-17 14:00:00,Up,2090.601983,2084.413441,2085.257333,2010-08-17 14:01:00,2010-08-17 14:25:00,True
2010-08-17 21:00:00,2010-08-17 22:00:00,Up,2071.473762,2067.535599,2068.098194,2010-08-17 22:11:00,N/A,False
2010-08-18 01:00:00,2010-08-18 02:00:00,Up,2071.192465,2068.379491,2069.785978,2010-08-18 02:03:00,2010-08-18 02:26:00,True
2010-08-18 13:00:00,2010-08-18 14:00:00,Up,2095.102741,2087.789009,2088.632901,2010-08-18 14:05:00,N/A,False
2010-08-18 18:00:00,2010-08-18 19:01:00,Up,2069.504681,2066.129112,2066.41041,2010-08-18 19:01:00,2010-08-18 19:21:00,True
2010-08-19 08:00:00,2010-08-19 09:00:00,Up,2078.224899,2066.129112,2068.098194,2010-08-19 09:00:00,N/A,False
2010-08-19 09:00:00,2010-08-19 10:00:00,Up,2068.098194,2049.813866,2053.752029,2010-08-19 10:04:00,N/A,False
2010-08-19 12:00:00,2010-08-19 13:00:00,Up,2050.657758,2043.906621,2044.750513,2010-08-19 13:01:00,2010-08-19 13:20:00,True
2010-08-19 18:00:00,2010-08-19 19:00:00,Up,2051.50165,2049.251271,2050.657758,2010-08-19 19:04:00,2010-08-19 19:32:00,True
2010-08-19 22:00:00,2010-08-19 23:00:00,Up,2049.532568,2047.000892,2047.000892,2010-08-19 23:03:00,N/A,False
2010-08-20 02:00:00,2010-08-20 03:00:00,Up,2056.002407,2047.844784,2049.532568,2010-08-20 03:12:00,N/A,False
2010-08-20 04:00:00,2010-08-20 05:00:00,Up,2048.688676,2040.249755,2042.500134,2010-08-20 05:18:00,N/A,False
2010-08-20 05:00:00,2010-08-20 06:00:00,Up,2044.469216,2035.186403,2035.186403,2010-08-20 06:00:00,2010-08-20 06:20:00,True
2010-08-22 23:00:00,2010-08-23 00:00:00,Up,2061.628355,2058.815381,2059.377976,2010-08-23 00:01:00,2010-08-23 00:20:00,True
2010-08-23 00:00:00,2010-08-23 01:00:00,Up,2060.503165,2058.534084,2058.815381,2010-08-23 01:01:00,2010-08-23 01:20:00,True
2010-08-23 01:00:00,2010-08-23 02:00:00,Up,2061.347057,2057.408894,2058.815381,2010-08-23 02:04:00,2010-08-23 02:55:00,True
2010-08-23 07:00:00,2010-08-23 08:00:00,Up,2069.504681,2063.034841,2063.597436,2010-08-23 08:02:00,2010-08-23 08:20:00,True
2010-08-23 08:00:00,2010-08-23 09:00:00,Up,2073.442844,2061.628355,2067.816897,2010-08-23 09:05:00,N/A,False
2010-08-23 09:00:00,2010-08-23 10:00:00,Up,2068.379491,2039.687161,2042.781432,2010-08-23 10:02:00,N/A,False
2010-08-23 11:00:00,2010-08-23 12:00:00,Up,2045.594405,2039.687161,2040.81235,2010-08-23 12:00:00,2010-08-23 12:20:00,True
2010-08-23 22:00:00,2010-08-23 23:02:00,Up,2035.4677,2032.092132,2033.217321,2010-08-23 23:10:00,N/A,False
2010-08-24 00:00:00,2010-08-24 01:00:00,Up,2031.24824,2027.872671,2031.24824,2010-08-24 01:09:00,N/A,False
2010-08-24 01:00:00,2010-08-24 02:00:00,Up,2031.24824,2025.622293,2026.466185,2010-08-24 02:02:00,N/A,False
2010-08-24 02:00:00,2010-08-24 03:00:00,Up,2027.028779,2018.027264,2018.871156,2010-08-24 03:01:00,2010-08-24 03:20:00,True
2010-08-24 06:01:00,2010-08-24 07:01:00,Up,2024.215806,2015.21429,2016.33948,2010-08-24 07:10:00,N/A,False
2010-08-24 07:00:00,2010-08-24 08:00:00,Up,2018.027264,2007.900559,2010.713532,2010-08-24 08:17:00,2010-08-24 08:21:00,True
2010-08-24 08:00:00,2010-08-24 09:00:00,Up,2012.963911,1997.773854,2000.868125,2010-08-24 09:00:00,2010-08-24 09:20:00,True
2010-08-24 11:00:00,2010-08-24 12:00:00,Up,2014.651695,2003.399801,2004.243693,2010-08-24 12:01:00,2010-08-24 12:20:00,True
2010-08-25 04:00:00,2010-08-25 05:00:00,Up,2000.868125,1992.147907,1993.554393,2010-08-25 05:03:00,2010-08-25 05:52:00,True
2010-08-25 05:00:00,2010-08-25 06:00:00,Up,1994.116988,1989.897528,1992.710501,2010-08-25 06:18:00,N/A,False
2010-08-25 06:00:00,2010-08-25 07:00:00,Up,1992.991799,1987.084554,1990.178825,2010-08-25 07:07:00,N/A,False
2010-08-25 07:00:00,2010-08-25 08:00:00,Up,1990.460122,1977.520444,1979.208228,2010-08-25 08:12:00,2010-08-25 08:20:00,True
2010-08-26 00:00:00,2010-08-26 01:00:00,Up,2019.152453,2016.620777,2016.902074,2010-08-26 01:14:00,2010-08-26 01:20:00,True
2010-08-26 05:00:00,2010-08-26 06:00:00,Up,2021.965427,2015.776885,2016.620777,2010-08-26 06:05:00,2010-08-26 06:20:00,True
2010-08-26 06:00:00,2010-08-26 07:00:00,Up,2017.464669,2013.526506,2013.526506,2010-08-26 07:00:00,2010-08-26 07:20:00,True
2010-08-26 09:00:00,2010-08-26 10:00:00,Up,2026.184887,2011.557425,2014.089101,2010-08-26 10:02:00,N/A,False
2010-08-26 12:00:00,2010-08-26 13:00:00,Up,2008.181856,2000.30553,2000.586827,2010-08-26 13:00:00,N/A,False
2010-08-27 02:00:00,2010-08-27 03:00:00,Up,1996.648664,1988.772338,1989.334933,2010-08-27 03:08:00,2010-08-27 03:20:00,True
2010-08-27 06:00:00,2010-08-27 07:00:00,Up,1998.617746,1995.242178,1995.242178,2010-08-27 07:10:00,2010-08-27 07:20:00,True
2010-08-27 08:00:00,2010-08-27 09:00:00,Up,2008.181856,1979.208228,1980.614715,2010-08-27 09:00:00,2010-08-27 09:20:00,True
2010-08-29 21:01:00,2010-08-29 22:01:00,Up,2030.12305,2028.153969,2029.841753,2010-08-29 22:11:00,N/A,False
2010-08-30 01:00:00,2010-08-30 02:00:00,Up,2023.090616,2019.996345,2020.840237,2010-08-30 02:01:00,N/A,False
2010-08-30 04:01:00,2010-08-30 05:01:00,Up,2019.996345,2017.183372,2017.464669,2010-08-30 05:01:00,N/A,False
2010-08-30 05:00:00,2010-08-30 06:00:00,Up,2017.745966,2010.713532,2011.838722,2010-08-30 06:10:00,2010-08-30 06:22:00,True
2010-08-30 12:00:00,2010-08-30 13:00:00,Up,2012.682614,2003.681098,2004.524991,2010-08-30 13:05:00,2010-08-30 13:27:00,True
2010-08-30 13:00:00,2010-08-30 14:00:00,Up,2009.588343,2001.149422,2006.494072,2010-08-30 14:16:00,N/A,False
2010-08-30 18:00:00,2010-08-30 19:00:00,Up,1995.523475,1992.429204,1992.991799,2010-08-30 19:06:00,N/A,False
2010-08-31 00:02:00,2010-08-31 01:02:00,Up,1990.178825,1984.834175,1985.39677,2010-08-31 01:08:00,N/A,False
2010-08-31 09:00:00,2010-08-31 10:00:00,Up,2004.806288,1988.491041,1994.116988,2010-08-31 10:10:00,2010-08-31 10:22:00,True
2010-08-31 11:00:00,2010-08-31 12:00:00,Up,1998.899043,1988.772338,1989.053636,2010-08-31 12:00:00,2010-08-31 12:20:00,True
2010-09-01 01:00:00,2010-09-01 02:00:00,Up,2007.619261,2003.118504,2004.524991,2010-09-01 02:06:00,N/A,False
2010-09-01 06:00:00,2010-09-01 07:00:00,Up,2015.776885,2012.120019,2014.089101,2010-09-01 07:15:00,2010-09-01 07:22:00,True
2010-09-01 10:00:00,2010-09-01 11:00:00,Up,2053.470731,2048.688676,2050.095163,2010-09-01 11:08:00,N/A,False
2010-09-01 11:00:00,2010-09-01 12:00:00,Up,2050.939055,2045.313108,2045.875702,2010-09-01 12:00:00,2010-09-01 12:20:00,True
2010-09-01 12:00:00,2010-09-01 13:00:00,Up,2049.532568,2043.625324,2047.282189,2010-09-01 13:14:00,N/A,False
2010-09-01 13:00:00,2010-09-01 14:00:00,Up,2048.688676,2039.968458,2042.218837,2010-09-01 14:02:00,2010-09-01 14:20:00,True
2010-09-02 11:00:00,2010-09-02 12:00:00,Up,2063.878734,2057.408894,2058.534084,2010-09-02 12:12:00,2010-09-02 12:20:00,True
2010-09-03 05:00:00,2010-09-03 06:01:00,Up,2074.568033,2071.473762,2072.036357,2010-09-03 06:05:00,N/A,False
2010-09-03 08:00:00,2010-09-03 09:00:00,Up,2104.104256,2088.632901,2102.697769,2010-09-03 09:15:00,N/A,False
2010-09-03 13:00:00,2010-09-03 14:00:00,Up,2103.260364,2096.22793,2096.509227,2010-09-03 14:00:00,2010-09-03 14:20:00,True
2010-09-06 00:00:00,2010-09-06 01:00:00,Up,2108.042419,2105.229446,2107.479824,2010-09-06 01:10:00,2010-09-06 01:47:00,True
2010-09-06 01:00:00,2010-09-06 02:00:00,Up,2108.042419,2104.948148,2107.198527,2010-09-06 02:06:00,N/A,False
2010-09-06 08:03:00,2010-09-06 09:03:00,Up,2113.105772,2108.886311,2109.167609,2010-09-06 09:04:00,N/A,False
2010-09-07 00:01:00,2010-09-07 01:01:00,Up,2102.979067,2101.291282,2102.135175,2010-09-07 01:01:00,N/A,False
2010-09-07 01:00:00,2010-09-07 02:00:00,Up,2102.416472,2097.353119,2100.44739,2010-09-07 02:06:00,N/A,False
2010-09-07 02:00:00,2010-09-07 03:00:00,Up,2100.44739,2094.821443,2095.665335,2010-09-07 03:09:00,2010-09-07 03:42:00,True
2010-09-07 04:00:00,2010-09-07 05:00:00,Up,2097.071822,2093.696254,2094.258848,2010-09-07 05:00:00,N/A,False
2010-09-07 08:00:00,2010-09-07 09:00:00,Up,2104.666851,2091.164578,2091.445875,2010-09-07 09:00:00,2010-09-07 09:20:00,True
2010-09-07 13:00:00,2010-09-07 14:00:00,Up,2098.197012,2087.226414,2088.632901,2010-09-07 14:00:00,2010-09-07 14:20:00,True
2010-09-08 07:00:00,2010-09-08 08:00:00,Up,2102.979067,2095.665335,2097.634417,2010-09-08 08:01:00,2010-09-08 08:30:00,True
2010-09-08 12:00:00,2010-09-08 13:00:00,Up,2121.82599,2112.26188,2114.230961,2010-09-08 13:00:00,2010-09-08 13:20:00,True
2010-09-08 19:00:00,2010-09-08 20:00:00,Up,2120.419503,2115.918745,2115.918745,2010-09-08 20:00:00,N/A,False
2010-09-09 01:00:00,2010-09-09 02:00:00,Up,2113.949664,2110.574095,2112.26188,2010-09-09 02:02:00,N/A,False
2010-09-09 06:00:00,2010-09-09 07:00:00,Up,2122.669882,2118.731719,2119.294314,2010-09-09 07:16:00,2010-09-09 07:29:00,True
2010-09-09 11:00:00,2010-09-09 12:00:00,Up,2134.765668,2128.014532,2128.014532,2010-09-09 12:00:00,N/A,False
2010-09-09 12:00:00,2010-09-09 13:00:00,Up,2129.983613,2120.138206,2121.544692,2010-09-09 13:12:00,2010-09-09 13:27:00,True
2010-09-10 07:00:00,2010-09-10 08:00:00,Up,2130.559285,2126.615891,2126.897562,2010-09-10 08:18:00,2010-09-10 08:31:00,True
2010-09-10 10:00:00,2010-09-10 11:00:00,Up,2131.122627,2118.729104,2120.419129,2010-09-10 11:01:00,2010-09-10 11:22:00,True
2010-09-13 01:00:00,2010-09-13 02:00:00,Up,2150.276253,2146.051188,2147.741214,2010-09-13 02:01:00,2010-09-13 02:20:00,True
2010-09-13 04:00:00,2010-09-13 05:00:00,Up,2151.684608,2147.741214,2148.022885,2010-09-13 05:02:00,2010-09-13 05:55:00,True
2010-09-13 06:00:00,2010-09-13 07:00:00,Up,2147.741214,2144.642834,2145.206176,2010-09-13 07:01:00,2010-09-13 07:20:00,True
2010-09-13 10:00:00,2010-09-13 11:00:00,Up,2163.233118,2157.599699,2159.571395,2010-09-13 11:07:00,N/A,False
2010-09-13 12:00:00,2010-09-13 13:00:00,Up,2158.444712,2152.529621,2155.909673,2010-09-13 13:07:00,2010-09-13 13:20:00,True
2010-09-13 18:04:00,2010-09-13 19:04:00,Up,2162.669776,2159.853066,2160.134737,2010-09-13 19:04:00,N/A,False
2010-09-14 02:00:00,2010-09-14 03:00:00,Up,2161.824763,2156.473015,2157.036357,2010-09-14 03:00:00,2010-09-14 03:59:00,True
2010-09-14 03:00:00,2010-09-14 04:00:00,Up,2157.599699,2154.219647,2156.191344,2010-09-14 04:00:00,N/A,False
2010-09-14 05:00:00,2010-09-14 06:00:00,Up,2160.134737,2155.06466,2156.473015,2010-09-14 06:12:00,N/A,False
2010-09-14 07:00:00,2010-09-14 08:00:00,Up,2162.951447,2153.937976,2154.219647,2010-09-14 08:00:00,2010-09-14 08:20:00,True
2010-09-15 01:00:00,2010-09-15 02:00:00,Up,2172.809931,2169.711551,2171.119906,2010-09-15 02:10:00,2010-09-15 02:32:00,True
2010-09-15 03:00:00,2010-09-15 04:00:00,Up,2173.091602,2168.866538,2169.148209,2010-09-15 04:04:00,N/A,False
2010-09-15 04:00:00,2010-09-15 05:00:00,Up,2169.42988,2164.359802,2164.641473,2010-09-15 05:01:00,2010-09-15 05:47:00,True
2010-09-15 06:00:00,2010-09-15 07:00:00,Up,2168.021525,2161.543092,2164.923144,2010-09-15 07:17:00,N/A,False
2010-09-15 19:00:00,2010-09-15 20:00:00,Up,2184.076771,2181.260061,2181.541732,2010-09-15 20:14:00,N/A,False
2010-09-16 00:00:00,2010-09-16 01:00:00,Up,2179.570035,2175.908312,2175.908312,2010-09-16 01:01:00,2010-09-16 01:20:00,True
2010-09-16 06:00:00,2010-09-16 07:00:00,Up,2181.541732,2178.443351,2180.133377,2010-09-16 07:03:00,2010-09-16 07:30:00,True
2010-09-16 08:00:00,2010-09-16 09:00:00,Up,2183.513429,2174.218286,2179.851706,2010-09-16 09:00:00,2010-09-16 09:25:00,True
2010-09-16 10:00:00,2010-09-16 11:00:00,Up,2183.231758,2176.189983,2177.598338,2010-09-16 11:09:00,2010-09-16 11:27:00,True
2010-09-17 03:00:00,2010-09-17 04:00:00,Up,2219.003972,2213.652223,2214.497236,2010-09-17 04:16:00,2010-09-17 04:31:00,True
2010-09-17 04:00:00,2010-09-17 05:00:00,Up,2216.187262,2212.243869,2213.933894,2010-09-17 05:04:00,N/A,False
2010-09-17 06:00:00,2010-09-17 07:00:00,Up,2212.80721,2201.822042,2203.793739,2010-09-17 07:09:00,2010-09-17 07:24:00,True
2010-09-17 11:00:00,2010-09-17 12:00:00,Up,2203.793739,2196.751965,2198.723662,2010-09-17 12:13:00,2010-09-17 12:28:00,True
2010-09-17 13:00:00,2010-09-17 14:00:00,Up,2204.638752,2199.287003,2203.230397,2010-09-17 14:10:00,N/A,False
2010-09-20 05:00:00,2010-09-20 06:00:00,Up,2213.088881,2210.553843,2211.117185,2010-09-20 06:00:00,2010-09-20 06:26:00,True
2010-09-20 06:00:00,2010-09-20 07:00:00,Up,2211.398856,2208.018804,2208.018804,2010-09-20 07:00:00,2010-09-20 07:20:00,True
2010-09-20 07:00:00,2010-09-20 08:00:00,Up,2211.117185,2205.483765,2206.328778,2010-09-20 08:15:00,2010-09-20 08:20:00,True
2010-09-20 10:00:00,2010-09-20 11:00:00,Up,2229.98914,2222.947366,2224.355721,2010-09-20 11:03:00,2010-09-20 11:51:00,True
2010-09-21 01:00:00,2010-09-21 02:00:00,Up,2231.960837,2227.735772,2228.017443,2010-09-21 02:00:00,2010-09-21 02:20:00,True
2010-09-21 04:00:00,2010-09-21 05:02:00,Up,2239.847624,2234.495876,2235.904231,2010-09-21 05:04:00,N/A,False
2010-09-21 06:00:00,2010-09-21 07:00:00,Up,2238.43927,2235.059218,2237.312586,2010-09-21 07:12:00,2010-09-21 07:30:00,True
2010-09-21 21:00:00,2010-09-21 22:00:00,Up,2243.791018,2241.819321,2242.382663,2010-09-21 22:06:00,2010-09-21 22:20:00,True
2010-09-22 00:00:00,2010-09-22 01:00:00,Up,2244.636031,2241.819321,2242.382663,2010-09-22 01:01:00,2010-09-22 01:46:00,True
2010-09-22 01:00:00,2010-09-22 02:00:00,Up,2244.35436,2239.565953,2242.946005,2010-09-22 02:16:00,N/A,False
2010-09-22 02:00:00,2010-09-22 03:00:00,Up,2242.946005,2228.017443,2230.834153,2010-09-22 03:07:00,2010-09-22 03:53:00,True
2010-09-22 05:00:00,2010-09-22 06:00:00,Up,2236.467573,2230.270811,2231.115824,2010-09-22 06:01:00,N/A,False
2010-09-22 09:00:00,2010-09-22 10:00:00,Up,2239.002612,2225.482405,2231.397495,2010-09-22 10:08:00,N/A,False
2010-09-22 11:00:00,2010-09-22 12:00:00,Up,2230.270811,2223.229037,2223.229037,2010-09-22 12:00:00,2010-09-22 12:28:00,True
2010-09-23 02:00:00,2010-09-23 03:00:00,Up,2241.53765,2233.369192,2235.62256,2010-09-23 03:17:00,N/A,False
2010-09-23 03:00:00,2010-09-23 04:00:00,Up,2237.875928,2222.102353,2224.355721,2010-09-23 04:15:00,2010-09-23 04:21:00,True
2010-09-23 05:00:00,2010-09-23 06:00:00,Up,2227.454101,2220.975669,2222.384024,2010-09-23 06:06:00,N/A,False
2010-09-23 13:00:00,2010-09-23 14:00:00,Up,2249.98778,2233.650863,2235.340889,2010-09-23 14:05:00,N/A,False
2010-09-23 17:00:00,2010-09-23 18:00:00,Up,2235.059218,2231.397495,2231.679166,2010-09-23 18:19:00,N/A,False
2010-09-24 04:00:00,2010-09-24 05:00:00,Up,2245.762715,2242.382663,2244.35436,2010-09-24 05:04:00,N/A,False
2010-09-24 12:00:00,2010-09-24 13:00:00,Up,2277.591536,2272.239787,2272.521458,2010-09-24 13:09:00,2010-09-24 13:28:00,True
2010-09-26 20:00:00,2010-09-26 21:00:00,Up,2283.506626,2279.844903,2281.253258,2010-09-26 21:11:00,N/A,False
2010-09-27 01:00:00,2010-09-27 02:00:00,Up,2282.379942,2276.183181,2278.436549,2010-09-27 02:03:00,2010-09-27 02:20:00,True
2010-09-27 03:00:00,2010-09-27 04:00:00,Up,2280.689916,2274.211484,2275.056497,2010-09-27 04:03:00,2010-09-27 04:20:00,True
2010-09-27 08:00:00,2010-09-27 09:00:00,Up,2280.408245,2267.733051,2269.423077,2010-09-27 09:15:00,2010-09-27 09:21:00,True
2010-09-27 09:00:00,2010-09-27 10:00:00,Up,2275.90151,2267.169709,2271.958116,2010-09-27 10:14:00,N/A,False
2010-09-27 13:00:00,2010-09-27 14:00:00,Up,2280.689916,2275.056497,2275.619839,2010-09-27 14:00:00,2010-09-27 14:22:00,True
2010-09-28 00:00:00,2010-09-28 01:00:00,Up,2265.479684,2262.099632,2264.916342,2010-09-28 01:12:00,N/A,False
2010-09-28 01:00:00,2010-09-28 02:00:00,Up,2265.198013,2260.691277,2262.099632,2010-09-28 02:02:00,N/A,False
2010-09-28 03:00:00,2010-09-28 04:00:00,Up,2259.846264,2256.466212,2258.156238,2010-09-28 04:07:00,2010-09-28 04:22:00,True
2010-09-28 08:00:00,2010-09-28 09:00:00,Up,2274.774826,2240.974308,2240.974308,2010-09-28 09:00:00,2010-09-28 09:25:00,True
2010-09-28 19:01:00,2010-09-28 20:01:00,Up,2270.549761,2265.198013,2269.423077,2010-09-28 20:19:00,N/A,False
2010-09-29 02:00:00,2010-09-29 03:00:00,Up,2274.211484,2260.972948,2263.226316,2010-09-29 03:07:00,2010-09-29 03:30:00,True
2010-09-29 07:00:00,2010-09-29 08:00:00,Up,2268.578064,2260.127935,2260.409606,2010-09-29 08:00:00,2010-09-29 08:20:00,True
2010-09-29 11:00:00,2010-09-29 12:00:00,Up,2267.169709,2259.846264,2262.662974,2010-09-29 12:09:00,2010-09-29 12:57:00,True
2010-09-29 13:00:00,2010-09-29 14:00:00,Up,2267.169709,2260.409606,2266.043025,2010-09-29 14:07:00,N/A,False
2010-09-29 23:00:00,2010-09-30 00:01:00,Up,2259.846264,2257.874567,2258.71958,2010-09-30 00:19:00,N/A,False
2010-09-30 00:01:00,2010-09-30 01:01:00,Up,2259.282922,2255.339528,2255.339528,2010-09-30 01:01:00,2010-09-30 01:35:00,True
2010-09-30 03:00:00,2010-09-30 04:00:00,Up,2264.634671,2256.466212,2258.71958,2010-09-30 04:02:00,2010-09-30 04:20:00,True
2010-09-30 05:00:00,2010-09-30 06:00:00,Up,2264.071329,2259.001251,2259.564593,2010-09-30 06:14:00,2010-09-30 06:20:00,True
2010-09-30 08:00:00,2010-09-30 09:00:00,Up,2285.196652,2269.141406,2273.648142,2010-09-30 09:01:00,N/A,False
2010-09-30 09:00:00,2010-09-30 10:00:00,Up,2274.211484,2256.747883,2256.747883,2010-09-30 10:00:00,N/A,False
2010-09-30 10:00:00,2010-09-30 11:00:00,Up,2257.311225,2235.059218,2242.382663,2010-09-30 11:04:00,2010-09-30 11:24:00,True
2010-10-01 05:00:00,2010-10-01 06:00:00,Up,2265.761355,2257.029554,2258.156238,2010-10-01 06:00:00,2010-10-01 06:20:00,True
2010-10-01 08:00:00,2010-10-01 09:00:00,Up,2270.831432,2260.691277,2266.324696,2010-10-01 09:01:00,N/A,False
2010-10-03 23:03:00,2010-10-04 00:03:00,Up,2246.326057,2242.946005,2242.946005,2010-10-04 00:12:00,2010-10-04 00:24:00,True
2010-10-04 01:00:00,2010-10-04 02:00:00,Up,2247.17107,2241.819321,2244.917702,2010-10-04 02:05:00,N/A,False
2010-10-04 08:00:00,2010-10-04 09:00:00,Up,2248.861096,2236.467573,2237.875928,2010-10-04 09:01:00,2010-10-04 09:20:00,True
2010-10-04 09:00:00,2010-10-04 10:00:00,Up,2244.917702,2232.242508,2235.904231,2010-10-04 10:05:00,N/A,False
2010-10-04 10:00:00,2010-10-04 11:00:00,Up,2235.904231,2213.652223,2214.215565,2010-10-04 11:00:00,2010-10-04 11:20:00,True
2010-10-05 04:00:00,2010-10-05 05:00:00,Up,2239.002612,2235.059218,2235.059218,2010-10-05 05:00:00,2010-10-05 05:20:00,True
2010-10-05 05:00:00,2010-10-05 06:00:00,Up,2238.43927,2233.932534,2234.214205,2010-10-05 06:03:00,2010-10-05 06:20:00,True
2010-10-06 00:00:00,2010-10-06 01:00:00,Up,2278.154878,2276.183181,2276.464852,2010-10-06 01:01:00,N/A,False
2010-10-06 04:00:00,2010-10-06 05:00:00,Up,2280.971587,2278.71822,2280.408245,2010-10-06 05:12:00,N/A,False
2010-10-06 05:00:00,2010-10-06 06:00:00,Up,2280.971587,2276.183181,2277.028194,2010-10-06 06:04:00,2010-10-06 06:36:00,True
2010-10-06 08:00:00,2010-10-06 09:00:00,Up,2278.71822,2268.296393,2270.831432,2010-10-06 09:17:00,N/A,False
2010-10-06 11:00:00,2010-10-06 12:00:00,Up,2265.198013,2251.959477,2253.08616,2010-10-06 12:00:00,N/A,False
2010-10-07 06:00:00,2010-10-07 07:00:00,Up,2260.127935,2254.776186,2255.339528,2010-10-07 07:01:00,2010-10-07 07:20:00,True
2010-10-07 08:00:00,2010-10-07 09:00:00,Up,2275.619839,2248.297754,2249.706109,2010-10-07 09:01:00,2010-10-07 09:20:00,True
2010-10-07 10:00:00,2010-10-07 11:00:00,Up,2265.761355,2258.71958,2260.972948,2010-10-07 11:03:00,N/A,False
2010-10-08 00:00:00,2010-10-08 01:00:00,Up,2272.803129,2268.859735,2268.859735,2010-10-08 01:07:00,N/A,False
2010-10-08 01:00:00,2010-10-08 02:00:00,Up,2269.423077,2263.789658,2264.071329,2010-10-08 02:01:00,2010-10-08 02:25:00,True
2010-10-08 04:00:00,2010-10-08 05:00:00,Up,2262.944645,2259.564593,2261.817961,2010-10-08 05:18:00,2010-10-08 05:34:00,True
2010-10-08 05:00:00,2010-10-08 06:00:00,Up,2262.662974,2259.282922,2260.691277,2010-10-08 06:05:00,2010-10-08 06:20:00,True
2010-10-08 12:00:00,2010-10-08 13:00:00,Up,2283.224955,2274.211484,2276.464852,2010-10-08 13:03:00,2010-10-08 13:20:00,True
2010-10-11 04:01:00,2010-10-11 05:01:00,Up,2284.63331,2282.379942,2283.224955,2010-10-11 05:02:00,N/A,False
2010-10-11 07:00:00,2010-10-11 08:00:00,Up,2282.943284,2280.408245,2281.253258,2010-10-11 08:08:00,2010-10-11 08:22:00,True
2010-10-11 13:00:00,2010-10-11 14:00:00,Up,2291.393414,2287.731691,2288.295033,2010-10-11 14:11:00,N/A,False
2010-10-11 19:00:00,2010-10-11 20:01:00,Up,2282.379942,2277.028194,2277.028194,2010-10-11 20:01:00,N/A,False
2010-10-11 22:01:00,2010-10-11 23:01:00,Up,2273.929813,2265.761355,2267.45138,2010-10-11 23:10:00,2010-10-11 23:21:00,True
2010-10-12 00:00:00,2010-10-12 01:00:00,Up,2268.296393,2266.606367,2266.888038,2010-10-12 01:00:00,2010-10-12 01:20:00,True
2010-10-12 02:00:00,2010-10-12 03:00:00,Up,2272.521458,2265.761355,2266.324696,2010-10-12 03:00:00,N/A,False
2010-10-12 11:00:00,2010-10-12 12:00:00,Up,2291.111743,2285.759994,2286.886678,2010-10-12 12:02:00,2010-10-12 12:20:00,True
2010-10-12 12:00:00,2010-10-12 13:00:00,Up,2288.858375,2285.196652,2287.731691,2010-10-12 13:00:00,2010-10-12 13:20:00,True
2010-10-13 05:00:00,2010-10-13 06:00:00,Up,2315.053776,2312.237066,2313.927092,2010-10-13 06:07:00,2010-10-13 06:44:00,True
2010-10-13 07:00:00,2010-10-13 08:00:00,Up,2315.898789,2311.392053,2311.955395,2010-10-13 08:03:00,2010-10-13 08:27:00,True
2010-10-13 13:00:00,2010-10-13 14:00:00,Up,2326.883957,2317.870486,2321.813879,2010-10-13 14:10:00,2010-10-13 14:20:00,True
2010-10-13 21:00:00,2010-10-13 22:00:00,Up,2324.91226,2321.532208,2322.377221,2010-10-13 22:02:00,2010-10-13 22:35:00,True
2010-10-14 01:01:00,2010-10-14 02:01:00,Up,2327.72897,2324.067247,2324.630589,2010-10-14 02:05:00,2010-10-14 02:21:00,True
2010-10-14 04:00:00,2010-10-14 05:00:00,Up,2325.757273,2319.560511,2320.405524,2010-10-14 05:02:00,2010-10-14 05:47:00,True
2010-10-14 07:00:00,2010-10-14 08:00:00,Up,2324.067247,2317.025473,2318.99717,2010-10-14 08:01:00,2010-10-14 08:43:00,True
2010-10-14 11:00:00,2010-10-14 12:00:00,Up,2314.208763,2305.758634,2311.392053,2010-10-14 12:08:00,2010-10-14 12:39:00,True
2010-10-14 13:00:00,2010-10-14 14:00:00,Up,2311.392053,2300.688556,2301.533569,2010-10-14 14:00:00,2010-10-14 14:20:00,True
2010-10-14 17:00:00,2010-10-14 18:00:00,Up,2333.925731,2331.954035,2332.235706,2010-10-14 18:13:00,N/A,False
2010-10-14 18:00:00,2010-10-14 19:00:00,Up,2332.517377,2328.010641,2328.855654,2010-10-14 19:16:00,N/A,False
2010-10-15 00:00:00,2010-10-15 01:00:00,Up,2333.080718,2329.982338,2331.672364,2010-10-15 01:01:00,2010-10-15 01:40:00,True
2010-10-15 01:00:00,2010-10-15 02:00:00,Up,2335.052415,2329.418996,2333.925731,2010-10-15 02:06:00,N/A,False
2010-10-15 02:00:00,2010-10-15 03:00:00,Up,2333.925731,2325.757273,2327.72897,2010-10-15 03:02:00,2010-10-15 03:20:00,True
2010-10-15 04:00:00,2010-10-15 05:00:00,Up,2329.700667,2325.193931,2327.165628,2010-10-15 05:15:00,N/A,False
2010-10-15 08:00:00,2010-10-15 09:00:00,Up,2344.347558,2326.883957,2331.954035,2010-10-15 09:04:00,2010-10-15 09:55:00,True
2010-10-15 12:00:00,2010-10-15 13:00:00,Up,2347.445938,2340.967506,2343.220874,2010-10-15 13:01:00,2010-10-15 13:20:00,True
2010-10-17 18:00:00,2010-10-17 19:00:00,Up,2360.402803,2356.741081,2357.304423,2010-10-17 19:04:00,N/A,False
2010-10-17 19:00:00,2010-10-17 20:00:00,Up,2357.586094,2354.769384,2355.332726,2010-10-17 20:19:00,2010-10-17 20:38:00,True
2010-10-17 20:00:00,2010-10-17 21:00:00,Up,2356.177739,2353.361029,2354.206042,2010-10-17 21:06:00,N/A,False
2010-10-18 02:00:00,2010-10-18 03:00:00,Up,2352.797687,2348.572622,2349.699306,2010-10-18 03:04:00,2010-10-18 03:24:00,True
2010-10-18 06:00:00,2010-10-18 07:00:00,Up,2357.304423,2354.769384,2355.614397,2010-10-18 07:01:00,2010-10-18 07:20:00,True
2010-10-18 09:00:00,2010-10-18 10:00:00,Up,2366.881236,2358.431107,2363.219513,2010-10-18 10:08:00,N/A,False
2010-10-18 19:00:00,2010-10-18 20:00:00,Up,2331.672364,2327.447299,2328.855654,2010-10-18 20:03:00,2010-10-18 20:41:00,True
2010-10-19 05:00:00,2010-10-19 06:00:00,Up,2340.967506,2335.334086,2338.150796,2010-10-19 06:03:00,N/A,False
2010-10-19 07:00:00,2010-10-19 08:00:00,Up,2337.305783,2328.292312,2330.264009,2010-10-19 08:01:00,2010-10-19 08:37:00,True
2010-10-19 11:00:00,2010-10-19 12:00:00,Up,2348.854293,2340.685835,2346.037584,2010-10-19 12:12:00,N/A,False
2010-10-19 12:00:00,2010-10-19 13:00:00,Up,2346.319254,2328.010641,2329.700667,2010-10-19 13:00:00,N/A,False
2010-10-19 18:00:00,2010-10-19 19:00:00,Up,2326.883957,2324.067247,2324.91226,2010-10-19 19:05:00,2010-10-19 19:20:00,True
2010-10-20 00:00:00,2010-10-20 01:00:00,Up,2340.404164,2338.432467,2338.714138,2010-10-20 01:01:00,2010-10-20 01:30:00,True
2010-10-20 01:00:00,2010-10-20 02:00:00,Up,2339.840822,2335.334086,2336.46077,2010-10-20 02:00:00,2010-10-20 02:20:00,True
2010-10-20 05:00:00,2010-10-20 06:00:00,Up,2344.065887,2340.122493,2341.530848,2010-10-20 06:13:00,2010-10-20 06:35:00,True
2010-10-20 06:00:00,2010-10-20 07:00:00,Up,2344.065887,2338.995809,2341.812519,2010-10-20 07:18:00,N/A,False
2010-10-20 08:00:00,2010-10-20 09:00:00,Up,2346.600925,2334.489073,2341.530848,2010-10-20 09:13:00,2010-10-20 09:32:00,True
2010-10-20 11:00:00,2010-10-20 12:00:00,Up,2364.346197,2355.896068,2356.741081,2010-10-20 12:11:00,2010-10-20 12:20:00,True
2010-10-20 12:00:00,2010-10-20 13:00:00,Up,2361.247816,2354.206042,2355.332726,2010-10-20 13:04:00,2010-10-20 13:20:00,True
2010-10-20 18:00:00,2010-10-20 19:00:00,Up,2355.332726,2353.6427,2354.487713,2010-10-20 19:01:00,N/A,False
2010-10-20 19:00:00,2010-10-20 20:00:00,Up,2354.487713,2348.290951,2349.699306,2010-10-20 20:08:00,2010-10-20 20:21:00,True
2010-10-20 21:00:00,2010-10-20 22:00:00,Up,2353.6427,2347.727609,2347.727609,2010-10-20 22:01:00,2010-10-20 22:39:00,True
2010-10-21 01:00:00,2010-10-21 02:00:00,Up,2352.234345,2347.727609,2347.727609,2010-10-21 02:00:00,2010-10-21 02:20:00,True
2010-10-21 07:00:00,2010-10-21 08:00:00,Up,2366.599565,2358.712778,2362.092829,2010-10-21 08:04:00,2010-10-21 08:29:00,True
2010-10-21 12:00:00,2010-10-21 13:00:00,Up,2356.177739,2329.700667,2332.517377,2010-10-21 13:00:00,2010-10-21 13:20:00,True
2010-10-22 01:01:00,2010-10-22 02:01:00,Up,2351.107661,2347.727609,2348.854293,2010-10-22 02:09:00,N/A,False
2010-10-22 02:00:00,2010-10-22 03:00:00,Up,2349.699306,2341.530848,2344.347558,2010-10-22 03:08:00,N/A,False
2010-10-22 12:00:00,2010-10-22 13:00:00,Up,2368.571262,2362.3745,2362.937842,2010-10-22 13:04:00,2010-10-22 13:20:00,True
2010-10-25 00:00:00,2010-10-25 01:00:00,Up,2388.569901,2384.908179,2385.471521,2010-10-25 01:00:00,2010-10-25 01:25:00,True
2010-10-25 01:00:00,2010-10-25 02:00:00,Up,2386.316533,2383.499824,2384.908179,2010-10-25 02:01:00,N/A,False
2010-10-25 09:00:00,2010-10-25 10:00:00,Up,2394.766663,2378.993088,2381.809798,2010-10-25 10:05:00,2010-10-25 10:20:00,True
2010-10-25 17:00:00,2010-10-25 18:00:00,Up,2377.021391,2374.486352,2375.613036,2010-10-25 18:01:00,N/A,False
2010-10-26 00:00:00,2010-10-26 01:00:00,Up,2377.021391,2375.613036,2375.894707,2010-10-26 01:15:00,N/A,False
2010-10-26 02:00:00,2010-10-26 03:00:00,Up,2378.429746,2370.82463,2371.387972,2010-10-26 03:00:00,2010-10-26 03:20:00,True
2010-10-26 03:00:00,2010-10-26 04:00:00,Up,2374.768023,2370.261288,2372.514656,2010-10-26 04:19:00,2010-10-26 04:57:00,True
2010-10-26 07:00:00,2010-10-26 08:00:00,Up,2371.951314,2366.881236,2367.726249,2010-10-26 08:02:00,N/A,False
2010-10-26 12:00:00,2010-10-26 13:00:00,Up,2390.823269,2381.528127,2382.091469,2010-10-26 13:00:00,2010-10-26 13:20:00,True
2010-10-26 21:00:00,2010-10-26 22:00:00,Up,2389.978256,2385.18985,2385.471521,2010-10-26 22:10:00,N/A,False
2010-10-27 01:00:00,2010-10-27 02:00:00,Up,2380.683114,2376.458049,2377.584733,2010-10-27 02:00:00,2010-10-27 02:57:00,True
2010-10-27 03:00:00,2010-10-27 04:00:00,Up,2378.429746,2375.049694,2375.331365,2010-10-27 04:17:00,2010-10-27 04:23:00,True
2010-10-27 09:00:00,2010-10-27 10:00:00,Up,2389.696585,2372.796327,2373.641339,2010-10-27 10:01:00,2010-10-27 10:36:00,True
2010-10-28 04:00:00,2010-10-28 05:00:00,Up,2400.400082,2397.020031,2398.710057,2010-10-28 05:09:00,N/A,False
2010-10-28 05:00:00,2010-10-28 06:00:00,Up,2398.710057,2395.893347,2396.175018,2010-10-28 06:01:00,2010-10-28 06:57:00,True
2010-10-28 08:00:00,2010-10-28 09:00:00,Up,2404.625147,2393.076637,2395.330005,2010-10-28 09:12:00,N/A,False
2010-10-28 10:00:00,2010-10-28 11:00:00,Up,2391.386611,2383.781495,2383.781495,2010-10-28 11:00:00,N/A,False
2010-10-28 11:00:00,2010-10-28 12:00:00,Up,2384.063166,2377.866404,2379.274759,2010-10-28 12:00:00,2010-10-28 12:20:00,True
2010-10-28 18:00:00,2010-10-28 19:00:00,Up,2399.83674,2396.175018,2398.991728,2010-10-28 19:14:00,N/A,False
2010-10-28 19:00:00,2010-10-28 20:00:00,Up,2398.991728,2389.978256,2390.823269,2010-10-28 20:13:00,N/A,False
2010-10-29 13:00:00,2010-10-29 14:00:00,Up,2402.090108,2394.484992,2395.048334,2010-10-29 14:00:00,2010-10-29 14:23:00,True
2010-10-31 23:00:00,2010-11-01 00:00:00,Up,2406.315173,2405.47016,2405.751831,2010-11-01 00:09:00,N/A,False
2010-11-01 02:00:00,2010-11-01 03:00:00,Up,2406.315173,2404.061805,2405.47016,2010-11-01 03:19:00,2010-11-01 03:50:00,True
2010-11-01 04:00:00,2010-11-01 05:00:00,Up,2406.878515,2400.963424,2402.371779,2010-11-01 05:01:00,2010-11-01 05:47:00,True
2010-11-01 06:00:00,2010-11-01 07:00:00,Up,2402.935121,2399.273399,2399.273399,2010-11-01 07:00:00,2010-11-01 07:26:00,True
2010-11-01 09:00:00,2010-11-01 10:00:00,Up,2418.427025,2404.061805,2405.47016,2010-11-01 10:00:00,N/A,False
2010-11-01 11:00:00,2010-11-01 12:00:00,Up,2400.681753,2395.048334,2397.020031,2010-11-01 12:06:00,2010-11-01 12:20:00,True
2010-11-01 13:00:00,2010-11-01 14:00:00,Up,2401.245095,2392.513295,2395.048334,2010-11-01 14:02:00,2010-11-01 14:57:00,True
2010-11-02 01:00:00,2010-11-02 02:00:00,Up,2404.625147,2402.371779,2402.65345,2010-11-02 02:00:00,2010-11-02 02:26:00,True
2010-11-02 20:00:00,2010-11-02 21:00:00,Up,2426.595483,2422.370419,2424.060445,2010-11-02 21:01:00,2010-11-02 21:21:00,True
2010-11-03 01:00:00,2010-11-03 02:00:00,Up,2424.623787,2422.370419,2423.497103,2010-11-03 02:07:00,N/A,False
2010-11-03 07:00:00,2010-11-03 08:00:00,Up,2426.877154,2422.370419,2424.623787,2010-11-03 08:13:00,N/A,False
2010-11-03 09:00:00,2010-11-03 10:00:00,Up,2422.370419,2413.075276,2414.483631,2010-11-03 10:10:00,N/A,False
2010-11-03 10:00:00,2010-11-03 11:00:00,Up,2416.455328,2406.878515,2411.948593,2010-11-03 11:04:00,2010-11-03 11:57:00,True
2010-11-04 01:01:00,2010-11-04 02:01:00,Up,2440.11569,2437.298981,2439.834019,2010-11-04 02:17:00,2010-11-04 02:37:00,True
2010-11-04 08:00:00,2010-11-04 09:00:00,Up,2464.339395,2456.452607,2458.705975,2010-11-04 09:01:00,2010-11-04 09:26:00,True
2010-11-04 10:00:00,2010-11-04 11:00:00,Up,2468.564459,2459.269317,2459.550988,2010-11-04 11:02:00,2010-11-04 11:20:00,True
2010-11-04 12:00:00,2010-11-04 13:00:00,Up,2464.621066,2456.734278,2456.734278,2010-11-04 13:00:00,2010-11-04 13:20:00,True
2010-11-04 21:00:00,2010-11-04 22:00:00,Up,2458.987646,2457.29762,2457.579291,2010-11-04 22:03:00,N/A,False
2010-11-05 04:00:00,2010-11-05 05:00:00,Up,2458.424304,2455.607594,2456.452607,2010-11-05 05:02:00,2010-11-05 05:20:00,True
2010-11-05 10:00:00,2010-11-05 11:00:00,Up,2462.649369,2453.635897,2453.917568,2010-11-05 11:00:00,2010-11-05 11:20:00,True
2010-11-05 12:00:00,2010-11-05 13:00:00,Up,2462.367698,2458.987646,2460.11433,2010-11-05 13:03:00,N/A,False
2010-11-07 18:00:00,2010-11-07 19:01:00,Up,2460.677672,2457.860962,2459.832659,2010-11-07 19:15:00,N/A,False
2010-11-07 19:01:00,2010-11-07 20:01:00,Up,2459.832659,2453.072556,2454.48091,2010-11-07 20:04:00,2010-11-07 20:53:00,True
2010-11-08 00:00:00,2010-11-08 01:00:00,Up,2456.452607,2453.072556,2453.072556,2010-11-08 01:00:00,2010-11-08 01:20:00,True
2010-11-08 02:00:00,2010-11-08 03:00:00,Up,2458.987646,2455.044252,2457.29762,2010-11-08 03:16:00,N/A,False
2010-11-08 07:00:00,2010-11-08 08:00:00,Up,2457.015949,2453.917568,2455.325923,2010-11-08 08:04:00,2010-11-08 08:27:00,True
2010-11-08 13:00:00,2010-11-08 14:00:00,Up,2465.74775,2459.832659,2460.11433,2010-11-08 14:10:00,2010-11-08 14:20:00,True
2010-11-08 17:00:00,2010-11-08 18:00:00,Up,2459.269317,2455.607594,2455.889265,2010-11-08 18:01:00,N/A,False
2010-11-09 00:00:00,2010-11-09 01:00:00,Up,2457.29762,2455.044252,2456.452607,2010-11-09 01:02:00,N/A,False
2010-11-09 06:00:00,2010-11-09 07:00:00,Up,2473.352866,2470.254485,2470.254485,2010-11-09 07:00:00,2010-11-09 07:20:00,True
2010-11-09 09:00:00,2010-11-09 10:00:00,Up,2476.451247,2464.057724,2470.254485,2010-11-09 10:12:00,N/A,False
2010-11-09 13:00:00,2010-11-09 14:00:00,Up,2459.550988,2453.917568,2457.29762,2010-11-09 14:03:00,N/A,False
2010-11-09 16:02:00,2010-11-09 17:02:00,Up,2450.255846,2448.847491,2449.974175,2010-11-09 17:14:00,2010-11-09 17:46:00,True
2010-11-09 19:00:00,2010-11-09 20:00:00,Up,2453.354226,2451.664201,2451.664201,2010-11-09 20:17:00,N/A,False
2010-11-10 01:00:00,2010-11-10 02:00:00,Up,2456.734278,2453.635897,2454.199239,2010-11-10 02:00:00,2010-11-10 02:20:00,True
2010-11-10 06:00:00,2010-11-10 07:00:00,Up,2454.762581,2448.284149,2449.410833,2010-11-10 07:12:00,2010-11-10 07:22:00,True
2010-11-10 08:00:00,2010-11-10 09:00:00,Up,2456.734278,2435.608955,2440.11569,2010-11-10 09:05:00,2010-11-10 09:39:00,True
2010-11-10 11:00:00,2010-11-10 12:00:00,Up,2457.579291,2450.819188,2453.635897,2010-11-10 12:01:00,2010-11-10 12:20:00,True
2010-11-10 14:00:00,2010-11-10 15:00:00,Up,2463.212711,2457.579291,2461.241014,2010-11-10 15:05:00,N/A,False
2010-11-11 01:00:00,2010-11-11 02:00:00,Up,2441.524045,2436.453968,2437.298981,2010-11-11 02:07:00,2010-11-11 02:20:00,True
2010-11-11 02:00:00,2010-11-11 03:00:00,Up,2438.425665,2432.792245,2433.637258,2010-11-11 03:05:00,2010-11-11 03:28:00,True
2010-11-11 13:00:00,2010-11-11 14:00:00,Up,2451.100859,2444.622426,2445.467439,2010-11-11 14:00:00,2010-11-11 14:20:00,True
2010-11-11 19:00:00,2010-11-11 20:00:00,Up,2446.030781,2437.862323,2438.425665,2010-11-11 20:00:00,2010-11-11 20:40:00,True
2010-11-12 00:00:00,2010-11-12 01:00:00,Up,2428.285509,2420.117051,2423.778774,2010-11-12 01:03:00,N/A,False
2010-11-12 01:00:00,2010-11-12 02:00:00,Up,2423.778774,2417.863683,2421.525406,2010-11-12 02:08:00,2010-11-12 02:57:00,True
2010-11-12 06:00:00,2010-11-12 07:00:00,Up,2435.608955,2430.257206,2431.38389,2010-11-12 07:01:00,2010-11-12 07:23:00,True
2010-11-12 09:00:00,2010-11-12 10:00:00,Up,2442.087387,2416.173657,2417.300341,2010-11-12 10:00:00,2010-11-12 10:20:00,True
2010-11-12 10:00:00,2010-11-12 11:00:00,Up,2422.370419,2412.230264,2414.765302,2010-11-12 11:03:00,N/A,False
2010-11-14 20:01:00,2010-11-14 21:01:00,Up,2412.230264,2408.850212,2409.131883,2010-11-14 21:19:00,N/A,False
2010-11-14 23:00:00,2010-11-15 00:00:00,Up,2411.948593,2409.695225,2410.258567,2010-11-15 00:02:00,2010-11-15 00:21:00,True
2010-11-15 00:00:00,2010-11-15 01:00:00,Up,2413.075276,2409.413554,2410.821909,2010-11-15 01:03:00,N/A,False
2010-11-15 01:00:00,2010-11-15 02:00:00,Up,2411.10358,2407.441857,2407.723528,2010-11-15 02:00:00,N/A,False
2010-11-15 04:01:00,2010-11-15 05:01:00,Up,2415.891986,2411.10358,2411.10358,2010-11-15 05:01:00,2010-11-15 05:21:00,True
2010-11-15 08:00:00,2010-11-15 09:00:00,Up,2423.497103,2404.625147,2406.033502,2010-11-15 09:00:00,2010-11-15 09:20:00,True
2010-11-15 12:00:00,2010-11-15 13:00:00,Up,2416.455328,2408.568541,2412.793606,2010-11-15 13:19:00,N/A,False
2010-11-15 13:00:00,2010-11-15 14:00:00,Up,2414.20196,2405.188489,2409.976896,2010-11-15 14:15:00,N/A,False
2010-11-15 17:00:00,2010-11-15 18:00:00,Up,2394.766663,2392.513295,2393.076637,2010-11-15 18:12:00,N/A,False
2010-11-15 19:00:00,2010-11-15 20:00:00,Up,2389.414914,2383.781495,2384.344837,2010-11-15 20:09:00,2010-11-15 20:20:00,True
2010-11-16 04:00:00,2010-11-16 05:00:00,Up,2382.37314,2378.993088,2379.274759,2010-11-16 05:01:00,N/A,False
2010-11-16 07:00:00,2010-11-16 08:00:00,Up,2386.034863,2378.711417,2380.401443,2010-11-16 08:17:00,2010-11-16 08:30:00,True
2010-11-16 09:00:00,2010-11-16 10:00:00,Up,2390.541598,2372.232985,2375.613036,2010-11-16 10:04:00,N/A,False
2010-11-16 13:00:00,2010-11-16 14:00:00,Up,2367.726249,2355.614397,2359.55779,2010-11-16 14:11:00,2010-11-16 14:56:00,True
2010-11-17 00:00:00,2010-11-17 01:00:00,Up,2365.19121,2361.529487,2362.656171,2010-11-17 01:00:00,N/A,False
2010-11-17 04:00:00,2010-11-17 05:00:00,Up,2368.852933,2365.19121,2368.571262,2010-11-17 05:15:00,N/A,False
2010-11-17 05:00:00,2010-11-17 06:00:00,Up,2368.852933,2360.966145,2362.092829,2010-11-17 06:02:00,2010-11-17 06:40:00,True
2010-11-17 07:00:00,2010-11-17 08:00:00,Up,2367.726249,2358.994449,2361.247816,2010-11-17 08:14:00,2010-11-17 08:35:00,True
2010-11-17 11:00:00,2010-11-17 12:00:00,Up,2374.486352,2368.852933,2370.542959,2010-11-17 12:01:00,2010-11-17 12:20:00,True
2010-11-17 13:00:00,2010-11-17 14:00:00,Up,2376.176378,2369.697946,2370.542959,2010-11-17 14:00:00,N/A,False
2010-11-18 01:00:00,2010-11-18 02:00:00,Up,2383.781495,2380.401443,2380.401443,2010-11-18 02:17:00,2010-11-18 02:20:00,True
2010-11-18 03:00:00,2010-11-18 04:00:00,Up,2392.794966,2390.541598,2391.949953,2010-11-18 04:12:00,2010-11-18 04:38:00,True
2010-11-18 07:00:00,2010-11-18 08:00:00,Up,2393.358308,2388.851572,2389.414914,2010-11-18 08:16:00,2010-11-18 08:22:00,True
2010-11-18 11:00:00,2010-11-18 12:00:00,Up,2418.708696,2414.20196,2415.891986,2010-11-18 12:07:00,N/A,False
2010-11-18 12:00:00,2010-11-18 13:00:00,Up,2415.891986,2411.666922,2411.948593,2010-11-18 13:12:00,2010-11-18 13:47:00,True
2010-11-18 17:00:00,2010-11-18 18:00:00,Up,2409.131883,2406.033502,2408.850212,2010-11-18 18:11:00,N/A,False
2010-11-18 18:00:00,2010-11-18 19:00:00,Up,2408.850212,2404.906818,2405.751831,2010-11-18 19:14:00,N/A,False
2010-11-18 20:00:00,2010-11-18 21:00:00,Up,2404.343476,2402.090108,2403.498463,2010-11-18 21:06:00,N/A,False
2010-11-18 21:00:00,2010-11-18 22:00:00,Up,2403.780134,2398.991728,2399.55507,2010-11-18 22:02:00,2010-11-18 22:40:00,True
2010-11-19 01:00:00,2010-11-19 02:00:00,Up,2407.160186,2404.625147,2405.751831,2010-11-19 02:03:00,N/A,False
2010-11-19 03:00:00,2010-11-19 04:00:00,Up,2400.963424,2397.583373,2398.710057,2010-11-19 04:05:00,2010-11-19 04:25:00,True
2010-11-19 08:00:00,2010-11-19 09:00:00,Up,2400.400082,2389.133243,2393.076637,2010-11-19 09:07:00,2010-11-19 09:21:00,True
2010-11-19 13:00:00,2010-11-19 14:00:00,Up,2409.695225,2405.47016,2406.315173,2010-11-19 14:08:00,N/A,False
2010-11-22 01:00:00,2010-11-22 02:00:00,Up,2420.398722,2417.01867,2419.553709,2010-11-22 02:03:00,2010-11-22 02:20:00,True
2010-11-22 04:00:00,2010-11-22 05:00:00,Up,2418.145354,2414.483631,2415.328644,2010-11-22 05:04:00,N/A,False
2010-11-22 05:00:00,2010-11-22 06:00:00,Up,2415.610315,2408.28687,2409.695225,2010-11-22 06:02:00,N/A,False
2010-11-22 06:00:00,2010-11-22 07:00:00,Up,2409.695225,2403.780134,2406.596844,2010-11-22 07:04:00,N/A,False
2010-11-22 07:00:00,2010-11-22 08:00:00,Up,2406.596844,2395.048334,2397.865044,2010-11-22 08:04:00,2010-11-22 08:35:00,True
2010-11-22 09:00:00,2010-11-22 10:00:00,Up,2422.370419,2400.681753,2404.625147,2010-11-22 10:03:00,2010-11-22 10:20:00,True
2010-11-22 18:00:00,2010-11-22 19:00:00,Up,2423.778774,2421.807077,2422.65209,2010-11-22 19:05:00,2010-11-22 19:20:00,True
2010-11-22 23:02:00,2010-11-23 00:02:00,Up,2421.807077,2419.272038,2420.398722,2010-11-23 00:08:00,N/A,False
2010-11-23 01:00:00,2010-11-23 02:00:00,Up,2414.765302,2411.666922,2412.793606,2010-11-23 02:13:00,2010-11-23 02:27:00,True
2010-11-23 03:00:00,2010-11-23 04:00:00,Up,2417.863683,2412.793606,2414.765302,2010-11-23 04:01:00,2010-11-23 04:27:00,True
2010-11-23 05:00:00,2010-11-23 06:00:00,Up,2418.990367,2411.948593,2413.638618,2010-11-23 06:10:00,N/A,False
2010-11-23 08:00:00,2010-11-23 09:00:00,Up,2408.850212,2384.626508,2386.316533,2010-11-23 09:00:00,2010-11-23 09:20:00,True
2010-11-23 09:00:00,2010-11-23 10:00:00,Up,2394.766663,2382.37314,2390.823269,2010-11-23 10:08:00,N/A,False
2010-11-23 12:00:00,2010-11-23 13:00:00,Up,2383.781495,2377.303062,2377.866404,2010-11-23 13:03:00,2010-11-23 13:28:00,True
2010-11-24 01:00:00,2010-11-24 02:00:00,Up,2395.611676,2392.794966,2393.639979,2010-11-24 02:09:00,2010-11-24 02:22:00,True
2010-11-24 02:00:00,2010-11-24 03:00:00,Up,2395.048334,2382.936482,2383.218153,2010-11-24 03:01:00,2010-11-24 03:20:00,True
2010-11-24 05:00:00,2010-11-24 06:00:00,Up,2395.048334,2388.851572,2388.851572,2010-11-24 06:00:00,2010-11-24 06:20:00,True
2010-11-24 12:00:00,2010-11-24 13:00:00,Up,2439.834019,2434.482271,2435.045613,2010-11-24 13:10:00,2010-11-24 13:37:00,True
2010-11-24 17:00:00,2010-11-24 18:00:00,Up,2434.763942,2432.228903,2433.637258,2010-11-24 18:09:00,N/A,False
2010-11-25 01:00:00,2010-11-25 02:00:00,Up,2432.510574,2428.56718,2429.693864,2010-11-25 02:01:00,2010-11-25 02:20:00,True
2010-11-25 07:03:00,2010-11-25 08:03:00,Up,2431.38389,2430.257206,2430.538877,2010-11-25 08:06:00,2010-11-25 08:23:00,True
2010-11-25 22:00:00,2010-11-25 23:01:00,Up,2433.637258,2429.693864,2430.257206,2010-11-25 23:01:00,N/A,False
2010-11-25 23:01:00,2010-11-26 00:01:00,Up,2430.257206,2425.4688,2426.032142,2010-11-26 00:18:00,2010-11-26 00:25:00,True
2010-11-26 02:00:00,2010-11-26 03:00:00,Up,2428.56718,2422.088748,2424.623787,2010-11-26 03:03:00,N/A,False
2010-11-26 03:00:00,2010-11-26 04:00:00,Up,2425.750471,2409.131883,2411.10358,2010-11-26 04:01:00,2010-11-26 04:20:00,True
2010-11-26 04:00:00,2010-11-26 05:00:00,Up,2413.638618,2406.315173,2411.385251,2010-11-26 05:13:00,N/A,False
2010-11-29 00:00:00,2010-11-29 01:00:00,Up,2429.412193,2427.158825,2427.440496,2010-11-29 01:00:00,2010-11-29 01:20:00,True
2010-11-29 03:00:00,2010-11-29 04:00:00,Up,2433.355587,2422.65209,2427.158825,2010-11-29 04:04:00,N/A,False
2010-11-29 04:00:00,2010-11-29 05:00:00,Up,2427.158825,2415.610315,2418.708696,2010-11-29 05:09:00,2010-11-29 05:34:00,True
2010-11-29 08:00:00,2010-11-29 09:00:00,Up,2418.708696,2390.259927,2394.203321,2010-11-29 09:01:00,2010-11-29 09:20:00,True
2010-11-29 17:00:00,2010-11-29 18:00:00,Up,2417.01867,2414.483631,2415.046973,2010-11-29 18:14:00,2010-11-29 18:22:00,True
2010-11-29 21:00:00,2010-11-29 22:00:00,Up,2413.075276,2406.596844,2407.441857,2010-11-29 22:14:00,2010-11-29 22:20:00,True
2010-11-30 02:00:00,2010-11-30 03:00:00,Up,2417.582012,2405.751831,2406.033502,2010-11-30 03:19:00,2010-11-30 03:21:00,True
2010-11-30 05:00:00,2010-11-30 06:00:00,Up,2417.863683,2410.258567,2411.385251,2010-11-30 06:02:00,N/A,False
2010-11-30 06:00:00,2010-11-30 07:00:00,Up,2411.666922,2397.020031,2397.020031,2010-11-30 07:13:00,N/A,False
2010-11-30 09:00:00,2010-11-30 10:00:00,Up,2401.245095,2385.18985,2391.668282,2010-11-30 10:15:00,N/A,False
2010-12-01 12:00:00,2010-12-01 13:00:00,Up,2448.56582,2440.960703,2442.650729,2010-12-01 13:05:00,2010-12-01 13:20:00,True
2010-12-01 13:00:00,2010-12-01 14:00:00,Up,2445.185768,2439.270678,2443.214071,2010-12-01 14:14:00,N/A,False
2010-12-02 00:01:00,2010-12-02 01:01:00,Up,2436.172297,2433.637258,2433.918929,2010-12-02 01:01:00,2010-12-02 01:21:00,True
2010-12-02 07:00:00,2010-12-02 08:00:00,Up,2447.720807,2431.665561,2432.792245,2010-12-02 08:00:00,2010-12-02 08:20:00,True
2010-12-03 01:00:00,2010-12-03 02:00:00,Up,2465.466079,2462.086027,2462.086027,2010-12-03 02:00:00,2010-12-03 02:31:00,True
2010-12-03 04:00:00,2010-12-03 05:00:00,Up,2468.001117,2464.902737,2465.466079,2010-12-03 05:01:00,2010-12-03 05:20:00,True
2010-12-06 01:00:00,2010-12-06 02:00:00,Up,2467.437775,2462.93104,2463.494382,2010-12-06 02:10:00,N/A,False
2010-12-06 09:00:00,2010-12-06 10:00:00,Up,2471.099498,2463.212711,2464.902737,2010-12-06 10:19:00,N/A,False
2010-12-07 08:00:00,2010-12-07 09:00:00,Up,2497.858241,2486.309731,2486.309731,2010-12-07 09:00:00,N/A,False
2010-12-07 10:00:00,2010-12-07 11:00:00,Up,2485.183047,2479.831299,2481.521324,2010-12-07 11:07:00,2010-12-07 11:29:00,True
2010-12-07 13:00:00,2010-12-07 14:00:00,Up,2491.379809,2477.014589,2478.422944,2010-12-07 14:04:00,N/A,False
2010-12-07 16:00:00,2010-12-07 17:00:00,Up,2466.029421,2462.649369,2462.649369,2010-12-07 17:00:00,2010-12-07 17:20:00,True
2010-12-07 20:00:00,2010-12-07 21:00:00,Up,2468.282788,2464.057724,2464.621066,2010-12-07 21:06:00,2010-12-07 21:38:00,True
2010-12-07 23:00:00,2010-12-08 00:00:00,Up,2462.367698,2459.832659,2459.832659,2010-12-08 00:01:00,2010-12-08 00:20:00,True
2010-12-08 05:00:00,2010-12-08 06:00:00,Up,2469.691143,2464.902737,2465.184408,2010-12-08 06:01:00,2010-12-08 06:20:00,True
2010-12-08 08:00:00,2010-12-08 09:00:00,Up,2480.957982,2472.226182,2474.761221,2010-12-08 09:03:00,N/A,False
2010-12-09 00:00:00,2010-12-09 01:00:00,Up,2492.788164,2489.126441,2490.534796,2010-12-09 01:01:00,2010-12-09 01:20:00,True
2010-12-09 02:00:00,2010-12-09 03:00:00,Up,2495.323202,2488.84477,2489.126441,2010-12-09 03:04:00,2010-12-09 03:20:00,True
2010-12-09 05:00:00,2010-12-09 06:00:00,Up,2487.436415,2484.056363,2484.619705,2010-12-09 06:03:00,2010-12-09 06:20:00,True
2010-12-09 12:00:00,2010-12-09 13:00:00,Up,2483.21135,2478.422944,2480.957982,2010-12-09 13:06:00,N/A,False
2010-12-10 01:00:00,2010-12-10 02:00:00,Up,2486.028252,2483.209626,2484.618939,2010-12-10 02:04:00,N/A,False
2010-12-10 07:00:00,2010-12-10 08:00:00,Up,2489.12874,2482.082175,2482.6459,2010-12-10 08:07:00,2010-12-10 08:20:00,True
2010-12-10 08:00:00,2010-12-10 09:00:00,Up,2489.12874,2480.672862,2483.491488,2010-12-10 09:04:00,2010-12-10 09:20:00,True
2010-12-10 13:00:00,2010-12-10 14:00:00,Up,2498.148344,2494.48413,2497.302756,2010-12-10 14:15:00,2010-12-10 14:31:00,True
2010-12-13 10:00:00,2010-12-13 11:00:00,Up,2507.44981,2500.96697,2501.812558,2010-12-13 11:05:00,2010-12-13 11:22:00,True
2010-12-13 13:00:00,2010-12-13 14:00:00,Up,2503.503734,2500.685108,2501.248833,2010-12-13 14:07:00,N/A,False
2010-12-14 02:00:00,2010-12-14 03:00:00,Up,2495.329718,2492.792954,2493.920405,2010-12-14 03:10:00,N/A,False
2010-12-14 06:00:00,2010-12-14 07:00:00,Up,2498.148344,2494.48413,2496.739031,2010-12-14 07:01:00,N/A,False
2010-12-14 23:01:00,2010-12-15 00:01:00,Up,2496.457168,2494.48413,2494.48413,2010-12-15 00:02:00,N/A,False
2010-12-15 00:00:00,2010-12-15 01:00:00,Up,2494.765993,2488.00129,2488.283153,2010-12-15 01:02:00,2010-12-15 01:20:00,True
2010-12-15 01:00:00,2010-12-15 02:00:00,Up,2490.538053,2486.028252,2488.283153,2010-12-15 02:15:00,N/A,False
2010-12-15 02:00:00,2010-12-15 03:00:00,Up,2490.256191,2483.209626,2483.491488,2010-12-15 03:00:00,2010-12-15 03:20:00,True
2010-12-15 11:00:00,2010-12-15 12:00:00,Up,2497.020894,2483.773351,2485.464526,2010-12-15 12:02:00,2010-12-15 12:20:00,True
2010-12-16 00:00:00,2010-12-16 01:00:00,Up,2485.746389,2482.6459,2483.491488,2010-12-16 01:11:00,2010-12-16 01:33:00,True
2010-12-16 04:00:00,2010-12-16 05:01:00,Up,2487.437565,2483.209626,2483.209626,2010-12-16 05:01:00,2010-12-16 05:25:00,True
2010-12-16 07:00:00,2010-12-16 08:00:00,Up,2487.437565,2483.491488,2485.746389,2010-12-16 08:14:00,2010-12-16 08:30:00,True
2010-12-16 08:00:00,2010-12-16 09:00:00,Up,2490.256191,2481.800312,2482.082175,2010-12-16 09:00:00,2010-12-16 09:20:00,True
2010-12-17 05:00:00,2010-12-17 06:00:00,Up,2499.557657,2497.866481,2498.993932,2010-12-17 06:19:00,2010-12-17 06:48:00,True
2010-12-17 08:00:00,2010-12-17 09:00:00,Up,2505.476772,2499.557657,2501.812558,2010-12-17 09:02:00,2010-12-17 09:20:00,True
2010-12-17 13:00:00,2010-12-17 14:00:00,Up,2509.422849,2506.32236,2507.167948,2010-12-17 14:06:00,N/A,False
2010-12-19 20:00:00,2010-12-19 21:01:00,Up,2497.584619,2495.329718,2496.175306,2010-12-19 21:05:00,N/A,False
2010-12-20 07:00:00,2010-12-20 08:00:00,Up,2507.731673,2505.476772,2505.758635,2010-12-20 08:00:00,2010-12-20 08:20:00,True
2010-12-20 08:00:00,2010-12-20 09:00:00,Up,2508.295398,2500.121382,2500.96697,2010-12-20 09:00:00,N/A,False
2010-12-20 13:00:00,2010-12-20 14:00:00,Up,2514.214513,2504.913047,2509.986574,2010-12-20 14:09:00,2010-12-20 14:37:00,True
2010-12-21 01:00:00,2010-12-21 02:00:00,Up,2513.368925,2511.959612,2512.8052,2010-12-21 02:02:00,N/A,False
2010-12-21 04:00:00,2010-12-21 05:01:00,Up,2510.550299,2508.859123,2510.268436,2010-12-21 05:11:00,N/A,False
2010-12-21 13:00:00,2010-12-21 14:00:00,Up,2519.006177,2516.751277,2517.596864,2010-12-21 14:01:00,2010-12-21 14:28:00,True
2010-12-22 02:00:00,2010-12-22 03:00:00,Up,2518.442452,2515.905689,2516.469414,2010-12-22 03:19:00,2010-12-22 03:21:00,True
2010-12-22 08:00:00,2010-12-22 09:00:00,Up,2520.979216,2516.187551,2517.878727,2010-12-22 09:05:00,2010-12-22 09:59:00,True
2010-12-23 01:00:00,2010-12-23 02:00:00,Up,2523.797842,2521.824804,2522.106666,2010-12-23 02:02:00,N/A,False
2010-12-23 06:00:00,2010-12-23 07:00:00,Up,2517.878727,2515.905689,2516.187551,2010-12-23 07:10:00,N/A,False
2010-12-23 08:00:00,2010-12-23 09:00:00,Up,2519.28804,2513.650788,2515.905689,2010-12-23 09:16:00,N/A,False
2010-12-23 10:00:00,2010-12-23 11:00:00,Up,2513.93265,2509.704711,2511.114024,2010-12-23 11:09:00,2010-12-23 11:28:00,True
2010-12-23 12:00:00,2010-12-23 13:00:00,Up,2513.650788,2511.395887,2511.67775,2010-12-23 13:01:00,N/A,False
2010-12-27 01:00:00,2010-12-27 02:01:00,Up,2512.241475,2510.550299,2511.114024,2010-12-27 02:04:00,N/A,False
2010-12-28 08:00:00,2010-12-28 09:00:00,Up,2522.106666,2509.986574,2510.832162,2010-12-28 09:06:00,2010-12-28 09:28:00,True
2010-12-28 10:00:00,2010-12-28 11:00:00,Up,2510.832162,2506.886085,2507.167948,2010-12-28 11:00:00,2010-12-28 11:30:00,True
2010-12-29 06:00:00,2010-12-29 07:00:00,Up,2516.187551,2513.93265,2515.060101,2010-12-29 07:11:00,2010-12-29 07:32:00,True
2010-12-29 09:00:00,2010-12-29 10:00:00,Up,2520.697353,2515.623826,2519.006177,2010-12-29 10:18:00,N/A,False
2010-12-30 04:00:00,2010-12-30 05:00:00,Up,2515.060101,2512.523337,2513.368925,2010-12-30 05:13:00,N/A,False
2010-12-30 05:00:00,2010-12-30 06:00:00,Up,2514.496376,2511.114024,2511.959612,2010-12-30 06:11:00,2010-12-30 06:46:00,True
2010-12-30 08:00:00,2010-12-30 09:00:00,Up,2515.905689,2509.704711,2511.67775,2010-12-30 09:02:00,N/A,False
2011-01-03 13:00:00,2011-01-03 14:00:00,Up,2547.756164,2539.300286,2540.991461,2011-01-03 14:05:00,2011-01-03 14:35:00,True
2011-01-04 06:00:00,2011-01-04 07:00:00,Up,2546.628714,2544.655675,2545.219401,2011-01-04 07:01:00,2011-01-04 07:20:00,True
2011-01-04 08:00:00,2011-01-04 09:00:00,Up,2550.856653,2540.709599,2543.246362,2011-01-04 09:07:00,2011-01-04 09:21:00,True
2011-01-04 09:00:00,2011-01-04 10:00:00,Up,2544.937538,2535.354209,2536.199797,2011-01-04 10:06:00,N/A,False
2011-01-04 10:00:00,2011-01-04 11:00:00,Up,2537.60911,2527.462056,2527.462056,2011-01-04 11:06:00,2011-01-04 11:58:00,True
2011-01-04 18:01:00,2011-01-04 19:01:00,Up,2532.25372,2531.408132,2531.408132,2011-01-04 19:04:00,N/A,False
2011-01-05 00:00:00,2011-01-05 01:00:00,Up,2527.180193,2526.052743,2527.180193,2011-01-05 01:00:00,2011-01-05 01:30:00,True
2011-01-05 01:00:00,2011-01-05 02:00:00,Up,2528.589506,2524.925292,2527.462056,2011-01-05 02:08:00,N/A,False
2011-01-06 07:00:00,2011-01-06 08:00:00,Up,2567.76841,2561.567432,2562.131157,2011-01-06 08:01:00,2011-01-06 08:20:00,True
2011-01-06 09:00:00,2011-01-06 10:00:00,Up,2568.050272,2559.312531,2562.131157,2011-01-06 10:04:00,2011-01-06 10:20:00,True
2011-01-07 00:00:00,2011-01-07 01:00:00,Up,2567.486547,2565.513509,2566.359097,2011-01-07 01:03:00,N/A,False
2011-01-07 04:00:00,2011-01-07 05:00:00,Up,2565.231646,2562.131157,2563.54047,2011-01-07 05:16:00,2011-01-07 05:29:00,True
2011-01-07 09:00:00,2011-01-07 10:00:00,Up,2571.996349,2561.567432,2563.822333,2011-01-07 10:01:00,2011-01-07 10:20:00,True
2011-01-09 17:00:00,2011-01-09 18:01:00,Up,2562.131157,2557.621356,2559.030669,2011-01-09 18:11:00,2011-01-09 18:34:00,True
2011-01-10 01:00:00,2011-01-10 02:00:00,Up,2561.285569,2556.775768,2556.775768,2011-01-10 02:00:00,2011-01-10 02:21:00,True
2011-01-10 03:00:00,2011-01-10 04:00:00,Up,2554.802729,2551.702241,2552.547828,2011-01-10 04:04:00,N/A,False
2011-01-10 08:00:00,2011-01-10 09:00:00,Up,2565.231646,2552.547828,2554.520867,2011-01-10 09:01:00,2011-01-10 09:20:00,True
2011-01-11 02:00:00,2011-01-11 03:00:00,Up,2579.606639,2575.942425,2578.197326,2011-01-11 03:14:00,N/A,False
2011-01-11 03:00:00,2011-01-11 04:00:00,Up,2578.479189,2574.814975,2575.3787,2011-01-11 04:02:00,2011-01-11 04:20:00,True
2011-01-11 06:00:00,2011-01-11 07:00:00,Up,2587.780655,2584.398304,2585.243892,2011-01-11 07:12:00,2011-01-11 07:36:00,True
2011-01-11 08:00:00,2011-01-11 09:00:00,Up,2586.935067,2576.224288,2576.788013,2011-01-11 09:00:00,2011-01-11 09:20:00,True
2011-01-11 11:00:00,2011-01-11 12:00:00,Up,2582.988991,2577.351738,2581.579678,2011-01-11 12:11:00,N/A,False
2011-01-11 12:00:00,2011-01-11 13:00:00,Up,2581.86154,2571.432624,2572.560074,2011-01-11 13:03:00,2011-01-11 13:20:00,True
2011-01-12 07:00:00,2011-01-12 08:00:00,Up,2594.827221,2589.471831,2590.035556,2011-01-12 08:01:00,2011-01-12 08:20:00,True
2011-01-12 13:00:00,2011-01-12 14:00:00,Up,2595.672808,2591.726732,2593.136045,2011-01-12 14:12:00,2011-01-12 14:45:00,True
2011-01-13 11:00:00,2011-01-13 12:00:00,Up,2602.719374,2598.773297,2599.900748,2011-01-13 12:01:00,2011-01-13 12:20:00,True
2011-01-13 12:00:00,2011-01-13 13:00:00,Up,2602.437511,2597.363984,2599.05516,2011-01-13 13:13:00,N/A,False
2011-01-14 03:00:00,2011-01-14 04:00:00,Up,2601.028198,2595.672808,2597.082121,2011-01-14 04:10:00,2011-01-14 04:24:00,True
2011-01-14 05:00:00,2011-01-14 06:00:00,Up,2601.028198,2597.082121,2599.900748,2011-01-14 06:04:00,N/A,False
2011-01-14 06:00:00,2011-01-14 07:00:00,Up,2599.900748,2591.726732,2593.981633,2011-01-14 07:14:00,2011-01-14 07:32:00,True
2011-01-16 17:00:00,2011-01-16 18:00:00,Up,2621.322306,2614.275741,2614.557603,2011-01-16 18:01:00,2011-01-16 18:20:00,True
2011-01-17 00:00:00,2011-01-17 01:00:00,Up,2613.430153,2611.457115,2611.738977,2011-01-17 01:01:00,2011-01-17 01:21:00,True
2011-01-17 07:00:00,2011-01-17 08:00:00,Up,2613.993878,2601.310061,2602.155648,2011-01-17 08:02:00,N/A,False
2011-01-17 08:00:00,2011-01-17 09:00:00,Up,2602.719374,2584.962029,2587.498793,2011-01-17 09:19:00,N/A,False
2011-01-17 23:00:00,2011-01-18 00:00:00,Up,2592.290457,2589.753693,2590.317419,2011-01-18 00:06:00,2011-01-18 00:38:00,True
2011-01-18 05:00:00,2011-01-18 06:00:00,Up,2604.974275,2600.464473,2604.410549,2011-01-18 06:13:00,N/A,False
2011-01-18 06:00:00,2011-01-18 07:00:00,Up,2604.974275,2597.082121,2600.746335,2011-01-18 07:05:00,N/A,False
2011-01-18 07:00:00,2011-01-18 08:00:00,Up,2600.746335,2594.263495,2595.672808,2011-01-18 08:03:00,2011-01-18 08:20:00,True
2011-01-19 00:00:00,2011-01-19 01:00:00,Up,2636.82475,2631.751223,2635.979162,2011-01-19 01:07:00,N/A,False
2011-01-19 01:00:00,2011-01-19 02:00:00,Up,2635.979162,2630.623772,2630.905635,2011-01-19 02:00:00,N/A,False
2011-01-19 03:00:00,2011-01-19 04:00:00,Up,2629.496322,2626.959558,2627.523284,2011-01-19 04:04:00,2011-01-19 04:38:00,True
2011-01-19 06:00:00,2011-01-19 07:00:00,Up,2632.314948,2626.677696,2631.751223,2011-01-19 07:05:00,N/A,False
2011-01-19 08:00:00,2011-01-19 09:00:00,Up,2631.187498,2615.121329,2615.966917,2011-01-19 09:00:00,2011-01-19 09:20:00,True
2011-01-19 09:00:00,2011-01-19 10:00:00,Up,2621.604169,2605.538,2610.329664,2011-01-19 10:14:00,2011-01-19 10:36:00,True
2011-01-19 13:00:00,2011-01-19 14:00:00,Up,2603.001236,2586.935067,2591.163007,2011-01-19 14:13:00,2011-01-19 14:21:00,True
2011-01-19 17:00:00,2011-01-19 18:00:00,Up,2586.935067,2584.680166,2585.525754,2011-01-19 18:08:00,2011-01-19 18:35:00,True
2011-01-19 22:00:00,2011-01-19 23:00:00,Up,2590.881144,2588.34438,2590.035556,2011-01-19 23:16:00,N/A,False
2011-01-20 04:00:00,2011-01-20 05:00:00,Up,2591.163007,2586.089479,2586.653205,2011-01-20 05:01:00,N/A,False
2011-01-20 08:00:00,2011-01-20 09:00:00,Up,2588.34438,2572.278211,2577.633601,2011-01-20 09:09:00,N/A,False
2011-01-20 14:00:00,2011-01-20 15:00:00,Up,2582.988991,2570.305173,2576.224288,2011-01-20 15:04:00,2011-01-20 15:46:00,True
2011-01-20 17:00:00,2011-01-20 18:00:00,Up,2577.351738,2573.687524,2574.25125,2011-01-20 18:02:00,N/A,False
2011-01-20 18:00:00,2011-01-20 19:00:00,Up,2574.533112,2569.459585,2570.305173,2011-01-20 19:16:00,2011-01-20 19:32:00,True
2011-01-21 09:00:00,2011-01-21 10:00:00,Up,2592.854182,2577.351738,2577.351738,2011-01-21 10:00:00,N/A,False
2011-01-21 10:00:00,2011-01-21 11:00:00,Up,2581.015952,2568.050272,2570.023311,2011-01-21 11:06:00,2011-01-21 11:20:00,True
2011-01-24 00:00:00,2011-01-24 01:00:00,Up,2568.89586,2565.231646,2567.204684,2011-01-24 01:14:00,N/A,False
2011-01-24 02:00:00,2011-01-24 03:00:00,Up,2567.204684,2557.621356,2559.876256,2011-01-24 03:08:00,2011-01-24 03:56:00,True
2011-01-24 05:00:00,2011-01-24 06:00:00,Up,2559.876256,2555.93018,2556.493905,2011-01-24 06:15:00,2011-01-24 06:20:00,True
2011-01-24 07:00:00,2011-01-24 08:00:00,Up,2561.567432,2557.05763,2558.748806,2011-01-24 08:14:00,2011-01-24 08:23:00,True
2011-01-24 13:00:00,2011-01-24 14:00:00,Up,2592.008594,2586.371342,2588.626243,2011-01-24 14:16:00,2011-01-24 14:38:00,True
2011-01-25 00:00:00,2011-01-25 01:00:00,Up,2596.800259,2590.881144,2591.163007,2011-01-25 01:00:00,2011-01-25 01:21:00,True
2011-01-25 01:00:00,2011-01-25 02:00:00,Up,2593.69977,2590.035556,2590.599281,2011-01-25 02:02:00,N/A,False
2011-01-25 04:00:00,2011-01-25 05:00:00,Up,2580.73409,2576.788013,2577.351738,2011-01-25 05:00:00,2011-01-25 05:20:00,True
2011-01-25 06:00:00,2011-01-25 07:00:00,Up,2582.143403,2578.761052,2579.042914,2011-01-25 07:01:00,2011-01-25 07:29:00,True
2011-01-25 09:00:00,2011-01-25 10:00:00,Up,2591.726732,2579.042914,2589.753693,2011-01-25 10:15:00,N/A,False
2011-01-25 12:00:00,2011-01-25 13:00:00,Up,2588.626243,2582.988991,2586.089479,2011-01-25 13:06:00,N/A,False
2011-01-26 00:00:00,2011-01-26 01:00:00,Up,2602.719374,2601.028198,2601.310061,2011-01-26 01:01:00,2011-01-26 01:20:00,True
2011-01-26 01:00:00,2011-01-26 02:00:00,Up,2603.001236,2598.773297,2599.618885,2011-01-26 02:06:00,2011-01-26 02:28:00,True
2011-01-26 03:00:00,2011-01-26 04:00:00,Up,2604.410549,2602.155648,2603.283099,2011-01-26 04:03:00,2011-01-26 04:30:00,True
2011-01-26 07:00:00,2011-01-26 08:00:00,Up,2603.564962,2599.900748,2601.591923,2011-01-26 08:08:00,N/A,False
2011-01-26 19:00:00,2011-01-26 20:00:00,Up,2614.839466,2610.329664,2610.893389,2011-01-26 20:01:00,2011-01-26 20:20:00,True
2011-01-27 01:00:00,2011-01-27 02:00:00,Up,2617.939955,2609.484076,2611.175252,2011-01-27 02:01:00,2011-01-27 02:22:00,True
2011-01-27 09:00:00,2011-01-27 10:00:00,Up,2626.677696,2616.248779,2620.194856,2011-01-27 10:09:00,2011-01-27 10:57:00,True
2011-01-27 18:00:00,2011-01-27 19:00:00,Up,2617.094367,2616.248779,2616.530642,2011-01-27 19:01:00,2011-01-27 19:51:00,True
2011-01-27 19:00:00,2011-01-27 20:00:00,Up,2617.658092,2614.557603,2617.094367,2011-01-27 20:14:00,N/A,False
2011-01-28 01:00:00,2011-01-28 02:00:00,Up,2617.939955,2615.403191,2616.248779,2011-01-28 02:06:00,N/A,False
2011-01-28 08:00:00,2011-01-28 09:00:00,Up,2626.959558,2614.839466,2615.403191,2011-01-28 09:00:00,N/A,False
2011-01-28 09:00:00,2011-01-28 10:00:00,Up,2615.685054,2587.780655,2590.035556,2011-01-28 10:00:00,2011-01-28 10:20:00,True
2011-01-28 10:00:00,2011-01-28 11:00:00,Up,2591.444869,2556.212042,2558.748806,2011-01-28 11:01:00,2011-01-28 11:21:00,True
2011-01-28 13:00:00,2011-01-28 14:00:00,Up,2566.077234,2557.903218,2561.285569,2011-01-28 14:11:00,N/A,False
2011-01-31 01:00:00,2011-01-31 02:00:00,Up,2563.822333,2558.466943,2561.849295,2011-01-31 02:19:00,N/A,False
2011-01-31 22:00:00,2011-01-31 23:01:00,Up,2582.707128,2581.579678,2581.579678,2011-01-31 23:02:00,2011-01-31 23:51:00,True
2011-02-01 00:00:00,2011-02-01 01:00:00,Up,2582.988991,2580.73409,2580.73409,2011-02-01 01:00:00,2011-02-01 01:20:00,True
2011-02-01 05:00:00,2011-02-01 06:00:00,Up,2587.780655,2585.525754,2586.371342,2011-02-01 06:03:00,2011-02-01 06:48:00,True
2011-02-01 16:01:00,2011-02-01 17:01:00,Up,2617.939955,2615.403191,2617.37623,2011-02-01 17:05:00,N/A,False
2011-02-01 18:00:00,2011-02-01 19:00:00,Up,2618.785543,2615.966917,2618.221817,2011-02-01 19:02:00,N/A,False
2011-02-02 06:00:00,2011-02-02 07:00:00,Up,2618.50368,2614.839466,2616.530642,2011-02-02 07:03:00,2011-02-02 07:21:00,True
2011-02-02 07:00:00,2011-02-02 08:00:00,Up,2617.37623,2610.893389,2613.14829,2011-02-02 08:04:00,2011-02-02 08:30:00,True
2011-02-03 04:00:00,2011-02-03 05:00:00,Up,2615.403191,2612.866428,2613.14829,2011-02-03 05:03:00,N/A,False
2011-02-03 06:00:00,2011-02-03 07:00:00,Up,2611.457115,2609.202214,2609.484076,2011-02-03 07:02:00,N/A,False
2011-02-03 08:00:00,2011-02-03 09:00:00,Up,2615.685054,2607.229176,2612.866428,2011-02-03 09:06:00,N/A,False
2011-02-04 01:00:00,2011-02-04 02:00:00,Up,2619.631131,2617.658092,2617.658092,2011-02-04 02:05:00,N/A,False
2011-02-04 09:00:00,2011-02-04 10:00:00,Up,2627.523284,2613.712016,2617.094367,2011-02-04 10:04:00,2011-02-04 10:20:00,True
2011-02-07 04:01:00,2011-02-07 05:01:00,Up,2645.280628,2642.18014,2642.462002,2011-02-07 05:08:00,2011-02-07 05:21:00,True
2011-02-07 06:00:00,2011-02-07 07:00:00,Up,2641.898277,2637.388475,2638.234063,2011-02-07 07:08:00,2011-02-07 07:20:00,True
2011-02-07 13:00:00,2011-02-07 14:00:00,Up,2656.555133,2641.898277,2645.280628,2011-02-07 14:14:00,2011-02-07 14:25:00,True
2011-02-08 01:00:00,2011-02-08 02:00:00,Up,2648.381117,2643.871315,2644.43504,2011-02-08 02:01:00,2011-02-08 02:20:00,True
2011-02-08 04:00:00,2011-02-08 05:00:00,Up,2653.454644,2644.998766,2645.844354,2011-02-08 05:01:00,2011-02-08 05:21:00,True
2011-02-08 05:00:00,2011-02-08 06:00:00,Up,2647.253667,2643.589453,2645.562491,2011-02-08 06:06:00,N/A,False
2011-02-08 09:00:00,2011-02-08 10:00:00,Up,2656.836995,2650.636018,2650.917881,2011-02-08 10:02:00,2011-02-08 10:24:00,True
2011-02-08 21:00:00,2011-02-08 22:00:00,Up,2662.192385,2659.373759,2660.501209,2011-02-08 22:18:00,N/A,False
2011-02-09 01:00:00,2011-02-09 02:00:00,Up,2660.501209,2657.400721,2657.682583,2011-02-09 02:02:00,2011-02-09 02:20:00,True
2011-02-09 09:00:00,2011-02-09 10:00:00,Up,2666.98405,2658.810034,2664.447286,2011-02-09 10:17:00,N/A,False
2011-02-09 12:00:00,2011-02-09 13:00:00,Up,2665.292874,2659.373759,2661.62866,2011-02-09 13:01:00,N/A,False
2011-02-10 00:00:00,2011-02-10 01:00:00,Up,2651.199743,2648.66298,2649.79043,2011-02-10 01:10:00,N/A,False
2011-02-10 02:00:00,2011-02-10 03:00:00,Up,2649.508568,2641.616414,2642.18014,2011-02-10 03:01:00,N/A,False
2011-02-10 06:00:00,2011-02-10 07:00:00,Up,2643.871315,2640.207101,2641.052689,2011-02-10 07:13:00,2011-02-10 07:24:00,True
2011-02-10 07:00:00,2011-02-10 08:00:00,Up,2645.562491,2638.797788,2639.643376,2011-02-10 08:00:00,2011-02-10 08:20:00,True
2011-02-10 22:00:00,2011-02-10 23:00:00,Up,2657.964446,2654.863957,2655.709545,2011-02-10 23:06:00,N/A,False
2011-02-10 23:00:00,2011-02-11 00:00:00,Up,2656.27327,2652.327194,2652.327194,2011-02-11 00:02:00,2011-02-11 00:50:00,True
2011-02-11 01:00:00,2011-02-11 02:00:00,Up,2656.27327,2651.763468,2654.863957,2011-02-11 02:11:00,2011-02-11 02:23:00,True
2011-02-11 03:00:00,2011-02-11 04:00:00,Up,2657.118858,2650.636018,2650.917881,2011-02-11 04:00:00,2011-02-11 04:47:00,True
2011-02-11 07:00:00,2011-02-11 08:00:00,Up,2660.219347,2656.27327,2657.964446,2011-02-11 08:15:00,2011-02-11 08:35:00,True
2011-02-14 03:00:00,2011-02-14 04:00:00,Up,2683.050219,2680.231592,2680.231592,2011-02-14 04:00:00,2011-02-14 04:20:00,True
2011-02-14 12:00:00,2011-02-14 13:00:00,Up,2689.814921,2686.714433,2686.714433,2011-02-14 13:00:00,2011-02-14 13:20:00,True
2011-02-15 03:00:00,2011-02-15 04:00:00,Up,2688.687471,2684.741394,2684.741394,2011-02-15 04:00:00,2011-02-15 04:20:00,True
2011-02-15 05:00:00,2011-02-15 06:00:00,Up,2688.687471,2686.43257,2687.841883,2011-02-15 06:06:00,N/A,False
2011-02-15 06:00:00,2011-02-15 07:00:00,Up,2687.841883,2683.050219,2683.613944,2011-02-15 07:00:00,2011-02-15 07:27:00,True
2011-02-15 08:00:00,2011-02-15 09:00:00,Up,2687.841883,2676.849241,2686.996295,2011-02-15 09:12:00,N/A,False
2011-02-15 12:00:00,2011-02-15 13:00:00,Up,2686.714433,2682.768356,2683.895806,2011-02-15 13:02:00,N/A,False
2011-02-16 03:00:00,2011-02-16 04:00:00,Up,2695.452174,2692.91541,2694.324723,2011-02-16 04:01:00,N/A,False
2011-02-16 04:00:00,2011-02-16 05:00:00,Up,2694.324723,2690.942372,2691.78796,2011-02-16 05:05:00,2011-02-16 05:34:00,True
2011-02-16 07:00:00,2011-02-16 08:00:00,Up,2695.734036,2691.506097,2692.351685,2011-02-16 08:14:00,2011-02-16 08:25:00,True
2011-02-16 10:00:00,2011-02-16 11:00:00,Up,2709.263442,2700.807563,2703.908052,2011-02-16 11:02:00,N/A,False
2011-02-16 17:00:00,2011-02-16 18:00:00,Up,2696.861487,2695.170311,2696.015899,2011-02-16 18:17:00,2011-02-16 18:23:00,True
2011-02-17 04:00:00,2011-02-17 05:00:00,Up,2697.707074,2692.91541,2693.479135,2011-02-17 05:07:00,2011-02-17 05:20:00,True
2011-02-17 19:00:00,2011-02-17 20:00:00,Up,2700.525701,2698.2708,2698.552662,2011-02-17 20:18:00,2011-02-17 20:30:00,True
2011-02-18 03:00:00,2011-02-18 04:00:00,Up,2701.935014,2698.552662,2699.39825,2011-02-18 04:07:00,N/A,False
2011-02-18 08:00:00,2011-02-18 09:00:00,Up,2704.75364,2697.707074,2701.935014,2011-02-18 09:13:00,N/A,False
2011-02-18 11:00:00,2011-02-18 12:00:00,Up,2706.162953,2701.089426,2702.780602,2011-02-18 12:15:00,N/A,False
2011-02-20 17:00:00,2011-02-20 18:00:00,Up,2699.116388,2695.170311,2695.170311,2011-02-20 18:02:00,N/A,False
2011-02-20 18:00:00,2011-02-20 19:00:00,Up,2695.452174,2691.78796,2692.351685,2011-02-20 19:01:00,N/A,False
2011-02-21 03:00:00,2011-02-21 04:00:00,Up,2697.988937,2687.841883,2688.123746,2011-02-21 04:00:00,2011-02-21 04:20:00,True
2011-02-21 07:00:00,2011-02-21 08:00:00,Up,2691.78796,2687.278158,2688.123746,2011-02-21 08:04:00,N/A,False
2011-02-21 08:00:00,2011-02-21 09:00:00,Up,2688.123746,2682.486493,2684.741394,2011-02-21 09:05:00,N/A,False
2011-02-21 17:00:00,2011-02-21 18:00:00,Up,2671.211989,2663.319836,2663.319836,2011-02-21 18:00:00,2011-02-21 18:20:00,True
2011-02-22 00:00:00,2011-02-22 01:00:00,Up,2663.037973,2659.937484,2660.783072,2011-02-22 01:01:00,N/A,False
2011-02-22 01:00:00,2011-02-22 02:00:00,Up,2660.783072,2655.14582,2656.555133,2011-02-22 02:10:00,N/A,False
2011-02-22 09:00:00,2011-02-22 10:00:00,Up,2667.829637,2651.481606,2663.319836,2011-02-22 10:15:00,N/A,False
2011-02-22 10:00:00,2011-02-22 11:00:00,Up,2663.601698,2643.589453,2646.689941,2011-02-22 11:01:00,N/A,False
2011-02-22 11:00:00,2011-02-22 12:00:00,Up,2648.099254,2624.704658,2626.959558,2011-02-22 12:03:00,2011-02-22 12:40:00,True
2011-02-22 13:00:00,2011-02-22 14:00:00,Up,2631.46936,2620.758581,2625.832108,2011-02-22 14:09:00,N/A,False
2011-02-23 06:00:00,2011-02-23 07:00:00,Up,2632.314948,2629.496322,2629.778185,2011-02-23 07:01:00,N/A,False
2011-02-23 07:00:00,2011-02-23 08:00:00,Up,2630.34191,2624.98652,2625.832108,2011-02-23 08:06:00,2011-02-23 08:44:00,True
2011-02-23 08:00:00,2011-02-23 09:00:00,Up,2626.113971,2612.584565,2614.557603,2011-02-23 09:01:00,2011-02-23 09:23:00,True
2011-02-23 10:00:00,2011-02-23 11:00:00,Up,2611.457115,2592.290457,2592.854182,2011-02-23 11:00:00,N/A,False
2011-02-23 11:00:00,2011-02-23 12:00:00,Up,2593.136045,2577.915464,2586.653205,2011-02-23 12:15:00,2011-02-23 12:38:00,True
2011-02-23 14:00:00,2011-02-23 15:00:00,Up,2607.511038,2594.827221,2596.236534,2011-02-23 15:03:00,2011-02-23 15:30:00,True
2011-02-23 17:00:00,2011-02-23 18:00:00,Up,2601.028198,2598.491434,2599.900748,2011-02-23 18:08:00,2011-02-23 18:38:00,True
2011-02-24 00:00:00,2011-02-24 01:00:00,Up,2599.900748,2595.672808,2597.363984,2011-02-24 01:10:00,N/A,False
2011-02-24 09:00:00,2011-02-24 10:00:00,Up,2614.557603,2596.800259,2598.209572,2011-02-24 10:00:00,2011-02-24 10:26:00,True
2011-02-24 10:00:00,2011-02-24 11:00:00,Up,2603.564962,2588.062518,2595.672808,2011-02-24 11:08:00,2011-02-24 11:57:00,True
2011-02-25 03:00:00,2011-02-25 04:00:00,Up,2620.476718,2616.812504,2619.349268,2011-02-25 04:08:00,2011-02-25 04:27:00,True
2011-02-28 01:00:00,2011-02-28 02:00:00,Up,2645.562491,2640.207101,2640.207101,2011-02-28 02:01:00,2011-02-28 02:46:00,True
2011-02-28 03:00:00,2011-02-28 04:00:00,Up,2643.30759,2638.515926,2638.797788,2011-02-28 04:00:00,2011-02-28 04:20:00,True
2011-02-28 07:00:00,2011-02-28 08:00:00,Up,2660.219347,2654.300232,2655.709545,2011-02-28 08:05:00,2011-02-28 08:27:00,True
2011-02-28 11:00:00,2011-02-28 12:00:00,Up,2652.890919,2640.770827,2641.898277,2011-02-28 12:01:00,2011-02-28 12:41:00,True
2011-02-28 12:00:00,2011-02-28 13:00:00,Up,2643.025727,2636.542887,2637.9522,2011-02-28 13:03:00,2011-02-28 13:20:00,True
2011-02-28 18:00:00,2011-02-28 19:00:00,Up,2657.682583,2654.863957,2655.14582,2011-02-28 19:02:00,N/A,False
2011-03-01 03:00:00,2011-03-01 04:00:00,Up,2674.030615,2666.138462,2667.265912,2011-03-01 04:05:00,2011-03-01 04:20:00,True
2011-03-01 05:01:00,2011-03-01 06:01:00,Up,2668.675225,2664.165423,2665.292874,2011-03-01 06:07:00,N/A,False
2011-03-01 08:00:00,2011-03-01 09:00:00,Up,2663.037973,2646.689941,2650.917881,2011-03-01 09:05:00,N/A,False
2011-03-01 10:00:00,2011-03-01 11:00:00,Up,2648.66298,2624.422795,2625.832108,2011-03-01 11:00:00,2011-03-01 11:48:00,True
2011-03-01 11:00:00,2011-03-01 12:00:00,Up,2626.959558,2618.221817,2622.449757,2011-03-01 12:03:00,N/A,False
2011-03-01 12:00:00,2011-03-01 13:00:00,Up,2624.140932,2614.839466,2619.912993,2011-03-01 13:04:00,N/A,False
2011-03-01 13:00:00,2011-03-01 14:00:00,Up,2620.194856,2602.719374,2607.229176,2011-03-01 14:09:00,2011-03-01 14:20:00,True
2011-03-02 06:00:00,2011-03-02 07:00:00,Up,2614.557603,2608.638489,2610.047802,2011-03-02 07:08:00,N/A,False
2011-03-02 10:00:00,2011-03-02 11:00:00,Up,2639.361513,2615.685054,2615.966917,2011-03-02 11:00:00,2011-03-02 11:20:00,True
2011-03-02 12:00:00,2011-03-02 13:00:00,Up,2634.287986,2617.939955,2620.476718,2011-03-02 13:03:00,2011-03-02 13:20:00,True
2011-03-03 00:00:00,2011-03-03 01:00:00,Up,2637.9522,2629.778185,2629.778185,2011-03-03 01:00:00,2011-03-03 01:22:00,True
2011-03-03 01:00:00,2011-03-03 02:00:00,Up,2632.878673,2628.650734,2631.751223,2011-03-03 02:13:00,N/A,False
2011-03-04 00:00:00,2011-03-04 01:00:00,Up,2677.412966,2674.312478,2675.439928,2011-03-04 01:04:00,2011-03-04 01:28:00,True
2011-03-04 01:00:00,2011-03-04 02:00:00,Up,2676.567378,2674.030615,2674.59434,2011-03-04 02:13:00,2011-03-04 02:55:00,True
2011-03-04 04:00:00,2011-03-04 05:00:00,Up,2681.640905,2677.412966,2679.386005,2011-03-04 05:18:00,N/A,False
2011-03-04 08:00:00,2011-03-04 09:00:00,Up,2675.439928,2662.75611,2669.23895,2011-03-04 09:10:00,N/A,False
2011-03-04 10:00:00,2011-03-04 11:00:00,Up,2668.393363,2657.964446,2659.091896,2011-03-04 11:03:00,N/A,False
2011-03-04 12:00:00,2011-03-04 13:00:00,Up,2654.018369,2645.844354,2650.354155,2011-03-04 13:09:00,2011-03-04 13:26:00,True
2011-03-06 17:00:00,2011-03-06 18:00:00,Up,2667.265912,2658.528171,2660.501209,2011-03-06 18:05:00,2011-03-06 18:34:00,True
2011-03-06 18:00:00,2011-03-06 19:00:00,Up,2662.192385,2655.14582,2655.709545,2011-03-06 19:00:00,N/A,False
2011-03-07 00:00:00,2011-03-07 01:00:00,Up,2651.481606,2647.535529,2649.79043,2011-03-07 01:19:00,2011-03-07 01:30:00,True
2011-03-07 06:00:00,2011-03-07 07:00:00,Up,2676.849241,2660.783072,2662.192385,2011-03-07 07:07:00,2011-03-07 07:20:00,True
2011-03-07 08:00:00,2011-03-07 09:00:00,Up,2673.46689,2659.373759,2664.447286,2011-03-07 09:07:00,N/A,False
2011-03-07 09:00:00,2011-03-07 10:00:00,Up,2665.574737,2634.006124,2636.542887,2011-03-07 10:01:00,N/A,False
2011-03-07 11:00:00,2011-03-07 12:00:00,Up,2621.604169,2606.947313,2608.356626,2011-03-07 12:01:00,2011-03-07 12:20:00,True
2011-03-08 03:00:00,2011-03-08 04:00:00,Up,2638.234063,2625.550245,2626.959558,2011-03-08 04:08:00,2011-03-08 04:20:00,True
2011-03-08 05:00:00,2011-03-08 06:00:00,Up,2631.187498,2623.85907,2625.550245,2011-03-08 06:05:00,N/A,False
2011-03-08 06:00:00,2011-03-08 07:00:00,Up,2625.832108,2616.530642,2620.476718,2011-03-08 07:05:00,2011-03-08 07:50:00,True
2011-03-08 11:00:00,2011-03-08 12:00:00,Up,2647.253667,2643.025727,2644.153178,2011-03-08 12:19:00,2011-03-08 12:26:00,True
2011-03-08 12:00:00,2011-03-08 13:00:00,Up,2646.126216,2642.462002,2643.871315,2011-03-08 13:03:00,N/A,False
2011-03-09 07:00:00,2011-03-09 08:00:00,Up,2635.697299,2625.268383,2627.241421,2011-03-09 08:01:00,2011-03-09 08:20:00,True
2011-03-09 09:00:00,2011-03-09 10:00:00,Up,2627.805146,2606.66545,2608.356626,2011-03-09 10:00:00,2011-03-09 10:20:00,True
2011-03-09 11:00:00,2011-03-09 12:00:00,Up,2626.395833,2614.557603,2617.37623,2011-03-09 12:06:00,2011-03-09 12:22:00,True
2011-03-09 18:00:00,2011-03-09 19:01:00,Up,2608.074763,2604.974275,2606.66545,2011-03-09 19:15:00,N/A,False
2011-03-10 00:00:00,2011-03-10 01:00:00,Up,2593.69977,2591.163007,2593.417907,2011-03-10 01:08:00,N/A,False
2011-03-10 01:00:00,2011-03-10 02:00:00,Up,2593.69977,2584.398304,2584.962029,2011-03-10 02:00:00,2011-03-10 02:20:00,True
2011-03-10 07:00:00,2011-03-10 08:00:00,Up,2599.900748,2587.21693,2587.498793,2011-03-10 08:00:00,2011-03-10 08:21:00,True
2011-03-10 08:00:00,2011-03-10 09:00:00,Up,2589.471831,2568.89586,2577.351738,2011-03-10 09:07:00,2011-03-10 09:54:00,True
2011-03-10 13:00:00,2011-03-10 14:00:00,Up,2587.21693,2577.351738,2582.425266,2011-03-10 14:02:00,2011-03-10 14:43:00,True
2011-03-10 22:00:00,2011-03-10 23:01:00,Up,2581.86154,2579.042914,2579.606639,2011-03-10 23:12:00,2011-03-10 23:34:00,True
2011-03-10 23:01:00,2011-03-11 00:01:00,Up,2580.73409,2574.25125,2575.942425,2011-03-11 00:13:00,N/A,False
2011-03-11 03:00:00,2011-03-11 04:00:00,Up,2570.297761,2558.7262,2559.290667,2011-03-11 04:00:00,2011-03-11 04:20:00,True
2011-03-13 20:00:00,2011-03-13 21:00:00,Up,2589.771852,2582.716022,2583.562722,2011-03-13 21:12:00,2011-03-13 21:39:00,True
2011-03-14 01:01:00,2011-03-14 02:01:00,Up,2586.94952,2582.433789,2582.998255,2011-03-14 02:01:00,2011-03-14 02:52:00,True
2011-03-14 05:00:00,2011-03-14 06:00:00,Up,2588.925153,2579.046991,2582.151556,2011-03-14 06:16:00,2011-03-14 06:33:00,True
2011-03-14 09:00:00,2011-03-14 10:00:00,Up,2597.392149,2572.83786,2573.68456,2011-03-14 10:02:00,N/A,False
2011-03-14 10:00:00,2011-03-14 11:00:00,Up,2579.046991,2566.064263,2568.322129,2011-03-14 11:15:00,2011-03-14 11:21:00,True
2011-03-14 17:00:00,2011-03-14 18:00:00,Up,2588.642919,2584.973888,2586.385054,2011-03-14 18:14:00,N/A,False
2011-03-14 19:00:00,2011-03-14 20:00:00,Up,2581.304856,2564.088631,2570.015528,2011-03-14 20:17:00,N/A,False
2011-03-14 20:00:00,2011-03-14 21:00:00,Up,2575.942425,2563.524165,2568.604362,2011-03-14 21:06:00,N/A,False
2011-03-14 22:00:00,2011-03-14 23:00:00,Up,2552.799303,2528.809481,2530.220647,2011-03-14 23:01:00,N/A,False
2011-03-15 03:00:00,2011-03-15 04:00:00,Up,2550.259204,2537.55871,2539.816576,2011-03-15 04:01:00,N/A,False
2011-03-15 16:00:00,2011-03-15 17:00:00,Up,2537.840943,2535.583078,2537.276477,2011-03-15 17:01:00,N/A,False
2011-03-15 20:00:00,2011-03-15 21:00:00,Up,2553.081536,2542.638908,2543.76784,2011-03-15 21:01:00,N/A,False
2011-03-15 21:00:00,2011-03-15 22:00:00,Up,2543.76784,2529.373947,2529.65618,2011-03-15 22:00:00,2011-03-15 22:30:00,True
2011-03-16 04:00:00,2011-03-16 05:00:00,Up,2550.259204,2534.454145,2537.55871,2011-03-16 05:02:00,N/A,False
2011-03-16 09:00:00,2011-03-16 10:00:00,Up,2539.534342,2524.29375,2524.858216,2011-03-16 10:00:00,N/A,False
2011-03-16 10:00:00,2011-03-16 11:00:00,Up,2524.858216,2497.199362,2501.715094,2011-03-16 11:03:00,2011-03-16 11:24:00,True
2011-03-16 12:00:00,2011-03-16 13:00:00,Up,2511.028789,2490.707999,2494.37703,2011-03-16 13:02:00,2011-03-16 13:37:00,True
2011-03-16 14:00:00,2011-03-16 15:00:00,Up,2509.899856,2484.216635,2486.192267,2011-03-16 15:00:00,2011-03-16 15:30:00,True
2011-03-16 16:00:00,2011-03-16 17:00:00,Up,2491.836932,2474.902939,2480.26537,2011-03-16 17:00:00,N/A,False
2011-03-16 21:00:00,2011-03-16 22:00:00,Up,2496.07043,2490.425766,2492.119165,2011-03-16 22:14:00,2011-03-16 22:25:00,True
2011-03-17 04:00:00,2011-03-17 05:00:00,Up,2520.342485,2506.795291,2508.206457,2011-03-17 05:04:00,2011-03-17 05:54:00,True
2011-03-17 10:00:00,2011-03-17 11:00:00,Up,2535.300844,2525.140449,2525.140449,2011-03-17 11:02:00,2011-03-17 11:20:00,True
2011-03-17 12:00:00,2011-03-17 13:00:00,Up,2529.65618,2508.770924,2512.722188,2011-03-17 13:14:00,2011-03-17 13:26:00,True
2011-03-17 17:00:00,2011-03-17 18:00:00,Up,2513.851121,2504.537426,2506.230825,2011-03-17 18:09:00,2011-03-17 18:48:00,True
2011-03-18 00:00:00,2011-03-18 01:00:00,Up,2535.583078,2529.65618,2530.220647,2011-03-18 01:01:00,2011-03-18 01:20:00,True
2011-03-18 02:00:00,2011-03-18 03:00:00,Up,2535.300844,2528.245014,2528.809481,2011-03-18 03:01:00,2011-03-18 03:30:00,True
2011-03-18 04:00:00,2011-03-18 05:00:00,Up,2531.067346,2525.422682,2528.527248,2011-03-18 05:16:00,2011-03-18 05:28:00,True
2011-03-18 08:00:00,2011-03-18 09:00:00,Up,2544.332307,2524.29375,2525.140449,2011-03-18 09:01:00,N/A,False
2011-03-18 12:00:00,2011-03-18 13:00:00,Up,2522.318117,2511.311022,2518.649086,2011-03-18 13:16:00,N/A,False
2011-03-18 13:00:00,2011-03-18 14:00:00,Up,2518.931319,2505.101892,2506.795291,2011-03-18 14:07:00,2011-03-18 14:32:00,True
2011-03-21 04:00:00,2011-03-21 05:00:00,Up,2539.534342,2535.018611,2537.276477,2011-03-21 05:09:00,2011-03-21 05:20:00,True
2011-03-21 11:00:00,2011-03-21 12:00:00,Up,2558.443967,2553.081536,2554.492702,2011-03-21 12:03:00,2011-03-21 12:59:00,True
2011-03-21 13:00:00,2011-03-21 14:00:00,Up,2558.443967,2551.67037,2552.51707,2011-03-21 14:14:00,2011-03-21 14:47:00,True
2011-03-22 04:00:00,2011-03-22 05:00:00,Up,2552.234837,2549.130271,2549.130271,2011-03-22 05:01:00,N/A,False
2011-03-22 05:00:00,2011-03-22 06:00:00,Up,2549.130271,2545.46124,2545.46124,2011-03-22 06:08:00,2011-03-22 06:21:00,True
2011-03-22 08:00:00,2011-03-22 09:00:00,Up,2556.186101,2544.61454,2546.872406,2011-03-22 09:16:00,2011-03-22 09:20:00,True
2011-03-22 09:00:00,2011-03-22 10:00:00,Up,2555.903868,2543.76784,2544.050074,2011-03-22 10:01:00,2011-03-22 10:20:00,True
2011-03-22 11:00:00,2011-03-22 12:00:00,Up,2553.081536,2546.590172,2548.001339,2011-03-22 12:02:00,2011-03-22 12:56:00,True
2011-03-22 12:00:00,2011-03-22 13:00:00,Up,2549.412505,2540.945508,2548.283572,2011-03-22 13:19:00,N/A,False
2011-03-22 18:02:00,2011-03-22 19:03:00,Up,2549.130271,2545.46124,2545.743473,2011-03-22 19:03:00,N/A,False
2011-03-22 20:00:00,2011-03-22 21:01:00,Up,2542.356674,2538.969876,2540.663275,2011-03-22 21:09:00,N/A,False
2011-03-23 05:00:00,2011-03-23 06:00:00,Up,2553.081536,2549.130271,2550.823671,2011-03-23 06:16:00,N/A,False
2011-03-23 07:00:00,2011-03-23 08:00:00,Up,2542.356674,2536.71201,2536.994244,2011-03-23 08:01:00,2011-03-23 08:20:00,True
2011-03-23 08:00:00,2011-03-23 09:00:00,Up,2541.227742,2527.680548,2535.300844,2011-03-23 09:11:00,N/A,False
2011-03-23 19:00:00,2011-03-23 20:00:00,Up,2560.137366,2556.186101,2557.315034,2011-03-23 20:00:00,2011-03-23 20:20:00,True
2011-03-24 01:00:00,2011-03-24 02:00:00,Up,2562.112999,2555.621635,2559.290667,2011-03-24 02:07:00,2011-03-24 02:28:00,True
2011-03-24 18:00:00,2011-03-24 19:00:00,Up,2618.277406,2614.890607,2614.890607,2011-03-24 19:02:00,2011-03-24 19:32:00,True
2011-03-25 02:00:00,2011-03-25 03:00:00,Up,2620.817504,2616.01954,2620.535271,2011-03-25 03:11:00,N/A,False
2011-03-25 05:00:00,2011-03-25 06:00:00,Up,2619.406338,2616.301773,2618.559639,2011-03-25 06:05:00,N/A,False
2011-03-25 06:00:00,2011-03-25 07:00:00,Up,2618.841872,2614.890607,2615.17284,2011-03-25 07:07:00,N/A,False
2011-03-25 07:00:00,2011-03-25 08:00:00,Up,2616.584006,2611.503809,2613.479441,2011-03-25 08:12:00,2011-03-25 08:27:00,True
2011-03-25 11:00:00,2011-03-25 12:00:00,Up,2629.2845,2622.510904,2623.07537,2011-03-25 12:02:00,2011-03-25 12:23:00,True
2011-03-25 12:00:00,2011-03-25 13:00:00,Up,2625.333236,2619.124105,2620.253038,2011-03-25 13:04:00,N/A,False
2011-03-28 06:00:00,2011-03-28 07:00:00,Up,2626.462168,2621.946437,2624.204303,2011-03-28 07:11:00,N/A,False
2011-03-28 09:00:00,2011-03-28 10:00:00,Up,2622.793137,2613.479441,2616.01954,2011-03-28 10:01:00,2011-03-28 10:20:00,True
2011-03-28 12:00:00,2011-03-28 13:00:00,Up,2617.148473,2612.068275,2612.068275,2011-03-28 13:00:00,2011-03-28 13:20:00,True
2011-03-28 13:00:00,2011-03-28 14:00:00,Up,2615.455074,2607.552544,2607.834777,2011-03-28 14:00:00,2011-03-28 14:20:00,True
2011-03-28 14:00:00,2011-03-28 15:00:00,Up,2611.221576,2596.827682,2597.956615,2011-03-28 15:00:00,N/A,False
2011-03-29 05:00:00,2011-03-29 06:00:00,Up,2600.496714,2595.698749,2595.698749,2011-03-29 06:00:00,2011-03-29 06:20:00,True
2011-03-29 16:00:00,2011-03-29 17:00:00,Up,2625.615469,2623.92207,2624.204303,2011-03-29 17:02:00,N/A,False
2011-03-30 01:00:00,2011-03-30 02:00:00,Up,2637.469263,2633.517998,2635.493631,2011-03-30 02:06:00,2011-03-30 02:32:00,True
2011-03-30 07:00:00,2011-03-30 08:00:00,Up,2643.39616,2638.315963,2638.315963,2011-03-30 08:00:00,2011-03-30 08:30:00,True
2011-03-30 08:00:00,2011-03-30 09:00:00,Up,2639.162662,2627.591101,2633.800232,2011-03-30 09:08:00,2011-03-30 09:57:00,True
2011-03-31 04:00:00,2011-03-31 05:00:00,Up,2640.291595,2636.34033,2638.315963,2011-03-31 05:12:00,N/A,False
2011-03-31 07:00:00,2011-03-31 08:00:00,Up,2636.34033,2630.1312,2632.953532,2011-03-31 08:13:00,2011-03-31 08:30:00,True
2011-03-31 08:00:00,2011-03-31 09:00:00,Up,2640.573828,2629.2845,2632.953532,2011-03-31 09:05:00,2011-03-31 09:20:00,True
2011-04-01 03:00:00,2011-04-01 04:00:00,Up,2649.605291,2647.065192,2647.065192,2011-04-01 04:00:00,2011-04-01 04:57:00,True
2011-04-01 11:00:00,2011-04-01 12:00:00,Up,2660.330152,2655.249955,2656.661121,2011-04-01 12:12:00,2011-04-01 12:42:00,True
2011-04-01 13:00:00,2011-04-01 14:00:00,Up,2656.661121,2642.831694,2645.654026,2011-04-01 14:02:00,N/A,False
2011-04-03 19:00:00,2011-04-03 20:00:00,Up,2647.065192,2643.39616,2643.678394,2011-04-03 20:04:00,N/A,False
2011-04-04 07:00:00,2011-04-04 08:00:00,Up,2652.14539,2649.323058,2649.887524,2011-04-04 08:16:00,2011-04-04 08:35:00,True
2011-04-04 08:00:00,2011-04-04 09:00:00,Up,2651.580923,2636.058097,2638.315963,2011-04-04 09:02:00,N/A,False
2011-04-04 09:00:00,2011-04-04 10:00:00,Up,2639.444896,2630.413433,2631.542366,2011-04-04 10:10:00,2011-04-04 10:20:00,True
2011-04-04 13:00:00,2011-04-04 14:00:00,Up,2627.026635,2621.664204,2625.897702,2011-04-04 14:09:00,2011-04-04 14:24:00,True
2011-04-04 19:00:00,2011-04-04 20:00:00,Up,2644.24286,2639.444896,2640.009362,2011-04-04 20:16:00,N/A,False
2011-04-04 23:00:00,2011-04-05 00:00:00,Up,2638.03373,2633.235765,2633.517998,2011-04-05 00:03:00,2011-04-05 00:20:00,True
2011-04-05 01:00:00,2011-04-05 02:00:00,Up,2637.751496,2627.591101,2627.873334,2011-04-05 02:04:00,2011-04-05 02:20:00,True
2011-04-05 02:00:00,2011-04-05 03:00:00,Up,2630.695666,2620.817504,2622.793137,2011-04-05 03:06:00,N/A,False
2011-04-05 08:00:00,2011-04-05 09:00:00,Up,2632.671299,2622.793137,2628.155568,2011-04-05 09:05:00,2011-04-05 09:21:00,True
2011-04-05 12:00:00,2011-04-05 13:00:00,Up,2641.702761,2637.751496,2638.880429,2011-04-05 13:01:00,N/A,False
2011-04-05 13:00:00,2011-04-05 14:00:00,Up,2640.573828,2625.615469,2628.437801,2011-04-05 14:07:00,N/A,False
2011-04-05 23:00:00,2011-04-06 00:00:00,Up,2635.493631,2629.2845,2630.413433,2011-04-06 00:10:00,N/A,False
2011-04-06 08:00:00,2011-04-06 09:00:00,Up,2652.992089,2640.573828,2646.500726,2011-04-06 09:14:00,N/A,False
2011-04-06 09:00:00,2011-04-06 10:00:00,Up,2649.887524,2634.646931,2639.727129,2011-04-06 10:05:00,N/A,False
2011-04-06 10:00:00,2011-04-06 11:00:00,Up,2640.009362,2618.277406,2618.277406,2011-04-06 11:00:00,2011-04-06 11:20:00,True
2011-04-07 07:00:00,2011-04-07 08:00:00,Up,2631.824599,2625.897702,2626.179935,2011-04-07 08:01:00,2011-04-07 08:20:00,True
2011-04-08 07:00:00,2011-04-08 08:00:00,Up,2640.573828,2637.469263,2638.03373,2011-04-08 08:01:00,2011-04-08 08:20:00,True
2011-04-08 08:00:00,2011-04-08 09:00:00,Up,2644.807326,2628.155568,2632.953532,2011-04-08 09:18:00,N/A,False
2011-04-08 12:00:00,2011-04-08 13:00:00,Up,2628.720034,2624.204303,2626.744402,2011-04-08 13:14:00,N/A,False
2011-04-08 13:00:00,2011-04-08 14:00:00,Up,2627.026635,2603.319046,2603.601279,2011-04-08 14:00:00,2011-04-08 14:20:00,True
2011-04-11 00:01:00,2011-04-11 01:01:00,Up,2628.437801,2624.768769,2625.333236,2011-04-11 01:05:00,2011-04-11 01:22:00,True
2011-04-11 06:00:00,2011-04-11 07:00:00,Up,2627.873334,2623.07537,2623.92207,2011-04-11 07:09:00,2011-04-11 07:30:00,True
2011-04-11 08:00:00,2011-04-11 09:00:00,Up,2632.106832,2618.841872,2619.406338,2011-04-11 09:03:00,N/A,False
2011-04-11 10:00:00,2011-04-11 11:00:00,Up,2621.664204,2607.834777,2608.681477,2011-04-11 11:04:00,2011-04-11 11:21:00,True
2011-04-11 11:00:00,2011-04-11 12:00:00,Up,2611.221576,2603.601279,2603.601279,2011-04-11 12:00:00,2011-04-11 12:20:00,True
2011-04-11 13:00:00,2011-04-11 14:00:00,Up,2611.503809,2601.90788,2603.319046,2011-04-11 14:02:00,2011-04-11 14:22:00,True
2011-04-11 19:00:00,2011-04-11 20:01:00,Up,2601.90788,2597.109915,2597.956615,2011-04-11 20:02:00,2011-04-11 20:22:00,True
2011-04-11 20:01:00,2011-04-11 21:01:00,Up,2599.085548,2595.698749,2596.827682,2011-04-11 21:03:00,N/A,False
2011-04-11 21:00:00,2011-04-11 22:00:00,Up,2597.392149,2590.900785,2592.876417,2011-04-11 22:09:00,2011-04-11 22:48:00,True
2011-04-11 23:00:00,2011-04-12 00:00:00,Up,2597.109915,2593.440884,2595.416516,2011-04-12 00:08:00,2011-04-12 00:49:00,True
2011-04-12 01:00:00,2011-04-12 02:00:00,Up,2596.827682,2593.158651,2594.00535,2011-04-12 02:01:00,2011-04-12 02:20:00,True
2011-04-12 05:00:00,2011-04-12 06:00:00,Up,2595.134283,2592.876417,2594.569817,2011-04-12 06:12:00,N/A,False
2011-04-12 08:00:00,2011-04-12 09:00:00,Up,2601.90788,2589.207386,2590.900785,2011-04-12 09:00:00,2011-04-12 09:27:00,True
2011-04-12 09:00:00,2011-04-12 10:00:00,Up,2593.440884,2582.433789,2583.280489,2011-04-12 10:04:00,2011-04-12 10:28:00,True
2011-04-12 19:00:00,2011-04-12 20:00:00,Up,2599.085548,2594.85205,2596.827682,2011-04-12 20:17:00,N/A,False
2011-04-13 01:00:00,2011-04-13 02:00:00,Up,2600.214481,2597.392149,2597.956615,2011-04-13 02:05:00,2011-04-13 02:20:00,True
2011-04-13 08:00:00,2011-04-13 09:00:00,Up,2610.374876,2603.319046,2604.730212,2011-04-13 09:08:00,2011-04-13 09:23:00,True
2011-04-13 10:00:00,2011-04-13 11:00:00,Up,2617.430706,2598.803315,2599.367781,2011-04-13 11:00:00,2011-04-13 11:20:00,True
2011-04-14 01:00:00,2011-04-14 02:00:00,Up,2607.270311,2601.90788,2603.601279,2011-04-14 02:03:00,2011-04-14 02:40:00,True
2011-04-14 03:00:00,2011-04-14 04:00:00,Up,2604.447979,2600.214481,2600.778947,2011-04-14 04:02:00,2011-04-14 04:21:00,True
2011-04-14 04:00:00,2011-04-14 05:00:00,Up,2602.190113,2590.054085,2590.618552,2011-04-14 05:00:00,N/A,False
2011-04-14 05:00:00,2011-04-14 06:00:00,Up,2590.900785,2586.385054,2587.231753,2011-04-14 06:11:00,2011-04-14 06:20:00,True
2011-04-15 06:00:00,2011-04-15 07:00:00,Up,2597.392149,2592.876417,2594.00535,2011-04-15 07:02:00,2011-04-15 07:30:00,True
2011-04-15 12:00:00,2011-04-15 13:00:00,Up,2612.068275,2603.319046,2603.601279,2011-04-15 13:12:00,2011-04-15 13:20:00,True
2011-04-15 13:00:00,2011-04-15 14:00:00,Up,2606.705844,2603.036813,2605.012445,2011-04-15 14:11:00,N/A,False
2011-04-17 19:00:00,2011-04-17 20:00:00,Up,2606.705844,2602.754579,2603.601279,2011-04-17 20:03:00,2011-04-17 20:22:00,True
2011-04-18 00:00:00,2011-04-18 01:00:00,Up,2606.705844,2604.730212,2605.576912,2011-04-18 01:01:00,N/A,False
2011-04-18 01:00:00,2011-04-18 02:00:00,Up,2605.859145,2602.190113,2602.472346,2011-04-18 02:00:00,N/A,False
2011-04-18 07:00:00,2011-04-18 08:00:00,Up,2595.980983,2592.029718,2593.158651,2011-04-18 08:02:00,N/A,False
2011-04-18 08:00:00,2011-04-18 09:00:00,Up,2594.287583,2551.105904,2553.081536,2011-04-18 09:01:00,2011-04-18 09:20:00,True
2011-04-18 11:00:00,2011-04-18 12:00:00,Up,2558.443967,2552.51707,2556.186101,2011-04-18 12:15:00,2011-04-18 12:42:00,True
2011-04-18 17:00:00,2011-04-18 18:00:00,Up,2583.562722,2579.046991,2579.329224,2011-04-18 18:10:00,2011-04-18 18:50:00,True
2011-04-19 02:00:00,2011-04-19 03:00:00,Up,2585.256121,2580.458157,2582.151556,2011-04-19 03:12:00,N/A,False
2011-04-19 18:00:00,2011-04-19 19:00:00,Up,2619.970805,2617.148473,2619.406338,2011-04-19 19:19:00,N/A,False
2011-04-20 01:00:00,2011-04-20 02:00:00,Up,2628.437801,2616.301773,2621.381971,2011-04-20 02:01:00,2011-04-20 02:20:00,True
2011-04-20 11:00:00,2011-04-20 12:00:00,Up,2659.20122,2653.274322,2653.556556,2011-04-20 12:00:00,2011-04-20 12:22:00,True
2011-04-20 13:00:00,2011-04-20 14:00:00,Up,2658.918986,2653.274322,2655.814421,2011-04-20 14:07:00,2011-04-20 14:27:00,True
2011-04-20 19:00:00,2011-04-20 20:00:00,Up,2684.884441,2681.779876,2681.779876,2011-04-20 20:00:00,N/A,False
2011-04-21 00:00:00,2011-04-21 01:00:00,Up,2688.553473,2684.037741,2686.57784,2011-04-21 01:01:00,N/A,False
2011-04-21 01:00:00,2011-04-21 02:00:00,Up,2686.860073,2679.52201,2682.626575,2011-04-21 02:01:00,2011-04-21 02:27:00,True
2011-04-21 06:00:00,2011-04-21 07:00:00,Up,2689.964639,2686.295607,2687.142307,2011-04-21 07:02:00,2011-04-21 07:28:00,True
2011-04-24 19:00:00,2011-04-24 20:00:00,Up,2686.295607,2684.319975,2684.319975,2011-04-24 20:08:00,2011-04-24 20:35:00,True
2011-04-25 06:01:00,2011-04-25 07:01:00,Up,2689.400172,2687.142307,2687.42454,2011-04-25 07:01:00,2011-04-25 07:21:00,True
2011-04-25 09:00:00,2011-04-25 10:00:00,Up,2687.989006,2677.828611,2679.52201,2011-04-25 10:11:00,2011-04-25 10:30:00,True
2011-04-25 19:00:00,2011-04-25 20:00:00,Up,2688.553473,2685.166674,2686.860073,2011-04-25 20:04:00,N/A,False
2011-04-25 20:00:00,2011-04-25 21:00:00,Up,2686.860073,2683.473275,2685.448907,2011-04-25 21:17:00,N/A,False
2011-04-26 05:00:00,2011-04-26 06:00:00,Up,2693.915903,2691.658038,2693.351437,2011-04-26 06:18:00,2011-04-26 06:45:00,True
2011-04-26 11:00:00,2011-04-26 12:00:00,Up,2711.696595,2702.947366,2703.511832,2011-04-26 12:01:00,N/A,False
2011-04-27 06:00:00,2011-04-27 07:00:00,Up,2710.849895,2706.898631,2707.74533,2011-04-27 07:02:00,2011-04-27 07:31:00,True
2011-04-27 08:00:00,2011-04-27 09:00:00,Up,2711.696595,2703.794065,2706.898631,2011-04-27 09:04:00,N/A,False
2011-04-27 12:00:00,2011-04-27 13:00:00,Up,2710.849895,2705.487465,2709.156496,2011-04-27 13:17:00,2011-04-27 13:25:00,True
2011-04-28 01:00:00,2011-04-28 02:00:00,Up,2724.679322,2722.139224,2722.139224,2011-04-28 02:00:00,2011-04-28 02:20:00,True
2011-04-28 04:00:00,2011-04-28 05:00:00,Up,2722.421457,2718.470192,2718.752425,2011-04-28 05:01:00,N/A,False
2011-04-28 05:00:00,2011-04-28 06:00:00,Up,2719.599125,2715.083393,2716.212326,2011-04-28 06:14:00,N/A,False
2011-04-28 10:03:00,2011-04-28 11:03:00,Up,2719.316892,2707.180864,2707.180864,2011-04-28 11:03:00,2011-04-28 11:23:00,True
2011-04-28 11:00:00,2011-04-28 12:00:00,Up,2714.80116,2706.616397,2710.285429,2011-04-28 12:16:00,2011-04-28 12:31:00,True
2011-04-28 14:00:00,2011-04-28 15:00:00,Up,2720.728058,2711.978828,2716.776793,2011-04-28 15:00:00,N/A,False
2011-04-28 19:01:00,2011-04-28 20:01:00,Up,2713.389994,2709.438729,2709.438729,2011-04-28 20:01:00,2011-04-28 20:28:00,True
2011-04-29 12:00:00,2011-04-29 13:00:00,Up,2722.139224,2717.341259,2717.905725,2011-04-29 13:01:00,2011-04-29 13:20:00,True
2011-04-29 13:00:00,2011-04-29 14:00:00,Up,2723.55039,2716.494559,2717.905725,2011-04-29 14:00:00,2011-04-29 14:34:00,True
2011-05-01 17:00:00,2011-05-01 18:00:00,Up,2722.139224,2715.365627,2717.059026,2011-05-01 18:06:00,2011-05-01 18:39:00,True
2011-05-01 20:00:00,2011-05-01 21:00:00,Up,2722.421457,2717.905725,2719.316892,2011-05-01 21:18:00,2011-05-01 21:40:00,True
2011-05-02 00:00:00,2011-05-02 01:00:00,Up,2733.993018,2731.170686,2732.299619,2011-05-02 01:02:00,N/A,False
2011-05-02 02:00:00,2011-05-02 03:00:00,Up,2732.299619,2729.477287,2730.60622,2011-05-02 03:02:00,N/A,False
2011-05-02 03:00:00,2011-05-02 04:00:00,Up,2730.60622,2726.372722,2727.219421,2011-05-02 04:18:00,2011-05-02 04:26:00,True
2011-05-02 06:00:00,2011-05-02 07:00:00,Up,2724.679322,2722.70369,2724.679322,2011-05-02 07:12:00,N/A,False
2011-05-02 07:00:00,2011-05-02 08:00:00,Up,2724.679322,2721.574757,2722.985923,2011-05-02 08:19:00,N/A,False
2011-05-02 18:08:00,2011-05-02 19:08:00,Up,2710.849895,2709.438729,2710.285429,2011-05-02 19:14:00,N/A,False
2011-05-02 19:00:00,2011-05-02 20:00:00,Up,2710.849895,2705.487465,2706.334164,2011-05-02 20:09:00,N/A,False
2011-05-02 20:00:00,2011-05-02 21:00:00,Up,2707.463097,2703.511832,2705.205231,2011-05-02 21:06:00,N/A,False
2011-05-03 04:00:00,2011-05-03 05:00:00,Up,2708.309797,2702.100666,2703.794065,2011-05-03 05:05:00,N/A,False
2011-05-03 05:00:00,2011-05-03 06:00:00,Up,2703.794065,2699.278334,2699.278334,2011-05-03 06:00:00,2011-05-03 06:20:00,True
2011-05-03 12:00:00,2011-05-03 13:00:00,Up,2694.198137,2681.215409,2686.860073,2011-05-03 13:11:00,2011-05-03 13:30:00,True
2011-05-03 19:01:00,2011-05-03 20:01:00,Up,2699.842801,2695.327069,2696.173769,2011-05-03 20:11:00,N/A,False
2011-05-03 20:00:00,2011-05-03 21:00:00,Up,2696.738235,2687.142307,2687.706773,2011-05-03 21:00:00,2011-05-03 21:20:00,True
2011-05-04 01:00:00,2011-05-04 02:00:00,Up,2696.738235,2690.811338,2691.940271,2011-05-04 02:16:00,2011-05-04 02:39:00,True
2011-05-04 08:00:00,2011-05-04 09:00:00,Up,2704.922998,2693.915903,2694.198137,2011-05-04 09:00:00,2011-05-04 09:20:00,True
2011-05-04 09:00:00,2011-05-04 10:00:00,Up,2696.173769,2681.497643,2686.57784,2011-05-04 10:15:00,N/A,False
2011-05-05 04:00:00,2011-05-05 05:00:00,Up,2697.584935,2688.553473,2688.835706,2011-05-05 05:00:00,N/A,False
2011-05-05 07:00:00,2011-05-05 08:00:00,Up,2685.448907,2673.877346,2678.957544,2011-05-05 08:03:00,2011-05-05 08:25:00,True
2011-05-05 09:00:00,2011-05-05 10:00:00,Up,2697.867168,2684.037741,2691.093571,2011-05-05 10:14:00,2011-05-05 10:29:00,True
2011-05-05 12:00:00,2011-05-05 13:00:00,Up,2703.229599,2695.044836,2700.125034,2011-05-05 13:10:00,2011-05-05 13:22:00,True
2011-05-05 13:00:00,2011-05-05 14:00:00,Up,2704.922998,2689.117939,2689.964639,2011-05-05 14:00:00,N/A,False
2011-05-06 02:00:00,2011-05-06 03:00:00,Up,2689.964639,2682.908809,2683.755508,2011-05-06 03:03:00,2011-05-06 03:20:00,True
2011-05-06 05:00:00,2011-05-06 06:00:00,Up,2697.867168,2693.63367,2693.915903,2011-05-06 06:00:00,N/A,False
2011-05-06 10:00:00,2011-05-06 11:00:00,Up,2720.445824,2707.74533,2716.776793,2011-05-06 11:18:00,N/A,False
2011-05-06 11:00:00,2011-05-06 12:00:00,Up,2718.470192,2699.278334,2704.640765,2011-05-06 12:12:00,N/A,False
2011-05-08 19:00:00,2011-05-08 20:00:00,Up,2693.915903,2689.400172,2690.246872,2011-05-08 20:02:00,2011-05-08 20:37:00,True
2011-05-09 03:00:00,2011-05-09 04:00:00,Up,2705.205231,2695.044836,2696.738235,2011-05-09 04:05:00,2011-05-09 04:20:00,True
2011-05-09 06:00:00,2011-05-09 07:00:00,Up,2698.431635,2692.504737,2693.069204,2011-05-09 07:12:00,N/A,False
2011-05-09 19:00:00,2011-05-09 20:00:00,Up,2698.996101,2694.48037,2695.327069,2011-05-09 20:02:00,N/A,False
2011-05-10 07:00:00,2011-05-10 08:00:00,Up,2711.414362,2704.922998,2706.051931,2011-05-10 08:06:00,2011-05-10 08:48:00,True
2011-05-10 09:00:00,2011-05-10 10:00:00,Up,2714.80116,2705.769698,2710.003196,2011-05-10 10:19:00,N/A,False
2011-05-10 11:00:00,2011-05-10 12:00:00,Up,2709.438729,2704.922998,2705.769698,2011-05-10 12:00:00,2011-05-10 12:20:00,True
2011-05-10 20:00:00,2011-05-10 21:00:00,Up,2726.372722,2723.55039,2724.114856,2011-05-10 21:02:00,N/A,False
2011-05-11 01:00:00,2011-05-11 02:00:00,Up,2724.679322,2720.728058,2723.268156,2011-05-11 02:01:00,N/A,False
2011-05-11 05:00:00,2011-05-11 06:00:00,Up,2724.961556,2720.445824,2721.85699,2011-05-11 06:06:00,2011-05-11 06:26:00,True
2011-05-11 06:00:00,2011-05-11 07:00:00,Up,2723.832623,2718.470192,2718.752425,2011-05-11 07:13:00,N/A,False
2011-05-11 10:00:00,2011-05-11 11:00:00,Up,2719.316892,2704.076299,2705.205231,2011-05-11 11:01:00,N/A,False
2011-05-11 18:04:00,2011-05-11 19:04:00,Up,2692.222504,2690.529105,2690.811338,2011-05-11 19:05:00,2011-05-11 19:24:00,True
2011-05-12 00:00:00,2011-05-12 01:00:00,Up,2697.867168,2689.400172,2689.964639,2011-05-12 01:06:00,N/A,False
2011-05-12 01:00:00,2011-05-12 02:00:00,Up,2690.529105,2683.191042,2684.884441,2011-05-12 02:03:00,2011-05-12 02:20:00,True
2011-05-12 13:00:00,2011-05-12 14:00:00,Up,2718.752425,2708.59203,2709.720963,2011-05-12 14:00:00,2011-05-12 14:20:00,True
2011-05-12 18:00:00,2011-05-12 19:00:00,Up,2717.341259,2715.64786,2716.212326,2011-05-12 19:02:00,2011-05-12 19:20:00,True
2011-05-12 22:05:00,2011-05-12 23:05:00,Up,2712.825528,2709.720963,2710.849895,2011-05-12 23:13:00,2011-05-12 23:31:00,True
2011-05-13 01:00:00,2011-05-13 02:00:00,Up,2718.187959,2715.365627,2716.212326,2011-05-13 02:02:00,2011-05-13 02:20:00,True
2011-05-13 07:00:00,2011-05-13 08:00:00,Up,2724.114856,2714.80116,2717.059026,2011-05-13 08:03:00,N/A,False
2011-05-13 08:00:00,2011-05-13 09:00:00,Up,2717.341259,2702.947366,2704.922998,2011-05-13 09:02:00,2011-05-13 09:20:00,True
2011-05-13 09:00:00,2011-05-13 10:00:00,Up,2713.389994,2698.431635,2706.334164,2011-05-13 10:08:00,N/A,False
2011-05-13 10:00:00,2011-05-13 11:00:00,Up,2706.616397,2688.835706,2691.375805,2011-05-13 11:08:00,N/A,False
2011-05-16 03:00:00,2011-05-16 04:00:00,Up,2677.828611,2671.337247,2673.31288,2011-05-16 04:04:00,N/A,False
2011-05-16 04:00:00,2011-05-16 05:00:00,Up,2673.595113,2668.232682,2669.926081,2011-05-16 05:16:00,2011-05-16 05:25:00,True
2011-05-16 10:00:00,2011-05-16 11:00:00,Up,2678.110844,2661.176852,2662.588018,2011-05-16 11:04:00,N/A,False
2011-05-16 11:00:00,2011-05-16 12:00:00,Up,2663.152485,2647.065192,2647.911892,2011-05-16 12:00:00,2011-05-16 12:31:00,True
2011-05-17 05:00:00,2011-05-17 06:00:00,Up,2645.936259,2640.291595,2641.702761,2011-05-17 06:09:00,N/A,False
2011-05-17 06:00:00,2011-05-17 07:00:00,Up,2641.984994,2633.800232,2635.775864,2011-05-17 07:12:00,N/A,False
2011-05-17 07:00:00,2011-05-17 08:00:00,Up,2636.904797,2625.051002,2625.615469,2011-05-17 08:16:00,2011-05-17 08:20:00,True
2011-05-17 09:00:00,2011-05-17 10:00:00,Up,2640.009362,2622.793137,2626.744402,2011-05-17 10:05:00,N/A,False
2011-05-18 00:02:00,2011-05-18 01:02:00,Up,2651.29869,2650.45199,2650.45199,2011-05-18 01:02:00,2011-05-18 01:31:00,True
2011-05-18 02:00:00,2011-05-18 03:00:00,Up,2651.016457,2646.500726,2647.347425,2011-05-18 03:17:00,2011-05-18 03:23:00,True
2011-05-18 05:00:00,2011-05-18 06:00:00,Up,2647.629658,2641.702761,2642.831694,2011-05-18 06:08:00,2011-05-18 06:20:00,True
2011-05-18 06:00:00,2011-05-18 07:00:00,Up,2643.678394,2637.469263,2639.727129,2011-05-18 07:02:00,2011-05-18 07:59:00,True
2011-05-18 10:00:00,2011-05-18 11:00:00,Up,2652.427623,2647.911892,2650.45199,2011-05-18 11:06:00,2011-05-18 11:20:00,True
2011-05-18 18:01:00,2011-05-18 19:01:00,Up,2671.055014,2669.361615,2669.643848,2011-05-18 19:02:00,N/A,False
2011-05-18 23:00:00,2011-05-19 00:00:00,Up,2669.079382,2667.103749,2667.385983,2011-05-19 00:06:00,N/A,False
2011-05-19 06:00:00,2011-05-19 07:00:00,Up,2673.595113,2669.926081,2669.926081,2011-05-19 07:01:00,2011-05-19 07:20:00,True
2011-05-19 08:00:00,2011-05-19 09:00:00,Up,2677.264145,2667.668216,2673.877346,2011-05-19 09:00:00,N/A,False
2011-05-19 09:00:00,2011-05-19 10:00:00,Up,2674.441813,2658.072287,2659.765686,2011-05-19 10:10:00,2011-05-19 10:20:00,True
2011-05-20 04:00:00,2011-05-20 05:00:00,Up,2678.393077,2673.31288,2673.595113,2011-05-20 05:09:00,2011-05-20 05:33:00,True
2011-05-20 05:00:00,2011-05-20 06:00:00,Up,2674.159579,2665.974817,2667.950449,2011-05-20 06:12:00,2011-05-20 06:56:00,True
2011-05-20 08:00:00,2011-05-20 09:00:00,Up,2673.595113,2660.894619,2662.023552,2011-05-20 09:00:00,N/A,False
2011-05-20 13:00:00,2011-05-20 14:00:00,Up,2670.490548,2659.483453,2659.483453,2011-05-20 14:00:00,2011-05-20 14:24:00,True
2011-05-23 00:00:00,2011-05-23 01:00:00,Up,2632.671299,2630.695666,2632.106832,2011-05-23 01:13:00,N/A,False
2011-05-23 03:00:00,2011-05-23 04:00:00,Up,2628.155568,2620.253038,2624.768769,2011-05-23 04:12:00,N/A,False
2011-05-23 05:00:00,2011-05-23 06:00:00,Up,2622.510904,2618.277406,2618.559639,2011-05-23 06:00:00,2011-05-23 06:20:00,True
2011-05-23 06:00:00,2011-05-23 07:00:00,Up,2624.204303,2617.995172,2621.381971,2011-05-23 07:16:00,2011-05-23 07:43:00,True
2011-05-23 17:00:00,2011-05-23 18:00:00,Up,2614.043908,2611.786042,2611.786042,2011-05-23 18:00:00,2011-05-23 18:49:00,True
2011-05-23 20:00:00,2011-05-23 21:00:00,Up,2619.406338,2616.01954,2616.584006,2011-05-23 21:06:00,N/A,False
2011-05-24 04:00:00,2011-05-24 05:00:00,Up,2622.510904,2616.86624,2621.664204,2011-05-24 05:06:00,N/A,False
2011-05-24 08:00:00,2011-05-24 09:00:00,Up,2623.92207,2610.657109,2614.326141,2011-05-24 09:05:00,2011-05-24 09:20:00,True
2011-05-24 10:00:00,2011-05-24 11:00:00,Up,2612.068275,2603.036813,2604.447979,2011-05-24 11:01:00,2011-05-24 11:28:00,True
2011-05-24 18:00:00,2011-05-24 19:00:00,Up,2597.109915,2594.569817,2594.85205,2011-05-24 19:03:00,2011-05-24 19:20:00,True
2011-05-24 19:00:00,2011-05-24 20:00:00,Up,2595.134283,2582.433789,2588.078453,2011-05-24 20:11:00,N/A,False
2011-05-24 22:00:00,2011-05-24 23:01:00,Up,2581.587089,2578.764757,2580.175923,2011-05-24 23:17:00,2011-05-24 23:39:00,True
2011-05-25 06:00:00,2011-05-25 07:00:00,Up,2598.803315,2594.569817,2598.803315,2011-05-25 07:19:00,N/A,False
2011-05-25 07:00:00,2011-05-25 08:00:00,Up,2598.803315,2590.900785,2594.287583,2011-05-25 08:14:00,2011-05-25 08:29:00,True
2011-05-25 11:00:00,2011-05-25 12:00:00,Up,2612.068275,2608.399244,2610.657109,2011-05-25 12:11:00,N/A,False
2011-05-25 21:00:00,2011-05-25 22:01:00,Up,2613.761674,2611.503809,2611.786042,2011-05-25 22:04:00,2011-05-25 22:25:00,True
2011-05-25 23:00:00,2011-05-26 00:00:00,Up,2612.350508,2610.374876,2611.221576,2011-05-26 00:15:00,2011-05-26 00:30:00,True
2011-05-26 03:00:00,2011-05-26 04:00:00,Up,2617.148473,2610.092643,2610.092643,2011-05-26 04:00:00,N/A,False
2011-05-26 05:00:00,2011-05-26 06:00:00,Up,2609.81041,2606.423611,2607.270311,2011-05-26 06:15:00,2011-05-26 06:22:00,True
2011-05-26 07:00:00,2011-05-26 08:00:00,Up,2612.632742,2599.932247,2603.883512,2011-05-26 08:12:00,2011-05-26 08:31:00,True
2011-05-27 05:00:00,2011-05-27 06:00:00,Up,2628.720034,2624.204303,2624.204303,2011-05-27 06:00:00,2011-05-27 06:20:00,True
2011-05-27 07:00:00,2011-05-27 08:00:00,Up,2634.082465,2627.308868,2630.1312,2011-05-27 08:15:00,2011-05-27 08:31:00,True
2011-05-27 08:00:00,2011-05-27 09:00:00,Up,2633.235765,2626.744402,2631.260133,2011-05-27 09:03:00,2011-05-27 09:20:00,True
2011-05-27 11:00:00,2011-05-27 12:00:00,Up,2640.009362,2635.775864,2636.34033,2011-05-27 12:15:00,2011-05-27 12:21:00,True
2011-05-27 13:00:00,2011-05-27 14:00:00,Up,2638.03373,2630.9779,2631.824599,2011-05-27 14:01:00,2011-05-27 14:20:00,True
2011-05-30 08:00:00,2011-05-30 09:00:00,Up,2638.315963,2635.211398,2635.775864,2011-05-30 09:16:00,N/A,False
2011-05-31 05:00:00,2011-05-31 06:00:00,Up,2663.434718,2660.330152,2660.612386,2011-05-31 06:02:00,2011-05-31 06:30:00,True
2011-05-31 06:00:00,2011-05-31 07:00:00,Up,2661.176852,2657.225587,2657.50782,2011-05-31 07:00:00,2011-05-31 07:20:00,True
2011-05-31 08:00:00,2011-05-31 09:00:00,Up,2667.103749,2658.35452,2660.612386,2011-05-31 09:02:00,N/A,False
2011-05-31 10:00:00,2011-05-31 11:00:00,Up,2656.943354,2650.169757,2652.14539,2011-05-31 11:02:00,2011-05-31 11:20:00,True
2011-05-31 18:00:00,2011-05-31 19:00:00,Up,2687.142307,2683.755508,2683.755508,2011-05-31 19:01:00,N/A,False
2011-06-01 00:00:00,2011-06-01 01:00:00,Up,2686.57784,2684.037741,2685.448907,2011-06-01 01:01:00,N/A,False
2011-06-01 01:00:00,2011-06-01 02:00:00,Up,2685.448907,2679.239777,2682.344342,2011-06-01 02:01:00,N/A,False
2011-06-01 06:00:00,2011-06-01 07:00:00,Up,2676.699678,2671.619481,2676.135212,2011-06-01 07:15:00,N/A,False
2011-06-01 08:00:00,2011-06-01 09:00:00,Up,2680.086477,2666.25705,2674.159579,2011-06-01 09:11:00,N/A,False
2011-06-01 09:00:00,2011-06-01 10:00:00,Up,2674.159579,2658.35452,2662.023552,2011-06-01 10:15:00,N/A,False
2011-06-01 10:00:00,2011-06-01 11:00:00,Up,2662.588018,2653.274322,2654.403255,2011-06-01 11:03:00,N/A,False
2011-06-01 13:00:00,2011-06-01 14:00:00,Up,2643.678394,2628.720034,2633.235765,2011-06-01 14:14:00,N/A,False
2011-06-01 16:01:00,2011-06-01 17:01:00,Up,2619.406338,2614.890607,2616.86624,2011-06-01 17:09:00,N/A,False
2011-06-01 18:00:00,2011-06-01 19:00:00,Up,2619.688572,2616.584006,2616.86624,2011-06-01 19:05:00,2011-06-01 19:49:00,True
2011-06-02 02:00:00,2011-06-02 03:00:00,Up,2624.768769,2619.688572,2621.381971,2011-06-02 03:07:00,2011-06-02 03:20:00,True
2011-06-02 05:00:00,2011-06-02 06:00:00,Up,2632.389066,2628.437801,2629.566734,2011-06-02 06:19:00,N/A,False
2011-06-02 09:00:00,2011-06-02 10:00:00,Up,2636.622564,2626.462168,2631.542366,2011-06-02 10:11:00,N/A,False
2011-06-03 01:00:00,2011-06-03 02:00:00,Up,2623.92207,2620.535271,2621.099738,2011-06-03 02:00:00,N/A,False
2011-06-03 04:00:00,2011-06-03 05:00:00,Up,2620.253038,2615.455074,2616.584006,2011-06-03 05:11:00,N/A,False
2011-06-03 11:00:00,2011-06-03 12:00:00,Up,2612.068275,2607.270311,2608.681477,2011-06-03 12:11:00,2011-06-03 12:20:00,True
2011-06-03 12:00:00,2011-06-03 13:00:00,Up,2610.374876,2603.319046,2603.601279,2011-06-03 13:00:00,N/A,False
2011-06-03 13:00:00,2011-06-03 14:00:00,Up,2603.883512,2594.569817,2594.85205,2011-06-03 14:00:00,2011-06-03 14:40:00,True
2011-06-06 01:00:00,2011-06-06 02:00:00,Up,2584.409421,2581.022623,2584.127188,2011-06-06 02:05:00,2011-06-06 02:20:00,True
2011-06-06 02:00:00,2011-06-06 03:00:00,Up,2586.94952,2579.89369,2582.151556,2011-06-06 03:05:00,2011-06-06 03:40:00,True
2011-06-06 04:00:00,2011-06-06 05:00:00,Up,2586.102821,2580.74039,2584.127188,2011-06-06 05:13:00,N/A,False
2011-06-06 13:00:00,2011-06-06 14:00:00,Up,2583.844955,2570.579995,2573.120093,2011-06-06 14:06:00,2011-06-06 14:40:00,True
2011-06-06 23:00:00,2011-06-07 00:00:00,Up,2571.708927,2568.886595,2570.579995,2011-06-07 00:07:00,2011-06-07 00:31:00,True
2011-06-07 03:00:00,2011-06-07 04:00:00,Up,2580.74039,2576.224659,2578.482524,2011-06-07 04:17:00,N/A,False
2011-06-07 05:00:00,2011-06-07 06:00:00,Up,2580.74039,2575.660192,2578.200291,2011-06-07 06:09:00,N/A,False
2011-06-07 06:00:00,2011-06-07 07:00:00,Up,2578.200291,2573.966793,2574.531259,2011-06-07 07:00:00,2011-06-07 07:23:00,True
2011-06-07 13:00:00,2011-06-07 14:00:00,Up,2583.280489,2573.402327,2575.377959,2011-06-07 14:09:00,N/A,False
2011-06-07 19:00:00,2011-06-07 20:00:00,Up,2571.708927,2564.935331,2565.78203,2011-06-07 20:04:00,N/A,False
2011-06-07 20:00:00,2011-06-07 21:00:00,Up,2565.78203,2559.290667,2559.290667,2011-06-07 21:00:00,N/A,False
2011-06-08 01:00:00,2011-06-08 02:00:00,Up,2563.524165,2559.008433,2562.112999,2011-06-08 02:19:00,N/A,False
2011-06-08 02:00:00,2011-06-08 03:00:00,Up,2563.524165,2553.928236,2555.339402,2011-06-08 03:01:00,N/A,False
2011-06-09 03:00:00,2011-06-09 04:00:00,Up,2549.130271,2542.921141,2542.921141,2011-06-09 04:00:00,2011-06-09 04:28:00,True
2011-06-10 01:00:00,2011-06-10 02:00:00,Up,2537.844247,2535.299901,2537.561542,2011-06-10 02:17:00,2011-06-10 02:29:00,True
2011-06-10 07:00:00,2011-06-10 08:00:00,Up,2540.954004,2535.299901,2536.148016,2011-06-10 08:03:00,2011-06-10 08:20:00,True
2011-06-10 08:00:00,2011-06-10 09:00:00,Up,2541.236709,2531.624733,2534.16908,2011-06-10 09:02:00,N/A,False
2011-06-10 09:00:00,2011-06-10 10:00:00,Up,2535.017195,2515.227834,2517.77218,2011-06-10 10:05:00,2011-06-10 10:23:00,True
2011-06-10 11:00:00,2011-06-10 12:00:00,Up,2523.143579,2516.64136,2521.447348,2011-06-10 12:12:00,N/A,False
2011-06-12 23:00:00,2011-06-13 00:00:00,Up,2511.269962,2508.725615,2509.291026,2011-06-13 00:11:00,2011-06-13 00:57:00,True
2011-06-13 09:00:00,2011-06-13 10:00:00,Up,2522.012758,2510.704551,2512.118077,2011-06-13 10:02:00,2011-06-13 10:20:00,True
2011-06-13 10:00:00,2011-06-13 11:00:00,Up,2515.510539,2506.463974,2508.160205,2011-06-13 11:19:00,2011-06-13 11:21:00,True
2011-06-13 11:00:00,2011-06-13 12:00:00,Up,2510.704551,2505.050448,2506.746679,2011-06-13 12:00:00,2011-06-13 12:20:00,True
2011-06-13 13:00:00,2011-06-13 14:00:00,Up,2520.599232,2512.400782,2514.945129,2011-06-13 14:10:00,2011-06-13 14:27:00,True
2011-06-14 04:00:00,2011-06-14 05:00:00,Up,2530.211208,2525.122515,2526.818746,2011-06-14 05:10:00,N/A,False
2011-06-14 11:00:00,2011-06-14 12:00:00,Up,2543.215645,2539.257773,2541.236709,2011-06-14 12:04:00,2011-06-14 12:20:00,True
2011-06-15 00:00:00,2011-06-15 01:00:00,Up,2535.017195,2533.60367,2534.73449,2011-06-15 01:02:00,N/A,False
2011-06-15 03:00:00,2011-06-15 04:00:00,Up,2531.624733,2527.101451,2527.101451,2011-06-15 04:18:00,2011-06-15 04:45:00,True
2011-06-15 06:00:00,2011-06-15 07:00:00,Up,2529.645797,2527.384156,2527.666861,2011-06-15 07:07:00,N/A,False
2011-06-15 07:00:00,2011-06-15 08:00:00,Up,2528.797682,2514.097013,2515.227834,2011-06-15 08:01:00,2011-06-15 08:20:00,True
2011-06-15 09:00:00,2011-06-15 10:00:00,Up,2531.907439,2519.185706,2522.012758,2011-06-15 10:11:00,2011-06-15 10:20:00,True
2011-06-15 10:00:00,2011-06-15 11:00:00,Up,2523.708989,2504.202333,2506.463974,2011-06-15 11:17:00,N/A,False
2011-06-15 13:00:00,2011-06-15 14:00:00,Up,2503.071512,2492.328716,2493.459536,2011-06-15 14:00:00,2011-06-15 14:23:00,True
2011-06-15 16:00:00,2011-06-15 17:00:00,Up,2495.438473,2494.024947,2495.155767,2011-06-15 17:00:00,2011-06-15 17:21:00,True
2011-06-15 23:00:00,2011-06-16 00:00:00,Up,2503.636922,2494.590357,2495.155767,2011-06-16 00:16:00,N/A,False
2011-06-16 01:00:00,2011-06-16 02:00:00,Up,2492.611421,2487.240023,2492.046011,2011-06-16 02:08:00,2011-06-16 02:24:00,True
2011-06-16 03:00:00,2011-06-16 04:00:00,Up,2499.67905,2494.024947,2495.438473,2011-06-16 04:05:00,N/A,False
2011-06-16 06:00:00,2011-06-16 07:00:00,Up,2493.176831,2482.999445,2483.564856,2011-06-16 07:18:00,2011-06-16 07:22:00,True
2011-06-16 08:00:00,2011-06-16 09:00:00,Up,2498.265524,2489.218959,2494.873062,2011-06-16 09:00:00,2011-06-16 09:20:00,True
2011-06-16 11:00:00,2011-06-16 12:00:00,Up,2498.830935,2494.873062,2495.721178,2011-06-16 12:00:00,2011-06-16 12:20:00,True
2011-06-16 12:00:00,2011-06-16 13:00:00,Up,2497.134704,2482.999445,2482.999445,2011-06-16 13:02:00,N/A,False
2011-06-16 22:00:00,2011-06-16 23:00:00,Up,2488.370844,2486.391907,2486.674613,2011-06-16 23:03:00,N/A,False
2011-06-16 23:00:00,2011-06-17 00:00:00,Up,2487.240023,2481.58592,2481.58592,2011-06-17 00:09:00,N/A,False
2011-06-17 01:00:00,2011-06-17 02:00:00,Up,2482.999445,2480.172394,2482.15133,2011-06-17 02:06:00,N/A,False
2011-06-17 08:00:00,2011-06-17 09:00:00,Up,2509.00832,2493.459536,2494.024947,2011-06-17 09:08:00,2011-06-17 09:21:00,True
2011-06-17 09:00:00,2011-06-17 10:00:00,Up,2500.24446,2483.564856,2488.370844,2011-06-17 10:04:00,2011-06-17 10:28:00,True
2011-06-17 11:00:00,2011-06-17 12:00:00,Up,2488.370844,2475.366406,2478.193458,2011-06-17 12:06:00,2011-06-17 12:32:00,True
2011-06-17 13:00:00,2011-06-17 14:00:00,Up,2484.695676,2475.649111,2479.606983,2011-06-17 14:09:00,2011-06-17 14:46:00,True
2011-06-20 00:00:00,2011-06-20 01:00:00,Up,2468.016072,2462.644674,2463.210084,2011-06-20 01:00:00,2011-06-20 01:27:00,True
2011-06-20 05:00:00,2011-06-20 06:00:00,Up,2470.560418,2466.037136,2466.319841,2011-06-20 06:02:00,N/A,False
2011-06-20 13:00:00,2011-06-20 14:00:00,Up,2494.307652,2486.957318,2493.176831,2011-06-20 14:11:00,N/A,False
2011-06-21 03:00:00,2011-06-21 04:00:00,Up,2500.809871,2497.982819,2497.982819,2011-06-21 04:00:00,N/A,False
2011-06-21 04:00:00,2011-06-21 05:00:00,Up,2497.982819,2494.024947,2495.438473,2011-06-21 05:03:00,2011-06-21 05:20:00,True
2011-06-21 07:00:00,2011-06-21 08:00:00,Up,2500.527166,2496.286588,2497.700114,2011-06-21 08:06:00,2011-06-21 08:29:00,True
2011-06-21 17:00:00,2011-06-21 18:01:00,Up,2539.823183,2534.73449,2536.996132,2011-06-21 18:16:00,2011-06-21 18:34:00,True
2011-06-21 19:00:00,2011-06-21 20:00:00,Up,2539.257773,2535.865311,2536.430721,2011-06-21 20:08:00,N/A,False
2011-06-21 21:00:00,2011-06-21 22:01:00,Up,2535.582606,2532.472849,2534.451785,2011-06-21 22:20:00,N/A,False
2011-06-21 22:01:00,2011-06-21 23:01:00,Up,2534.451785,2529.928502,2530.493913,2011-06-21 23:08:00,2011-06-21 23:21:00,True
2011-06-22 03:00:00,2011-06-22 04:00:00,Up,2534.73449,2530.776618,2532.190144,2011-06-22 04:19:00,N/A,False
2011-06-22 10:00:00,2011-06-22 11:00:00,Up,2542.36753,2537.278837,2537.844247,2011-06-22 11:01:00,2011-06-22 11:20:00,True
2011-06-22 12:00:00,2011-06-22 13:00:00,Up,2544.063761,2539.257773,2543.215645,2011-06-22 13:05:00,2011-06-22 13:22:00,True
2011-06-22 13:00:00,2011-06-22 14:00:00,Up,2545.194581,2534.73449,2536.430721,2011-06-22 14:15:00,2011-06-22 14:20:00,True
2011-06-23 01:00:00,2011-06-23 02:00:00,Up,2516.64136,2510.421846,2514.379718,2011-06-23 02:07:00,N/A,False
2011-06-23 05:00:00,2011-06-23 06:00:00,Up,2513.531603,2507.8775,2508.44291,2011-06-23 06:01:00,2011-06-23 06:20:00,True
2011-06-23 06:00:00,2011-06-23 07:00:00,Up,2510.987257,2505.615858,2506.181269,2011-06-23 07:00:00,N/A,False
2011-06-23 12:00:00,2011-06-23 13:00:00,Up,2528.797682,2516.64136,2521.164642,2011-06-23 13:03:00,2011-06-23 13:58:00,True
2011-06-24 04:00:00,2011-06-24 05:00:00,Up,2551.979505,2545.194581,2545.477286,2011-06-24 05:00:00,2011-06-24 05:29:00,True
2011-06-24 06:00:00,2011-06-24 07:00:00,Up,2541.236709,2534.16908,2534.16908,2011-06-24 07:00:00,2011-06-24 07:20:00,True
2011-06-24 08:00:00,2011-06-24 09:00:00,Up,2543.215645,2523.143579,2528.797682,2011-06-24 09:10:00,N/A,False
2011-06-24 09:00:00,2011-06-24 10:00:00,Up,2531.624733,2511.269962,2516.358655,2011-06-24 10:11:00,2011-06-24 10:20:00,True
2011-06-24 11:00:00,2011-06-24 12:00:00,Up,2519.468411,2505.050448,2507.8775,2011-06-24 12:03:00,2011-06-24 12:24:00,True
2011-06-24 13:00:00,2011-06-24 14:00:00,Up,2511.552667,2504.202333,2505.615858,2011-06-24 14:00:00,N/A,False
2011-06-26 23:00:00,2011-06-27 00:00:00,Up,2492.046011,2489.218959,2489.501664,2011-06-27 00:01:00,2011-06-27 00:21:00,True
2011-06-27 06:00:00,2011-06-27 07:00:00,Up,2507.029384,2503.636922,2503.919627,2011-06-27 07:03:00,2011-06-27 07:20:00,True
2011-06-27 07:00:00,2011-06-27 08:00:00,Up,2505.050448,2498.830935,2500.24446,2011-06-27 08:12:00,2011-06-27 08:27:00,True
2011-06-27 18:01:00,2011-06-27 19:01:00,Up,2552.544915,2550.283274,2552.544915,2011-06-27 19:13:00,N/A,False
2011-06-27 23:00:00,2011-06-28 00:01:00,Up,2549.152454,2543.215645,2544.346466,2011-06-28 00:20:00,N/A,False
2011-06-28 01:00:00,2011-06-28 02:00:00,Up,2544.629171,2541.802119,2542.36753,2011-06-28 02:00:00,2011-06-28 02:20:00,True
2011-06-28 03:00:00,2011-06-28 04:00:00,Up,2546.608107,2538.126952,2538.975068,2011-06-28 04:01:00,2011-06-28 04:38:00,True
2011-06-28 18:00:00,2011-06-28 19:01:00,Up,2582.228958,2580.532727,2581.663547,2011-06-28 19:11:00,N/A,False
2011-06-29 08:00:00,2011-06-29 09:00:00,Up,2598.625857,2574.030508,2579.684611,2011-06-29 09:02:00,2011-06-29 09:20:00,True
2011-06-29 12:00:00,2011-06-29 13:00:00,Up,2595.798805,2589.861997,2590.992818,2011-06-29 13:05:00,N/A,False
2011-06-29 22:00:00,2011-06-29 23:00:00,Up,2598.343152,2596.646921,2597.212331,2011-06-29 23:06:00,2011-06-29 23:32:00,True
2011-06-30 00:00:00,2011-06-30 01:00:00,Up,2597.777742,2596.081511,2597.212331,2011-06-30 01:03:00,N/A,False
2011-06-30 05:00:00,2011-06-30 06:00:00,Up,2600.039383,2596.929626,2597.495036,2011-06-30 06:03:00,2011-06-30 06:20:00,True
2011-06-30 11:00:00,2011-06-30 12:00:00,Up,2625.765553,2619.828744,2622.938501,2011-06-30 12:17:00,N/A,False
2011-06-30 13:00:00,2011-06-30 14:00:00,Up,2623.786617,2620.111449,2621.80768,2011-06-30 14:04:00,2011-06-30 14:20:00,True
2011-06-30 18:00:00,2011-06-30 19:00:00,Up,2625.765553,2623.221206,2623.221206,2011-06-30 19:08:00,2011-06-30 19:21:00,True
2011-06-30 19:00:00,2011-06-30 20:00:00,Up,2625.200142,2621.524975,2622.090386,2011-06-30 20:00:00,N/A,False
2011-07-01 05:00:00,2011-07-01 06:00:00,Up,2630.854246,2626.048258,2627.744489,2011-07-01 06:06:00,2011-07-01 06:38:00,True
2011-07-01 07:00:00,2011-07-01 08:00:00,Up,2630.00613,2624.917437,2625.482847,2011-07-01 08:13:00,2011-07-01 08:20:00,True
2011-07-03 23:04:00,2011-07-04 00:06:00,Up,2667.888622,2665.344275,2666.475096,2011-07-04 00:10:00,N/A,False
2011-07-04 01:00:00,2011-07-04 02:00:00,Up,2666.475096,2661.669108,2662.517224,2011-07-04 02:00:00,2011-07-04 02:43:00,True
2011-07-04 04:00:00,2011-07-04 05:00:00,Up,2664.778865,2662.517224,2663.365339,2011-07-04 05:02:00,2011-07-04 05:20:00,True
2011-07-04 20:00:00,2011-07-04 21:00:00,Up,2675.804366,2668.171327,2669.019443,2011-07-04 21:01:00,2011-07-04 21:22:00,True
2011-07-05 00:01:00,2011-07-05 01:01:00,Up,2671.281084,2668.171327,2669.019443,2011-07-05 01:03:00,2011-07-05 01:57:00,True
2011-07-05 03:00:00,2011-07-05 04:00:00,Up,2673.82543,2669.019443,2669.584853,2011-07-05 04:01:00,2011-07-05 04:20:00,True
2011-07-05 05:00:00,2011-07-05 06:00:00,Up,2677.217892,2672.977315,2674.390841,2011-07-05 06:05:00,N/A,False
2011-07-05 06:00:00,2011-07-05 07:00:00,Up,2674.390841,2667.605917,2667.888622,2011-07-05 07:01:00,2011-07-05 07:48:00,True
2011-07-06 01:00:00,2011-07-06 02:00:00,Up,2691.35315,2683.154701,2683.154701,2011-07-06 02:00:00,N/A,False
2011-07-06 02:00:00,2011-07-06 03:00:00,Up,2683.720111,2675.238956,2676.087072,2011-07-06 03:07:00,2011-07-06 03:35:00,True
2011-07-06 05:00:00,2011-07-06 06:00:00,Up,2680.893059,2674.108136,2675.521661,2011-07-06 06:07:00,2011-07-06 06:30:00,True
2011-07-06 08:00:00,2011-07-06 09:00:00,Up,2680.893059,2672.411905,2677.217892,2011-07-06 09:02:00,2011-07-06 09:54:00,True
2011-07-06 12:00:00,2011-07-06 13:00:00,Up,2691.918561,2683.154701,2686.829868,2011-07-06 13:05:00,N/A,False
2011-07-07 01:00:00,2011-07-07 02:00:00,Up,2699.5516,2696.159138,2697.007254,2011-07-07 02:02:00,N/A,False
2011-07-08 03:00:00,2011-07-08 04:00:00,Up,2735.737861,2732.062694,2734.60704,2011-07-08 04:09:00,N/A,False
2011-07-08 07:00:00,2011-07-08 08:00:00,Up,2738.564913,2700.11701,2701.530536,2011-07-08 08:00:00,2011-07-08 08:20:00,True
2011-07-08 09:00:00,2011-07-08 10:00:00,Up,2710.011691,2695.028318,2697.572664,2011-07-08 10:01:00,2011-07-08 10:45:00,True
2011-07-11 03:00:00,2011-07-11 04:00:00,Up,2702.944062,2697.572664,2698.703485,2011-07-11 04:12:00,N/A,False
2011-07-11 05:00:00,2011-07-11 06:00:00,Up,2698.98619,2694.462907,2694.745612,2011-07-11 06:00:00,2011-07-11 06:27:00,True
2011-07-11 06:00:00,2011-07-11 07:00:00,Up,2696.159138,2686.829868,2688.243394,2011-07-11 07:10:00,2011-07-11 07:20:00,True
2011-07-11 08:00:00,2011-07-11 09:00:00,Up,2702.095947,2686.264458,2696.159138,2011-07-11 09:19:00,N/A,False
2011-07-11 09:00:00,2011-07-11 10:00:00,Up,2698.138074,2673.542725,2673.542725,2011-07-11 10:00:00,2011-07-11 10:21:00,True
2011-07-11 11:00:00,2011-07-11 12:00:00,Up,2675.521661,2667.323212,2669.584853,2011-07-11 12:09:00,2011-07-11 12:59:00,True
2011-07-12 00:01:00,2011-07-12 01:01:00,Up,2664.778865,2658.276646,2661.669108,2011-07-12 01:10:00,N/A,False
2011-07-12 01:00:00,2011-07-12 02:00:00,Up,2662.517224,2655.7323,2657.711236,2011-07-12 02:04:00,N/A,False
2011-07-12 02:00:00,2011-07-12 03:00:00,Up,2658.276646,2635.942939,2641.314337,2011-07-12 03:04:00,2011-07-12 03:20:00,True
2011-07-12 05:00:00,2011-07-12 06:00:00,Up,2659.972877,2652.057133,2654.601479,2011-07-12 06:11:00,2011-07-12 06:45:00,True
2011-07-12 13:00:00,2011-07-12 14:00:00,Up,2673.26002,2656.015005,2658.559352,2011-07-12 14:14:00,2011-07-12 14:20:00,True
2011-07-13 05:00:00,2011-07-13 06:00:00,Up,2674.673546,2667.040506,2668.171327,2011-07-13 06:08:00,2011-07-13 06:20:00,True
2011-07-13 06:00:00,2011-07-13 07:00:00,Up,2672.411905,2666.757801,2668.454032,2011-07-13 07:00:00,N/A,False
2011-07-13 07:00:00,2011-07-13 08:00:00,Up,2669.019443,2663.082634,2664.213455,2011-07-13 08:00:00,2011-07-13 08:20:00,True
2011-07-13 10:00:00,2011-07-13 11:00:00,Up,2685.416342,2679.196828,2681.45847,2011-07-13 11:02:00,2011-07-13 11:20:00,True
2011-07-13 11:00:00,2011-07-13 12:00:00,Up,2683.720111,2677.783303,2679.479534,2011-07-13 12:03:00,2011-07-13 12:38:00,True
2011-07-13 12:00:00,2011-07-13 13:00:00,Up,2680.044944,2670.715674,2672.129199,2011-07-13 13:02:00,N/A,False
2011-07-13 13:00:00,2011-07-13 14:00:00,Up,2675.238956,2665.344275,2669.302148,2011-07-13 14:08:00,N/A,False
2011-07-14 04:00:00,2011-07-14 05:00:00,Up,2669.302148,2659.124762,2659.124762,2011-07-14 05:00:00,2011-07-14 05:36:00,True
2011-07-14 10:00:00,2011-07-14 11:00:00,Up,2658.842057,2645.272209,2649.512786,2011-07-14 11:09:00,N/A,False
2011-07-14 11:00:00,2011-07-14 12:00:00,Up,2649.795491,2628.309899,2628.592604,2011-07-14 12:02:00,2011-07-14 12:32:00,True
2011-07-14 13:00:00,2011-07-14 14:00:00,Up,2639.618106,2624.352027,2626.896373,2011-07-14 14:08:00,2011-07-14 14:20:00,True
2011-07-15 00:00:00,2011-07-15 01:00:00,Up,2654.036069,2646.96844,2649.230081,2011-07-15 01:02:00,N/A,False
2011-07-15 01:00:00,2011-07-15 02:00:00,Up,2649.512786,2642.727862,2644.141388,2011-07-15 02:07:00,N/A,False
2011-07-15 12:00:00,2011-07-15 13:00:00,Up,2655.449595,2646.40303,2646.685735,2011-07-15 13:00:00,2011-07-15 13:20:00,True
2011-07-17 18:00:00,2011-07-17 19:00:00,Up,2661.386403,2656.863121,2658.842057,2011-07-17 19:06:00,N/A,False
2011-07-17 19:00:00,2011-07-17 20:00:00,Up,2658.842057,2644.424093,2647.53385,2011-07-17 20:05:00,2011-07-17 20:27:00,True
2011-07-18 00:00:00,2011-07-18 01:00:00,Up,2653.187953,2650.078197,2650.926312,2011-07-18 01:13:00,N/A,False
2011-07-18 01:00:00,2011-07-18 02:00:00,Up,2651.209017,2644.989504,2647.251145,2011-07-18 02:01:00,2011-07-18 02:20:00,True
2011-07-18 04:00:00,2011-07-18 05:00:00,Up,2648.099261,2642.162452,2642.162452,2011-07-18 05:00:00,2011-07-18 05:20:00,True
2011-07-18 08:00:00,2011-07-18 09:00:00,Up,2659.407467,2644.141388,2646.685735,2011-07-18 09:04:00,N/A,False
2011-07-19 06:00:00,2011-07-19 07:00:00,Up,2667.888622,2663.365339,2667.040506,2011-07-19 07:00:00,2011-07-19 07:20:00,True
2011-07-19 11:00:00,2011-07-19 12:00:00,Up,2694.745612,2688.526099,2693.614792,2011-07-19 12:12:00,2011-07-19 12:23:00,True
2011-07-19 23:02:00,2011-07-20 00:02:00,Up,2721.885308,2719.340962,2719.623667,2011-07-20 00:09:00,2011-07-20 00:32:00,True
2011-07-20 01:00:00,2011-07-20 02:00:00,Up,2722.168013,2718.775551,2720.471782,2011-07-20 02:05:00,2011-07-20 02:23:00,True
2011-07-20 03:00:00,2011-07-20 04:00:00,Up,2725.560475,2720.471782,2721.037193,2011-07-20 04:00:00,2011-07-20 04:28:00,True
2011-07-20 06:00:00,2011-07-20 07:00:00,Up,2728.387527,2724.71236,2725.84318,2011-07-20 07:05:00,2011-07-20 07:31:00,True
2011-07-20 08:00:00,2011-07-20 09:00:00,Up,2726.408591,2703.509472,2706.619229,2011-07-20 09:12:00,2011-07-20 09:34:00,True
2011-07-20 10:00:00,2011-07-20 11:00:00,Up,2710.859807,2694.745612,2695.593728,2011-07-20 11:08:00,2011-07-20 11:35:00,True
2011-07-20 14:00:00,2011-07-20 15:00:00,Up,2704.074883,2694.745612,2696.441843,2011-07-20 15:09:00,N/A,False
2011-07-20 16:00:00,2011-07-20 17:00:00,Up,2684.285521,2680.327649,2680.893059,2011-07-20 17:00:00,2011-07-20 17:37:00,True
2011-07-21 02:00:00,2011-07-21 03:00:00,Up,2699.5516,2683.720111,2684.850932,2011-07-21 03:01:00,2011-07-21 03:20:00,True
2011-07-21 03:00:00,2011-07-21 04:00:00,Up,2690.78774,2682.871996,2687.395278,2011-07-21 04:03:00,N/A,False
2011-07-21 04:00:00,2011-07-21 05:00:00,Up,2687.960688,2677.783303,2682.58929,2011-07-21 05:05:00,2011-07-21 05:59:00,True
2011-07-21 12:00:00,2011-07-21 13:00:00,Up,2723.298834,2715.665794,2720.471782,2011-07-21 13:18:00,2011-07-21 13:42:00,True
2011-07-22 00:00:00,2011-07-22 01:00:00,Up,2729.518347,2728.104822,2728.670232,2011-07-22 01:00:00,2011-07-22 01:20:00,True
2011-07-22 05:00:00,2011-07-22 06:00:00,Up,2731.779989,2725.560475,2726.691296,2011-07-22 06:01:00,2011-07-22 06:20:00,True
2011-07-22 07:00:00,2011-07-22 08:00:00,Up,2722.168013,2711.707922,2711.990627,2011-07-22 08:01:00,2011-07-22 08:20:00,True
2011-07-24 23:00:00,2011-07-25 00:00:00,Up,2717.927436,2712.273332,2715.9485,2011-07-25 00:10:00,2011-07-25 00:42:00,True
2011-07-25 07:00:00,2011-07-25 08:00:00,Up,2731.779989,2726.691296,2727.539411,2011-07-25 08:02:00,2011-07-25 08:47:00,True
2011-07-25 13:00:00,2011-07-25 14:00:00,Up,2751.286645,2743.088195,2743.3709,2011-07-25 14:00:00,N/A,False
2011-07-25 18:00:00,2011-07-25 19:01:00,Up,2739.978438,2737.151387,2739.413028,2011-07-25 19:16:00,N/A,False
2011-07-25 19:01:00,2011-07-25 20:01:00,Up,2739.413028,2732.345399,2737.434092,2011-07-25 20:05:00,N/A,False
2011-07-26 00:01:00,2011-07-26 01:01:00,Up,2748.176888,2745.349837,2746.763362,2011-07-26 01:09:00,2011-07-26 01:45:00,True
2011-07-26 03:00:00,2011-07-26 04:00:00,Up,2750.438529,2744.219016,2744.784426,2011-07-26 04:00:00,N/A,False
2011-07-26 07:00:00,2011-07-26 08:00:00,Up,2747.046068,2741.674669,2742.24008,2011-07-26 08:00:00,2011-07-26 08:31:00,True
2011-07-26 08:00:00,2011-07-26 09:00:00,Up,2749.307709,2732.628104,2735.737861,2011-07-26 09:06:00,2011-07-26 09:20:00,True
2011-07-26 18:00:00,2011-07-26 19:00:00,Up,2739.413028,2736.303271,2737.999502,2011-07-26 19:05:00,2011-07-26 19:58:00,True
2011-07-27 00:00:00,2011-07-27 01:00:00,Up,2742.522785,2739.413028,2741.391964,2011-07-27 01:17:00,N/A,False
2011-07-27 01:00:00,2011-07-27 02:00:00,Up,2741.957375,2738.847618,2741.391964,2011-07-27 02:05:00,N/A,False
2011-07-27 06:00:00,2011-07-27 07:00:00,Up,2739.695733,2734.04163,2734.60704,2011-07-27 07:04:00,N/A,False
2011-07-27 08:00:00,2011-07-27 09:00:00,Up,2729.235642,2710.577102,2712.273332,2011-07-27 09:00:00,N/A,False
2011-07-27 10:00:00,2011-07-27 11:00:00,Up,2710.011691,2695.311023,2697.572664,2011-07-27 11:07:00,2011-07-27 11:20:00,True
2011-07-27 12:00:00,2011-07-27 13:00:00,Up,2698.703485,2689.091509,2694.462907,2011-07-27 13:15:00,N/A,False
2011-07-27 13:00:00,2011-07-27 14:00:00,Up,2695.311023,2674.673546,2682.02388,2011-07-27 14:16:00,N/A,False
2011-07-28 00:01:00,2011-07-28 01:01:00,Up,2673.82543,2669.867558,2672.129199,2011-07-28 01:11:00,N/A,False
2011-07-28 03:00:00,2011-07-28 04:00:00,Up,2684.568227,2677.217892,2677.783303,2011-07-28 04:00:00,N/A,False
2011-07-28 04:00:00,2011-07-28 05:00:00,Up,2678.631418,2666.475096,2667.040506,2011-07-28 05:14:00,2011-07-28 05:22:00,True
2011-07-28 06:00:00,2011-07-28 07:00:00,Up,2674.390841,2668.736737,2671.281084,2011-07-28 07:02:00,2011-07-28 07:30:00,True
2011-07-28 12:00:00,2011-07-28 13:00:00,Up,2709.728986,2701.247831,2704.357588,2011-07-28 13:05:00,N/A,False
2011-07-28 13:00:00,2011-07-28 14:00:00,Up,2704.922998,2685.981752,2693.049381,2011-07-28 14:18:00,N/A,False
2011-07-29 10:00:00,2011-07-29 11:00:00,Up,2697.289959,2678.914123,2685.133637,2011-07-29 11:08:00,N/A,False
2011-07-29 11:00:00,2011-07-29 12:00:00,Up,2686.264458,2673.26002,2674.673546,2011-07-29 12:04:00,2011-07-29 12:20:00,True
2011-07-29 13:00:00,2011-07-29 14:00:00,Up,2689.656919,2678.066008,2679.762239,2011-07-29 14:01:00,2011-07-29 14:20:00,True
2011-07-31 20:00:00,2011-07-31 21:00:00,Up,2707.18464,2702.095947,2702.378652,2011-07-31 21:04:00,N/A,False
2011-08-01 01:00:00,2011-08-01 02:00:00,Up,2708.31546,2703.792178,2704.357588,2011-08-01 02:00:00,2011-08-01 02:20:00,True
2011-08-01 08:00:00,2011-08-01 09:00:00,Up,2707.18464,2676.087072,2676.935187,2011-08-01 09:00:00,N/A,False
2011-08-01 09:00:00,2011-08-01 10:00:00,Up,2677.217892,2645.272209,2654.884184,2011-08-01 10:04:00,N/A,False
2011-08-01 10:00:00,2011-08-01 11:00:00,Up,2655.16689,2630.00613,2631.702361,2011-08-01 11:07:00,2011-08-01 11:26:00,True
2011-08-01 12:00:00,2011-08-01 13:00:00,Up,2640.183516,2630.57154,2640.183516,2011-08-01 13:14:00,2011-08-01 13:48:00,True
2011-08-01 20:00:00,2011-08-01 21:00:00,Up,2658.559352,2648.664671,2650.926312,2011-08-01 21:06:00,2011-08-01 21:28:00,True
2011-08-01 23:00:00,2011-08-02 00:00:00,Up,2644.706799,2641.031631,2641.597042,2011-08-02 00:06:00,2011-08-02 00:35:00,True
2011-08-02 01:00:00,2011-08-02 02:00:00,Up,2645.837619,2639.052695,2639.900811,2011-08-02 02:01:00,2011-08-02 02:55:00,True
2011-08-02 09:00:00,2011-08-02 10:00:00,Up,2656.580415,2640.748926,2642.162452,2011-08-02 10:00:00,N/A,False
2011-08-03 06:00:00,2011-08-03 07:00:00,Up,2601.452909,2591.558228,2594.667985,2011-08-03 07:04:00,2011-08-03 07:20:00,True
2011-08-03 23:00:00,2011-08-04 00:00:00,Up,2616.436282,2608.803243,2608.803243,2011-08-04 00:00:00,2011-08-04 00:20:00,True
2011-08-04 02:00:00,2011-08-04 03:00:00,Up,2617.001693,2605.976191,2607.107012,2011-08-04 03:04:00,N/A,False
2011-08-04 03:00:00,2011-08-04 04:00:00,Up,2607.955127,2598.908562,2601.735614,2011-08-04 04:12:00,N/A,False
2011-08-04 06:00:00,2011-08-04 07:00:00,Up,2590.144702,2581.380842,2585.056009,2011-08-04 07:06:00,2011-08-04 07:31:00,True
2011-08-04 08:00:00,2011-08-04 09:00:00,Up,2593.819869,2562.439596,2570.355341,2011-08-04 09:13:00,2011-08-04 09:31:00,True
2011-08-04 09:00:00,2011-08-04 10:00:00,Up,2577.140265,2545.759992,2548.587043,2011-08-04 10:00:00,2011-08-04 10:20:00,True
2011-08-04 12:00:00,2011-08-04 13:00:00,Up,2555.937377,2533.886375,2538.409657,2011-08-04 13:02:00,2011-08-04 13:40:00,True
2011-08-04 14:00:00,2011-08-04 15:00:00,Up,2541.519414,2493.176831,2493.459536,2011-08-04 15:00:00,2011-08-04 15:30:00,True
2011-08-04 17:00:00,2011-08-04 18:00:00,Up,2501.940691,2493.176831,2496.569293,2011-08-04 18:12:00,N/A,False
2011-08-04 21:00:00,2011-08-04 22:00:00,Up,2500.809871,2496.851998,2498.548229,2011-08-04 22:03:00,N/A,False
2011-08-05 00:01:00,2011-08-05 01:01:00,Up,2496.569293,2489.501664,2495.155767,2011-08-05 01:09:00,N/A,False
2011-08-05 04:00:00,2011-08-05 05:00:00,Up,2493.176831,2476.214521,2476.497227,2011-08-05 05:00:00,2011-08-05 05:20:00,True
2011-08-05 08:00:00,2011-08-05 09:00:00,Up,2531.907439,2455.294339,2461.796558,2011-08-05 09:00:00,2011-08-05 09:20:00,True
2011-08-05 13:00:00,2011-08-05 14:00:00,Up,2507.029384,2472.256649,2479.889689,2011-08-05 14:03:00,2011-08-05 14:39:00,True
2011-08-07 21:00:00,2011-08-07 22:00:00,Up,2436.353094,2420.521604,2422.783246,2011-08-07 22:09:00,2011-08-07 22:20:00,True
2011-08-08 00:00:00,2011-08-08 01:00:00,Up,2421.087015,2406.386346,2406.669051,2011-08-08 01:01:00,2011-08-08 01:20:00,True
2011-08-08 03:00:00,2011-08-08 04:00:00,Up,2443.420723,2418.542668,2419.108079,2011-08-08 04:08:00,N/A,False
2011-08-08 07:00:00,2011-08-08 08:00:00,Up,2424.762182,2408.365282,2410.061513,2011-08-08 08:00:00,2011-08-08 08:20:00,True
2011-08-08 08:00:00,2011-08-08 09:00:00,Up,2444.551543,2401.297653,2424.479477,2011-08-08 09:17:00,N/A,False
2011-08-08 11:00:00,2011-08-08 12:00:00,Up,2402.428474,2385.183459,2393.381909,2011-08-08 12:14:00,2011-08-08 12:23:00,True
2011-08-08 12:00:00,2011-08-08 13:00:00,Up,2401.863064,2369.069265,2370.200085,2011-08-08 13:00:00,N/A,False
2011-08-08 16:00:00,2011-08-08 17:00:00,Up,2309.418475,2298.392974,2300.089205,2011-08-08 17:09:00,N/A,False
2011-08-08 18:00:00,2011-08-08 19:00:00,Up,2293.021576,2283.692306,2289.346409,2011-08-08 19:05:00,2011-08-08 19:24:00,True
2011-08-08 19:00:00,2011-08-08 20:00:00,Up,2291.60805,2269.557047,2274.08033,2011-08-08 20:00:00,N/A,False
2011-08-08 20:00:00,2011-08-08 21:00:00,Up,2278.038202,2236.197838,2248.636865,2011-08-08 21:10:00,2011-08-08 21:32:00,True
2011-08-09 02:00:00,2011-08-09 03:00:00,Up,2384.900754,2308.57036,2311.680117,2011-08-09 03:01:00,2011-08-09 03:20:00,True
2011-08-09 03:00:00,2011-08-09 04:00:00,Up,2337.123581,2285.388537,2308.00495,2011-08-09 04:02:00,2011-08-09 04:46:00,True
2011-08-09 09:00:00,2011-08-09 10:00:00,Up,2402.711179,2375.006073,2395.07814,2011-08-09 10:14:00,2011-08-09 10:29:00,True
2011-08-09 11:00:00,2011-08-09 12:00:00,Up,2409.496103,2390.837562,2391.120267,2011-08-09 12:00:00,2011-08-09 12:20:00,True
2011-08-09 18:00:00,2011-08-09 19:00:00,Up,2450.205647,2444.268838,2444.268838,2011-08-09 19:00:00,N/A,False
2011-08-09 20:00:00,2011-08-09 21:00:00,Up,2448.22671,2432.960632,2433.808747,2011-08-09 21:00:00,2011-08-09 21:20:00,True
2011-08-09 22:00:00,2011-08-09 23:00:00,Up,2438.049325,2427.306528,2429.002759,2011-08-09 23:03:00,2011-08-09 23:55:00,True
2011-08-10 02:00:00,2011-08-10 03:00:00,Up,2444.551543,2423.065951,2425.327592,2011-08-10 03:00:00,N/A,False
2011-08-10 05:00:00,2011-08-10 06:00:00,Up,2433.526042,2423.348656,2427.871939,2011-08-10 06:02:00,N/A,False
2011-08-10 06:00:00,2011-08-10 07:00:00,Up,2432.677926,2410.344219,2412.323155,2011-08-10 07:01:00,N/A,False
2011-08-10 07:00:00,2011-08-10 08:00:00,Up,2413.453975,2388.293216,2388.858626,2011-08-10 08:00:00,2011-08-10 08:25:00,True
2011-08-10 08:00:00,2011-08-10 09:00:00,Up,2395.360845,2363.415162,2368.78656,2011-08-10 09:01:00,2011-08-10 09:31:00,True
2011-08-10 09:00:00,2011-08-10 10:00:00,Up,2382.921818,2347.583672,2362.849751,2011-08-10 10:05:00,2011-08-10 10:20:00,True
2011-08-10 13:00:00,2011-08-10 14:00:00,Up,2419.673489,2383.204523,2383.487228,2011-08-10 14:00:00,2011-08-10 14:25:00,True
2011-08-10 14:00:00,2011-08-10 15:00:00,Up,2391.120267,2336.840876,2339.385223,2011-08-10 15:00:00,2011-08-10 15:30:00,True
2011-08-11 01:00:00,2011-08-11 02:00:00,Up,2406.951757,2391.968383,2406.951757,2011-08-11 02:16:00,N/A,False
2011-08-11 03:00:00,2011-08-11 04:00:00,Up,2408.647988,2391.968383,2400.732243,2011-08-11 04:11:00,N/A,False
2011-08-11 04:00:00,2011-08-11 05:00:00,Up,2402.145769,2375.006073,2375.288778,2011-08-11 05:00:00,2011-08-11 05:20:00,True
2011-08-11 06:00:00,2011-08-11 07:00:00,Up,2386.031575,2335.42735,2348.431788,2011-08-11 07:16:00,2011-08-11 07:43:00,True
2011-08-11 16:00:00,2011-08-11 17:00:00,Up,2444.268838,2435.504978,2438.33203,2011-08-11 17:04:00,2011-08-11 17:30:00,True
2011-08-11 18:00:00,2011-08-11 19:00:00,Up,2440.028261,2436.635799,2439.46285,2011-08-11 19:04:00,2011-08-11 19:51:00,True
2011-08-11 21:00:00,2011-08-11 22:00:00,Up,2437.766619,2425.327592,2427.589233,2011-08-11 22:07:00,N/A,False
2011-08-12 01:00:00,2011-08-12 02:00:00,Up,2425.610297,2409.213398,2413.736681,2011-08-12 02:00:00,2011-08-12 02:27:00,True
2011-08-12 08:00:00,2011-08-12 09:00:00,Up,2465.471725,2435.222273,2445.399659,2011-08-12 09:03:00,2011-08-12 09:20:00,True
2011-08-14 21:01:00,2011-08-14 22:01:00,Up,2477.345342,2473.104765,2474.800996,2011-08-14 22:06:00,2011-08-14 22:30:00,True
2011-08-15 01:00:00,2011-08-15 02:00:00,Up,2484.978382,2476.779932,2477.062637,2011-08-15 02:00:00,2011-08-15 02:20:00,True
2011-08-15 04:00:00,2011-08-15 05:00:00,Up,2480.455099,2468.298777,2471.408534,2011-08-15 05:12:00,2011-08-15 05:30:00,True
2011-08-15 09:00:00,2011-08-15 10:00:00,Up,2497.134704,2481.58592,2485.826497,2011-08-15 10:07:00,N/A,False
2011-08-15 19:00:00,2011-08-15 20:00:00,Up,2493.176831,2489.218959,2491.197895,2011-08-15 20:11:00,2011-08-15 20:37:00,True
2011-08-15 21:00:00,2011-08-15 22:00:00,Up,2493.176831,2488.370844,2488.370844,2011-08-15 22:14:00,N/A,False
2011-08-16 00:00:00,2011-08-16 01:00:00,Up,2485.543792,2481.020509,2482.71674,2011-08-16 01:07:00,N/A,False
2011-08-16 01:00:00,2011-08-16 02:00:00,Up,2482.999445,2472.82206,2475.366406,2011-08-16 02:11:00,N/A,False
2011-08-16 02:00:00,2011-08-16 03:00:00,Up,2477.062637,2463.775494,2473.38747,2011-08-16 03:13:00,N/A,False
2011-08-16 06:00:00,2011-08-16 07:00:00,Up,2468.298777,2461.231148,2465.471725,2011-08-16 07:13:00,2011-08-16 07:25:00,True
2011-08-16 11:00:00,2011-08-16 12:00:00,Up,2500.527166,2462.927379,2464.340905,2011-08-16 12:01:00,2011-08-16 12:33:00,True
2011-08-16 19:00:00,2011-08-16 20:00:00,Up,2475.931816,2470.277713,2475.366406,2011-08-16 20:18:00,N/A,False
2011-08-17 00:00:00,2011-08-17 01:00:00,Up,2486.674613,2481.58592,2481.58592,2011-08-17 01:00:00,N/A,False
2011-08-17 01:00:00,2011-08-17 02:00:00,Up,2481.58592,2472.256649,2473.38747,2011-08-17 02:02:00,2011-08-17 02:42:00,True
2011-08-17 06:00:00,2011-08-17 07:00:00,Up,2490.632485,2484.695676,2488.370844,2011-08-17 07:16:00,N/A,False
2011-08-17 09:00:00,2011-08-17 10:00:00,Up,2501.375281,2478.476163,2478.758868,2011-08-17 10:01:00,2011-08-17 10:20:00,True
2011-08-17 10:00:00,2011-08-17 11:00:00,Up,2485.543792,2458.404096,2462.644674,2011-08-17 11:07:00,2011-08-17 11:31:00,True
2011-08-17 18:00:00,2011-08-17 19:00:00,Up,2453.032698,2449.640236,2452.749993,2011-08-17 19:03:00,N/A,False
2011-08-17 19:00:00,2011-08-17 20:00:00,Up,2452.749993,2441.441786,2443.420723,2011-08-17 20:15:00,2011-08-17 20:20:00,True
2011-08-17 22:01:00,2011-08-17 23:01:00,Up,2445.965069,2441.724492,2442.289902,2011-08-17 23:07:00,N/A,False
2011-08-18 00:00:00,2011-08-18 01:00:00,Up,2443.703428,2436.070388,2440.310966,2011-08-18 01:02:00,2011-08-18 01:21:00,True
2011-08-18 01:00:00,2011-08-18 02:00:00,Up,2441.441786,2432.112516,2434.656863,2011-08-18 02:05:00,2011-08-18 02:20:00,True
2011-08-18 03:00:00,2011-08-18 04:00:00,Up,2430.13358,2415.432911,2417.694553,2011-08-18 04:08:00,N/A,False
2011-08-18 07:00:00,2011-08-18 08:00:00,Up,2412.323155,2399.884128,2404.124705,2011-08-18 08:11:00,N/A,False
2011-08-18 08:00:00,2011-08-18 09:00:00,Up,2408.082577,2365.959508,2367.090329,2011-08-18 09:00:00,N/A,False
2011-08-18 11:00:00,2011-08-18 12:00:00,Up,2375.288778,2357.195648,2362.001636,2011-08-18 12:06:00,N/A,False
2011-08-18 13:00:00,2011-08-18 14:00:00,Up,2356.912943,2332.883004,2333.165709,2011-08-18 14:00:00,2011-08-18 14:21:00,True
2011-08-18 18:00:00,2011-08-18 19:00:00,Up,2358.043763,2343.908505,2344.756621,2011-08-18 19:05:00,2011-08-18 19:20:00,True
2011-08-18 19:00:00,2011-08-18 20:00:00,Up,2349.279903,2343.343095,2344.19121,2011-08-18 20:01:00,N/A,False
2011-08-19 07:00:00,2011-08-19 08:00:00,Up,2347.018262,2325.53267,2326.380785,2011-08-19 08:02:00,2011-08-19 08:31:00,True
2011-08-19 09:00:00,2011-08-19 10:00:00,Up,2376.985009,2345.604736,2356.912943,2011-08-19 10:10:00,N/A,False
2011-08-19 11:00:00,2011-08-19 12:00:00,Up,2355.499417,2341.081454,2345.039326,2011-08-19 12:01:00,2011-08-19 12:20:00,True
2011-08-19 12:00:00,2011-08-19 13:00:00,Up,2348.997198,2327.228901,2331.469478,2011-08-19 13:05:00,N/A,False
2011-08-19 13:00:00,2011-08-19 14:00:00,Up,2334.579235,2309.983886,2313.093643,2011-08-19 14:01:00,2011-08-19 14:23:00,True
2011-08-21 21:00:00,2011-08-21 22:00:00,Up,2326.66349,2313.659053,2313.659053,2011-08-21 22:00:00,N/A,False
2011-08-22 04:00:00,2011-08-22 05:00:00,Up,2338.537107,2330.055952,2330.338657,2011-08-22 05:00:00,2011-08-22 05:20:00,True
2011-08-22 08:00:00,2011-08-22 09:00:00,Up,2358.326469,2335.992761,2338.254402,2011-08-22 09:05:00,2011-08-22 09:20:00,True
2011-08-22 09:00:00,2011-08-22 10:00:00,Up,2349.845314,2324.684554,2325.249965,2011-08-22 10:00:00,N/A,False
2011-08-22 13:00:00,2011-08-22 14:00:00,Up,2328.925132,2306.874129,2307.722244,2011-08-22 14:03:00,2011-08-22 14:20:00,True
2011-08-22 17:00:00,2011-08-22 18:00:00,Up,2313.093643,2310.266591,2310.549296,2011-08-22 18:08:00,N/A,False
2011-08-22 18:00:00,2011-08-22 19:00:00,Up,2311.114706,2306.874129,2308.853065,2011-08-22 19:07:00,2011-08-22 19:27:00,True
2011-08-23 03:00:00,2011-08-23 04:00:00,Up,2354.085891,2343.06039,2344.473916,2011-08-23 04:00:00,2011-08-23 04:25:00,True
2011-08-23 06:00:00,2011-08-23 07:00:00,Up,2347.583672,2330.621363,2331.752183,2011-08-23 07:01:00,2011-08-23 07:20:00,True
2011-08-23 17:00:00,2011-08-23 18:00:00,Up,2404.40741,2396.20896,2397.339781,2011-08-23 18:05:00,N/A,False
2011-08-23 18:00:00,2011-08-23 19:00:00,Up,2397.339781,2393.947319,2395.07814,2011-08-23 19:00:00,N/A,False
2011-08-23 19:00:00,2011-08-23 20:00:00,Up,2395.64355,2388.575921,2389.424037,2011-08-23 20:00:00,2011-08-23 20:20:00,True
2011-08-23 20:00:00,2011-08-23 21:00:00,Up,2394.512729,2383.204523,2385.466164,2011-08-23 21:09:00,2011-08-23 21:31:00,True
2011-08-24 01:00:00,2011-08-24 02:00:00,Up,2386.31428,2379.246651,2383.769933,2011-08-24 02:07:00,2011-08-24 02:34:00,True
2011-08-24 09:00:00,2011-08-24 10:00:00,Up,2426.458413,2393.664614,2393.947319,2011-08-24 10:00:00,2011-08-24 10:20:00,True
2011-08-24 10:00:00,2011-08-24 11:00:00,Up,2402.711179,2386.87969,2390.272152,2011-08-24 11:00:00,2011-08-24 11:37:00,True
2011-08-24 16:00:00,2011-08-24 17:00:00,Up,2421.087015,2415.998322,2417.977258,2011-08-24 17:03:00,N/A,False
2011-08-24 19:00:00,2011-08-24 20:00:00,Up,2402.711179,2395.07814,2398.753307,2011-08-24 20:09:00,2011-08-24 20:24:00,True
2011-08-25 03:00:00,2011-08-25 04:00:00,Up,2415.150206,2406.669051,2407.234462,2011-08-25 04:02:00,N/A,False
2011-08-25 07:00:00,2011-08-25 08:00:00,Up,2418.259963,2406.669051,2407.517167,2011-08-25 08:00:00,2011-08-25 08:20:00,True
2011-08-25 08:00:00,2011-08-25 09:00:00,Up,2433.526042,2405.255526,2417.129142,2011-08-25 09:02:00,N/A,False
2011-08-25 13:00:00,2011-08-25 14:00:00,Up,2399.318717,2382.356407,2382.356407,2011-08-25 14:00:00,2011-08-25 14:20:00,True
2011-08-26 01:00:00,2011-08-26 02:00:00,Up,2405.820936,2397.057076,2400.449538,2011-08-26 02:06:00,N/A,False
2011-08-26 04:00:00,2011-08-26 05:00:00,Up,2395.926255,2387.162395,2387.4451,2011-08-26 05:13:00,2011-08-26 05:20:00,True
2011-08-26 05:00:00,2011-08-26 06:00:00,Up,2392.816498,2385.466164,2391.402973,2011-08-26 06:19:00,N/A,False
2011-08-26 06:00:00,2011-08-26 07:00:00,Up,2391.402973,2379.246651,2384.335344,2011-08-26 07:08:00,2011-08-26 07:20:00,True
2011-08-26 08:00:00,2011-08-26 09:00:00,Up,2387.4451,2367.373034,2377.833125,2011-08-26 09:00:00,2011-08-26 09:20:00,True
2011-08-26 13:00:00,2011-08-26 14:00:00,Up,2452.749993,2435.787683,2444.834248,2011-08-26 14:10:00,N/A,False
2011-08-29 02:00:00,2011-08-29 03:00:00,Up,2472.256649,2466.602546,2468.581482,2011-08-29 03:14:00,2011-08-29 03:20:00,True
2011-08-29 06:00:00,2011-08-29 07:00:00,Up,2474.235585,2467.450661,2468.016072,2011-08-29 07:02:00,2011-08-29 07:20:00,True
2011-08-29 18:00:00,2011-08-29 19:01:00,Up,2510.421846,2509.00832,2509.573731,2011-08-29 19:09:00,2011-08-29 19:21:00,True
2011-08-30 00:00:00,2011-08-30 01:00:00,Up,2513.248898,2509.291026,2510.139141,2011-08-30 01:03:00,N/A,False
2011-08-30 01:00:00,2011-08-30 02:00:00,Up,2511.269962,2502.788807,2505.333153,2011-08-30 02:16:00,2011-08-30 02:30:00,True
2011-08-30 03:00:00,2011-08-30 04:00:00,Up,2506.463974,2501.092576,2502.506102,2011-08-30 04:12:00,N/A,False
2011-08-30 06:00:00,2011-08-30 07:00:00,Up,2507.312089,2500.527166,2501.657986,2011-08-30 07:01:00,N/A,False
2011-08-30 08:00:00,2011-08-30 09:00:00,Up,2515.227834,2492.894126,2503.636922,2011-08-30 09:04:00,2011-08-30 09:27:00,True
2011-08-30 11:00:00,2011-08-30 12:00:00,Up,2532.755554,2511.269962,2514.379718,2011-08-30 12:03:00,2011-08-30 12:20:00,True
2011-08-31 06:00:00,2011-08-31 07:00:00,Up,2542.36753,2537.561542,2539.823183,2011-08-31 07:07:00,2011-08-31 07:20:00,True
2011-08-31 09:00:00,2011-08-31 10:00:00,Up,2564.983943,2550.565979,2552.26221,2011-08-31 10:02:00,N/A,False
2011-08-31 10:00:00,2011-08-31 11:00:00,Up,2555.371967,2530.776618,2530.776618,2011-08-31 11:00:00,2011-08-31 11:20:00,True
2011-08-31 12:00:00,2011-08-31 13:00:00,Up,2550.000569,2528.514977,2529.080387,2011-08-31 13:03:00,2011-08-31 13:21:00,True
2011-08-31 13:00:00,2011-08-31 14:00:00,Up,2531.624733,2513.814308,2520.599232,2011-08-31 14:17:00,2011-08-31 14:24:00,True
2011-08-31 18:00:00,2011-08-31 19:00:00,Up,2538.409657,2536.148016,2536.430721,2011-08-31 19:04:00,2011-08-31 19:20:00,True
2011-09-01 02:00:00,2011-09-01 03:00:00,Up,2552.26221,2530.776618,2533.320964,2011-09-01 03:02:00,2011-09-01 03:20:00,True
2011-09-01 03:00:00,2011-09-01 04:00:00,Up,2534.73449,2527.384156,2528.797682,2011-09-01 04:05:00,2011-09-01 04:52:00,True
2011-09-01 09:00:00,2011-09-01 10:00:00,Up,2559.89525,2534.73449,2535.299901,2011-09-01 10:00:00,2011-09-01 10:20:00,True
2011-09-01 11:00:00,2011-09-01 12:00:00,Up,2540.671299,2525.687925,2526.53604,2011-09-01 12:00:00,2011-09-01 12:20:00,True
2011-09-01 12:00:00,2011-09-01 13:00:00,Up,2527.949566,2511.269962,2513.531603,2011-09-01 13:00:00,2011-09-01 13:30:00,True
2011-09-01 18:00:00,2011-09-01 19:00:00,Up,2509.856436,2505.333153,2505.898564,2011-09-01 19:04:00,2011-09-01 19:20:00,True
2011-09-01 20:00:00,2011-09-01 21:00:00,Up,2512.400782,2509.00832,2509.291026,2011-09-01 21:02:00,N/A,False
2011-09-02 00:00:00,2011-09-02 01:00:00,Up,2501.940691,2497.417409,2498.830935,2011-09-02 01:01:00,2011-09-02 01:21:00,True
2011-09-02 02:00:00,2011-09-02 03:00:00,Up,2507.312089,2492.328716,2494.307652,2011-09-02 03:14:00,N/A,False
2011-09-02 03:00:00,2011-09-02 04:00:00,Up,2495.438473,2486.109202,2488.936254,2011-09-02 04:03:00,2011-09-02 04:23:00,True
2011-09-02 04:00:00,2011-09-02 05:00:00,Up,2492.046011,2484.695676,2489.218959,2011-09-02 05:11:00,N/A,False
2011-09-02 11:00:00,2011-09-02 12:00:00,Up,2470.560418,2464.340905,2466.037136,2011-09-02 12:00:00,N/A,False
2011-09-02 12:00:00,2011-09-02 13:00:00,Up,2467.167956,2451.901877,2454.446224,2011-09-02 13:06:00,N/A,False
2011-09-02 13:00:00,2011-09-02 14:00:00,Up,2456.142455,2439.745555,2442.572607,2011-09-02 14:04:00,2011-09-02 14:20:00,True
2011-09-04 19:00:00,2011-09-04 20:00:00,Up,2442.007197,2433.808747,2434.656863,2011-09-04 20:03:00,2011-09-04 20:30:00,True
2011-09-04 23:00:00,2011-09-05 00:03:00,Up,2437.766619,2432.960632,2433.526042,2011-09-05 00:17:00,N/A,False
2011-09-05 00:03:00,2011-09-05 01:03:00,Up,2434.374157,2427.589233,2430.69899,2011-09-05 01:11:00,N/A,False
2011-09-05 01:00:00,2011-09-05 02:00:00,Up,2432.960632,2423.348656,2426.458413,2011-09-05 02:17:00,2011-09-05 02:26:00,True
2011-09-05 03:00:00,2011-09-05 04:00:00,Up,2431.829811,2421.652425,2422.500541,2011-09-05 04:00:00,N/A,False
2011-09-05 05:00:00,2011-09-05 06:00:00,Up,2419.390784,2410.909629,2413.17127,2011-09-05 06:05:00,N/A,False
2011-09-05 06:00:00,2011-09-05 07:00:00,Up,2413.17127,2409.496103,2411.475039,2011-09-05 07:16:00,2011-09-05 07:37:00,True
2011-09-05 08:00:00,2011-09-05 09:00:00,Up,2414.867501,2389.706742,2393.381909,2011-09-05 09:07:00,2011-09-05 09:30:00,True
2011-09-05 22:00:00,2011-09-05 23:00:00,Up,2401.863064,2397.622486,2399.036012,2011-09-05 23:01:00,N/A,False
2011-09-06 04:00:00,2011-09-06 05:00:00,Up,2429.002759,2417.411848,2421.93513,2011-09-06 05:03:00,2011-09-06 05:20:00,True
2011-09-06 05:00:00,2011-09-06 06:00:00,Up,2427.306528,2415.998322,2422.217835,2011-09-06 06:12:00,N/A,False
2011-09-06 07:00:00,2011-09-06 08:00:00,Up,2410.626924,2398.470602,2400.166833,2011-09-06 08:17:00,2011-09-06 08:32:00,True
2011-09-06 13:00:00,2011-09-06 14:00:00,Up,2445.682364,2427.871939,2432.677926,2011-09-06 14:04:00,2011-09-06 14:38:00,True
2011-09-07 06:00:00,2011-09-07 07:00:00,Up,2477.910752,2470.560418,2471.973944,2011-09-07 07:07:00,2011-09-07 07:20:00,True
2011-09-07 18:00:00,2011-09-07 19:00:00,Up,2520.316527,2518.054886,2520.033822,2011-09-07 19:06:00,N/A,False
2011-09-07 20:00:00,2011-09-07 21:00:00,Up,2516.075949,2510.139141,2512.118077,2011-09-07 21:13:00,N/A,False
2011-09-07 21:00:00,2011-09-07 22:01:00,Up,2514.662424,2508.160205,2508.725615,2011-09-07 22:10:00,N/A,False
2011-09-07 23:00:00,2011-09-08 00:00:00,Up,2512.966193,2506.746679,2509.291026,2011-09-08 00:05:00,N/A,False
2011-09-08 06:00:00,2011-09-08 07:00:00,Up,2522.295463,2507.594795,2509.291026,2011-09-08 07:16:00,N/A,False
2011-09-08 10:00:00,2011-09-08 11:00:00,Up,2537.561542,2514.662424,2516.64136,2011-09-08 11:00:00,2011-09-08 11:20:00,True
2011-09-08 13:00:00,2011-09-08 14:00:00,Up,2513.531603,2499.396345,2507.594795,2011-09-08 14:05:00,2011-09-08 14:29:00,True
2011-09-08 21:00:00,2011-09-08 22:00:00,Up,2519.185706,2514.379718,2517.489475,2011-09-08 22:06:00,N/A,False
2011-09-08 23:00:00,2011-09-09 00:01:00,Up,2514.945129,2507.8775,2510.704551,2011-09-09 00:13:00,N/A,False
2011-09-09 00:01:00,2011-09-09 01:01:00,Up,2510.704551,2502.771836,2502.771836,2011-09-09 01:09:00,2011-09-09 01:38:00,True
2011-09-09 02:00:00,2011-09-09 03:00:00,Up,2516.087466,2503.621769,2504.755015,2011-09-09 03:00:00,N/A,False
2011-09-09 04:00:00,2011-09-09 05:00:00,Up,2502.488524,2492.57263,2493.422563,2011-09-09 05:00:00,2011-09-09 05:20:00,True
2011-09-09 05:00:00,2011-09-09 06:00:00,Up,2504.471703,2491.156073,2491.156073,2011-09-09 06:00:00,2011-09-09 06:20:00,True
2011-09-09 07:00:00,2011-09-09 08:00:00,Up,2505.321637,2493.422563,2497.955544,2011-09-09 08:03:00,N/A,False
2011-09-09 10:00:00,2011-09-09 11:00:00,Up,2493.422563,2444.693023,2450.359249,2011-09-09 11:08:00,2011-09-09 11:23:00,True
2011-09-09 12:00:00,2011-09-09 13:00:00,Up,2460.841766,2440.726666,2443.276467,2011-09-09 13:14:00,2011-09-09 13:20:00,True
2011-09-09 13:00:00,2011-09-09 14:00:00,Up,2449.226004,2432.510638,2435.343751,2011-09-09 14:00:00,2011-09-09 14:20:00,True
2011-09-12 00:00:00,2011-09-12 01:00:00,Up,2436.476996,2430.810771,2431.660705,2011-09-12 01:00:00,2011-09-12 01:47:00,True
2011-09-12 01:00:00,2011-09-12 02:00:00,Up,2433.360572,2422.028121,2424.0113,2011-09-12 02:04:00,N/A,False
2011-09-12 02:00:00,2011-09-12 03:00:00,Up,2426.844413,2411.262293,2411.828915,2011-09-12 03:02:00,2011-09-12 03:20:00,True
2011-09-12 05:00:00,2011-09-12 06:00:00,Up,2422.594744,2411.262293,2411.828915,2011-09-12 06:01:00,2011-09-12 06:20:00,True
2011-09-12 06:00:00,2011-09-12 07:00:00,Up,2420.044942,2408.42918,2414.378717,2011-09-12 07:03:00,2011-09-12 07:34:00,True
2011-09-12 12:00:00,2011-09-12 13:00:00,Up,2444.126401,2422.028121,2430.244148,2011-09-12 13:05:00,2011-09-12 13:32:00,True
2011-09-12 18:00:00,2011-09-12 19:00:00,Up,2494.83912,2488.039649,2488.32296,2011-09-12 19:12:00,2011-09-12 19:30:00,True
2011-09-12 20:00:00,2011-09-12 21:00:00,Up,2494.83912,2488.039649,2489.739517,2011-09-12 21:02:00,N/A,False
2011-09-12 23:00:00,2011-09-13 00:00:00,Up,2491.156073,2486.339781,2488.32296,2011-09-13 00:12:00,N/A,False
2011-09-13 00:00:00,2011-09-13 01:00:00,Up,2488.32296,2483.78998,2484.923225,2011-09-13 01:00:00,2011-09-13 01:20:00,True
2011-09-13 01:00:00,2011-09-13 02:00:00,Up,2492.289318,2483.223357,2490.589451,2011-09-13 02:02:00,N/A,False
2011-09-13 02:00:00,2011-09-13 03:00:00,Up,2490.872762,2457.725342,2460.275144,2011-09-13 03:12:00,2011-09-13 03:57:00,True
2011-09-13 04:00:00,2011-09-13 05:00:00,Up,2468.491171,2454.892229,2456.875408,2011-09-13 05:14:00,2011-09-13 05:21:00,True
2011-09-13 09:00:00,2011-09-13 10:00:00,Up,2503.621769,2482.656735,2486.623093,2011-09-13 10:04:00,2011-09-13 10:38:00,True
2011-09-13 13:00:00,2011-09-13 14:00:00,Up,2515.804154,2502.488524,2506.171571,2011-09-13 14:15:00,2011-09-13 14:30:00,True
2011-09-13 21:00:00,2011-09-13 22:00:00,Up,2507.021505,2498.805478,2500.222034,2011-09-13 22:02:00,N/A,False
2011-09-13 22:00:00,2011-09-13 23:00:00,Up,2500.505345,2484.639914,2487.473027,2011-09-13 23:09:00,2011-09-13 23:31:00,True
2011-09-13 23:00:00,2011-09-14 00:00:00,Up,2489.172894,2483.506669,2487.473027,2011-09-14 00:04:00,N/A,False
2011-09-14 03:00:00,2011-09-14 04:00:00,Up,2511.837796,2498.522166,2505.321637,2011-09-14 04:04:00,2011-09-14 04:34:00,True
2011-09-14 08:00:00,2011-09-14 09:00:00,Up,2532.802831,2518.353956,2526.569983,2011-09-14 09:03:00,N/A,False
2011-09-14 16:00:00,2011-09-14 17:00:00,Up,2544.418594,2539.602302,2541.302169,2011-09-14 17:05:00,2011-09-14 17:35:00,True
2011-09-15 06:00:00,2011-09-15 07:00:00,Up,2570.483231,2563.967072,2566.516873,2011-09-15 07:03:00,N/A,False
2011-09-15 09:00:00,2011-09-15 10:00:00,Up,2577.282702,2551.218064,2554.051177,2011-09-15 10:00:00,2011-09-15 10:20:00,True
2011-09-15 18:00:00,2011-09-15 19:00:00,Up,2590.598332,2586.631974,2586.915285,2011-09-15 19:00:00,N/A,False
2011-09-16 00:00:00,2011-09-16 01:00:00,Up,2591.448266,2587.481908,2589.465087,2011-09-16 01:01:00,N/A,False
2011-09-16 01:00:00,2011-09-16 02:00:00,Up,2590.598332,2584.082173,2587.198597,2011-09-16 02:05:00,N/A,False
2011-09-16 02:00:00,2011-09-16 03:00:00,Up,2588.04853,2577.566013,2578.415947,2011-09-16 03:01:00,N/A,False
2011-09-16 06:00:00,2011-09-16 07:00:00,Up,2586.631974,2577.849324,2581.815682,2011-09-16 07:10:00,2011-09-16 07:36:00,True
2011-09-18 19:00:00,2011-09-18 20:00:00,Up,2588.04853,2583.232239,2583.51555,2011-09-18 20:00:00,2011-09-18 20:21:00,True
2011-09-18 20:00:00,2011-09-18 21:00:00,Up,2584.648795,2576.999391,2579.549192,2011-09-18 21:13:00,2011-09-18 21:35:00,True
2011-09-19 02:00:00,2011-09-19 03:00:00,Up,2582.665616,2567.93343,2568.216741,2011-09-19 03:00:00,2011-09-19 03:20:00,True
2011-09-19 06:00:00,2011-09-19 07:00:00,Up,2580.965748,2575.582834,2577.282702,2011-09-19 07:07:00,2011-09-19 07:28:00,True
2011-09-19 07:00:00,2011-09-19 08:00:00,Up,2578.415947,2573.316344,2574.166278,2011-09-19 08:00:00,2011-09-19 08:29:00,True
2011-09-19 08:00:00,2011-09-19 09:00:00,Up,2577.849324,2554.901111,2555.751045,2011-09-19 09:00:00,2011-09-19 09:20:00,True
2011-09-19 11:00:00,2011-09-19 12:00:00,Up,2596.83118,2580.115815,2582.382305,2011-09-19 12:02:00,2011-09-19 12:22:00,True
2011-09-19 17:00:00,2011-09-19 18:00:00,Up,2608.730254,2592.2982,2592.2982,2011-09-19 18:00:00,2011-09-19 18:20:00,True
2011-09-19 20:00:00,2011-09-19 21:00:00,Up,2606.463764,2597.964425,2599.380982,2011-09-19 21:01:00,N/A,False
2011-09-20 07:00:00,2011-09-20 08:00:00,Up,2635.644825,2624.878997,2629.695288,2011-09-20 08:03:00,N/A,False
2011-09-20 13:00:00,2011-09-20 14:00:00,Up,2638.477938,2615.529724,2618.362837,2011-09-20 14:03:00,N/A,False
2011-09-20 16:00:00,2011-09-20 17:00:00,Up,2607.88032,2603.347339,2605.330518,2011-09-20 17:17:00,N/A,False
2011-09-20 19:00:00,2011-09-20 20:00:00,Up,2611.563367,2605.897141,2609.580188,2011-09-20 20:07:00,N/A,False
2011-09-20 23:00:00,2011-09-21 00:01:00,Up,2613.546546,2610.996744,2610.996744,2011-09-21 00:04:00,N/A,False
2011-09-21 01:00:00,2011-09-21 02:00:00,Up,2614.963102,2606.747075,2612.696612,2011-09-21 02:05:00,2011-09-21 02:43:00,True
2011-09-21 05:00:00,2011-09-21 06:00:00,Up,2609.296876,2604.197273,2605.897141,2011-09-21 06:07:00,N/A,False
2011-09-21 06:00:00,2011-09-21 07:00:00,Up,2608.446943,2589.181776,2592.014888,2011-09-21 07:06:00,2011-09-21 07:20:00,True
2011-09-21 12:00:00,2011-09-21 13:00:00,Up,2614.396479,2607.030386,2607.88032,2011-09-21 13:00:00,2011-09-21 13:20:00,True
2011-09-21 16:00:00,2011-09-21 17:00:00,Up,2546.968395,2544.701905,2546.685084,2011-09-21 17:00:00,N/A,False
2011-09-21 19:00:00,2011-09-21 20:00:00,Up,2546.968395,2543.285348,2544.135282,2011-09-21 20:00:00,2011-09-21 20:20:00,True
2011-09-21 21:00:00,2011-09-21 22:00:00,Up,2549.234885,2529.686407,2530.25303,2011-09-21 22:02:00,2011-09-21 22:53:00,True
2011-09-22 01:00:00,2011-09-22 02:00:00,Up,2537.0525,2522.037003,2526.286672,2011-09-22 02:04:00,2011-09-22 02:20:00,True
2011-09-22 02:00:00,2011-09-22 03:00:00,Up,2533.936076,2516.087466,2517.504022,2011-09-22 03:01:00,2011-09-22 03:20:00,True
2011-09-22 03:00:00,2011-09-22 04:00:00,Up,2519.770512,2507.304816,2510.137929,2011-09-22 04:05:00,N/A,False
2011-09-22 04:00:00,2011-09-22 05:00:00,Up,2510.704551,2500.505345,2502.205213,2011-09-22 05:10:00,2011-09-22 05:20:00,True
2011-09-22 05:00:00,2011-09-22 06:00:00,Up,2505.604948,2478.690377,2482.656735,2011-09-22 06:09:00,2011-09-22 06:23:00,True
2011-09-22 10:00:00,2011-09-22 11:00:00,Up,2495.405742,2476.707198,2477.27382,2011-09-22 11:01:00,2011-09-22 11:28:00,True
2011-09-22 12:00:00,2011-09-22 13:00:00,Up,2488.606272,2442.709844,2443.276467,2011-09-22 13:01:00,2011-09-22 13:20:00,True
2011-09-22 17:00:00,2011-09-22 18:00:00,Up,2479.256999,2473.590774,2473.874085,2011-09-22 18:17:00,2011-09-22 18:44:00,True
2011-09-22 20:00:00,2011-09-22 21:00:00,Up,2486.906404,2473.590774,2475.857264,2011-09-22 21:07:00,2011-09-22 21:20:00,True
2011-09-23 00:00:00,2011-09-23 01:00:00,Up,2486.05647,2474.157396,2476.990509,2011-09-23 01:12:00,2011-09-23 01:26:00,True
2011-09-23 04:00:00,2011-09-23 05:00:00,Up,2482.656735,2464.241502,2467.641237,2011-09-23 05:06:00,N/A,False
2011-09-23 06:00:00,2011-09-23 07:00:00,Up,2448.37607,2423.727989,2426.844413,2011-09-23 07:02:00,2011-09-23 07:20:00,True
2011-09-25 18:00:00,2011-09-25 19:00:00,Up,2522.037003,2514.104287,2519.487201,2011-09-25 19:11:00,N/A,False
2011-09-25 19:00:00,2011-09-25 20:00:00,Up,2521.47038,2499.938723,2503.338458,2011-09-25 20:11:00,2011-09-25 20:44:00,True
2011-09-25 23:00:00,2011-09-26 00:00:00,Up,2496.822299,2488.889583,2489.456205,2011-09-26 00:00:00,N/A,False
2011-09-26 00:00:00,2011-09-26 01:00:00,Up,2490.306139,2475.00733,2475.290642,2011-09-26 01:00:00,N/A,False
2011-09-26 04:00:00,2011-09-26 05:00:00,Up,2514.387598,2504.471703,2507.588127,2011-09-26 05:13:00,2011-09-26 05:21:00,True
2011-09-26 06:00:00,2011-09-26 07:00:00,Up,2529.969718,2514.387598,2518.353956,2011-09-26 07:13:00,2011-09-26 07:24:00,True
2011-09-26 07:00:00,2011-09-26 08:00:00,Up,2522.037003,2510.987863,2516.087466,2011-09-26 08:08:00,N/A,False
2011-09-26 08:00:00,2011-09-26 09:00:00,Up,2520.620446,2475.573953,2476.707198,2011-09-26 09:00:00,2011-09-26 09:57:00,True
2011-09-26 11:00:00,2011-09-26 12:00:00,Up,2504.755015,2475.00733,2480.106933,2011-09-26 12:00:00,N/A,False
2011-09-26 18:00:00,2011-09-26 19:00:00,Up,2522.603625,2518.070645,2518.070645,2011-09-26 19:19:00,2011-09-26 19:22:00,True
2011-09-26 22:00:00,2011-09-26 23:00:00,Up,2537.902434,2529.403096,2529.686407,2011-09-26 23:04:00,N/A,False
2011-09-27 01:00:00,2011-09-27 02:00:00,Up,2543.851971,2535.352633,2539.035679,2011-09-27 02:01:00,2011-09-27 02:24:00,True
2011-09-27 13:00:00,2011-09-27 14:00:00,Up,2589.748398,2573.882967,2575.582834,2011-09-27 14:00:00,N/A,False
2011-09-27 18:00:00,2011-09-27 19:00:00,Up,2553.484554,2547.818329,2549.234885,2011-09-27 19:01:00,2011-09-27 19:31:00,True
2011-09-27 19:00:00,2011-09-27 20:00:00,Up,2550.651442,2540.735547,2542.435415,2011-09-27 20:13:00,2011-09-27 20:27:00,True
2011-09-28 06:00:00,2011-09-28 07:00:00,Up,2573.316344,2565.100317,2565.950251,2011-09-28 07:01:00,2011-09-28 07:28:00,True
2011-09-28 08:00:00,2011-09-28 09:00:00,Up,2578.98257,2556.600979,2570.766542,2011-09-28 09:16:00,N/A,False
2011-09-28 09:00:00,2011-09-28 10:00:00,Up,2571.333165,2544.985216,2554.051177,2011-09-28 10:11:00,2011-09-28 10:37:00,True
2011-09-28 11:00:00,2011-09-28 12:00:00,Up,2564.533694,2547.535018,2556.317667,2011-09-28 12:10:00,N/A,False
2011-09-28 12:00:00,2011-09-28 13:00:00,Up,2556.317667,2528.553162,2530.536341,2011-09-28 13:01:00,2011-09-28 13:20:00,True
2011-09-28 16:00:00,2011-09-28 17:00:00,Up,2512.404419,2510.704551,2510.987863,2011-09-28 17:00:00,2011-09-28 17:35:00,True
2011-09-29 01:00:00,2011-09-29 02:00:00,Up,2535.919255,2528.553162,2529.686407,2011-09-29 02:01:00,2011-09-29 02:20:00,True
2011-09-29 05:00:00,2011-09-29 06:00:00,Up,2548.384951,2531.952897,2533.086142,2011-09-29 06:00:00,2011-09-29 06:48:00,True
2011-09-29 08:00:00,2011-09-29 09:00:00,Up,2560.850648,2537.0525,2539.602302,2011-09-29 09:01:00,N/A,False
2011-09-29 12:00:00,2011-09-29 13:00:00,Up,2503.621769,2460.275144,2468.491171,2011-09-29 13:04:00,N/A,False
2011-09-29 17:00:00,2011-09-29 18:00:00,Up,2491.439384,2486.906404,2487.473027,2011-09-29 18:02:00,N/A,False
2011-09-29 18:00:00,2011-09-29 19:00:00,Up,2487.473027,2484.923225,2485.489848,2011-09-29 19:01:00,2011-09-29 19:25:00,True
2011-09-29 19:00:00,2011-09-29 20:00:00,Up,2487.756338,2478.690377,2479.823622,2011-09-29 20:13:00,2011-09-29 20:20:00,True
2011-09-29 20:00:00,2011-09-29 21:00:00,Up,2483.506669,2476.990509,2476.990509,2011-09-29 21:00:00,2011-09-29 21:36:00,True
2011-09-29 21:00:00,2011-09-29 22:00:00,Up,2479.256999,2471.324284,2473.874085,2011-09-29 22:04:00,N/A,False
2011-09-29 22:00:00,2011-09-29 23:00:00,Up,2473.874085,2466.507992,2467.924548,2011-09-29 23:03:00,2011-09-29 23:20:00,True
2011-09-30 00:00:00,2011-09-30 01:00:00,Up,2482.940046,2472.74084,2479.823622,2011-09-30 01:16:00,N/A,False
2011-09-30 01:00:00,2011-09-30 02:00:00,Up,2479.823622,2469.057793,2472.174217,2011-09-30 02:03:00,2011-09-30 02:27:00,True
2011-09-30 02:00:00,2011-09-30 03:00:00,Up,2480.956867,2465.091436,2469.624416,2011-09-30 03:09:00,2011-09-30 03:20:00,True
2011-09-30 03:00:00,2011-09-30 04:00:00,Up,2472.74084,2463.95819,2470.757661,2011-09-30 04:09:00,N/A,False
2011-09-30 07:00:00,2011-09-30 08:00:00,Up,2464.524813,2452.909051,2453.475673,2011-09-30 08:02:00,2011-09-30 08:20:00,True
2011-09-30 11:00:00,2011-09-30 12:00:00,Up,2464.241502,2448.37607,2448.659381,2011-09-30 12:00:00,2011-09-30 12:20:00,True
2011-09-30 12:00:00,2011-09-30 13:00:00,Up,2458.008654,2443.559778,2451.492494,2011-09-30 13:07:00,N/A,False
2011-10-02 20:00:00,2011-10-02 21:00:00,Up,2419.195008,2407.012623,2407.862557,2011-10-02 21:19:00,N/A,False
2011-10-02 21:00:00,2011-10-02 22:00:00,Up,2412.112226,2401.629709,2402.479643,2011-10-02 22:01:00,2011-10-02 22:20:00,True
2011-10-02 22:00:00,2011-10-02 23:00:00,Up,2403.896199,2395.680172,2396.813417,2011-10-02 23:04:00,2011-10-02 23:25:00,True
2011-10-03 00:00:00,2011-10-03 01:00:00,Up,2401.91302,2393.413682,2393.980305,2011-10-03 01:00:00,2011-10-03 01:47:00,True
2011-10-03 07:00:00,2011-10-03 08:00:00,Up,2411.262293,2394.263616,2395.396861,2011-10-03 08:03:00,2011-10-03 08:20:00,True
2011-10-03 11:00:00,2011-10-03 12:00:00,Up,2417.495141,2385.480966,2387.747456,2011-10-03 12:01:00,N/A,False
2011-10-03 21:00:00,2011-10-03 22:01:00,Up,2349.500434,2343.550897,2348.6505,2011-10-03 22:19:00,N/A,False
2011-10-04 01:00:00,2011-10-04 02:00:00,Up,2353.750103,2348.6505,2350.067056,2011-10-04 02:00:00,N/A,False
2011-10-04 02:00:00,2011-10-04 03:00:00,Up,2350.633679,2324.569041,2324.569041,2011-10-04 03:00:00,2011-10-04 03:20:00,True
2011-10-04 06:00:00,2011-10-04 07:00:00,Up,2333.635002,2315.786392,2318.052882,2011-10-04 07:04:00,2011-10-04 07:24:00,True
2011-10-04 08:00:00,2011-10-04 09:00:00,Up,2341.284407,2316.636325,2326.268909,2011-10-04 09:05:00,2011-10-04 09:20:00,True
2011-10-04 11:00:00,2011-10-04 12:00:00,Up,2390.580569,2368.765601,2370.465468,2011-10-04 12:03:00,N/A,False
2011-10-04 12:00:00,2011-10-04 13:00:00,Up,2375.565071,2345.250765,2346.38401,2011-10-04 13:06:00,2011-10-04 13:33:00,True
2011-10-04 13:00:00,2011-10-04 14:00:00,Up,2355.166659,2320.319372,2322.302551,2011-10-04 14:06:00,2011-10-04 14:21:00,True
2011-10-04 18:00:00,2011-10-04 19:00:00,Up,2408.42918,2402.479643,2402.762954,2011-10-04 19:00:00,N/A,False
2011-10-04 19:00:00,2011-10-04 20:00:00,Up,2403.329577,2390.580569,2397.096729,2011-10-04 20:09:00,2011-10-04 20:23:00,True
2011-10-04 20:00:00,2011-10-04 21:00:00,Up,2398.796596,2387.747456,2390.013947,2011-10-04 21:19:00,2011-10-04 21:44:00,True
2011-10-04 23:00:00,2011-10-05 00:00:00,Up,2397.663351,2391.713814,2392.563748,2011-10-05 00:01:00,2011-10-05 00:51:00,True
2011-10-05 06:00:00,2011-10-05 07:00:00,Up,2411.828915,2401.063087,2401.91302,2011-10-05 07:11:00,2011-10-05 07:20:00,True
2011-10-05 13:00:00,2011-10-05 14:00:00,Up,2467.641237,2449.792626,2461.408389,2011-10-05 14:09:00,2011-10-05 14:32:00,True
2011-10-05 17:00:00,2011-10-05 18:00:00,Up,2461.6917,2450.64256,2450.925872,2011-10-05 18:01:00,2011-10-05 18:20:00,True
2011-10-05 18:00:00,2011-10-05 19:00:00,Up,2457.442031,2440.160043,2440.726666,2011-10-05 19:00:00,2011-10-05 19:48:00,True
2011-10-06 07:00:00,2011-10-06 08:00:00,Up,2481.52349,2461.408389,2471.040972,2011-10-06 08:09:00,2011-10-06 08:34:00,True
2011-10-06 11:00:00,2011-10-06 12:00:00,Up,2502.205213,2489.172894,2489.456205,2011-10-06 12:00:00,2011-10-06 12:20:00,True
2011-10-06 17:00:00,2011-10-06 18:00:00,Up,2502.771836,2499.088789,2500.788657,2011-10-06 18:14:00,2011-10-06 18:27:00,True
2011-10-06 19:00:00,2011-10-06 20:00:00,Up,2501.355279,2495.689054,2496.538987,2011-10-06 20:01:00,2011-10-06 20:46:00,True
2011-10-07 01:00:00,2011-10-07 02:00:00,Up,2505.038326,2495.689054,2499.938723,2011-10-07 02:15:00,2011-10-07 02:21:00,True
2011-10-07 03:00:00,2011-10-07 04:00:00,Up,2505.88826,2489.172894,2490.022828,2011-10-07 04:16:00,2011-10-07 04:26:00,True
2011-10-07 09:00:00,2011-10-07 10:00:00,Up,2510.137929,2492.855941,2494.555808,2011-10-07 10:00:00,2011-10-07 10:47:00,True
2011-10-09 20:00:00,2011-10-09 21:00:00,Up,2532.802831,2521.753691,2523.73687,2011-10-09 21:01:00,2011-10-09 21:41:00,True
2011-10-10 00:00:00,2011-10-10 01:00:00,Up,2528.553162,2524.020181,2524.586804,2011-10-10 01:00:00,2011-10-10 01:20:00,True
2011-10-10 01:00:00,2011-10-10 02:00:00,Up,2529.969718,2519.20389,2521.753691,2011-10-10 02:19:00,2011-10-10 02:39:00,True
2011-10-10 13:00:00,2011-10-10 14:00:00,Up,2569.349986,2558.584157,2558.867469,2011-10-10 14:05:00,2011-10-10 14:44:00,True
2011-10-10 18:00:00,2011-10-10 19:00:00,Up,2577.849324,2575.866145,2577.566013,2011-10-10 19:12:00,2011-10-10 19:23:00,True
2011-10-10 19:00:00,2011-10-10 20:00:00,Up,2578.415947,2574.449589,2575.866145,2011-10-10 20:03:00,2011-10-10 20:21:00,True
2011-10-11 02:00:00,2011-10-11 03:00:00,Up,2581.815682,2570.19992,2573.882967,2011-10-11 03:15:00,N/A,False
2011-10-11 06:00:00,2011-10-11 07:00:00,Up,2580.399126,2571.616476,2572.46641,2011-10-11 07:10:00,2011-10-11 07:20:00,True
2011-10-11 11:00:00,2011-10-11 12:00:00,Up,2600.514227,2585.215418,2591.164955,2011-10-11 12:12:00,2011-10-11 12:21:00,True
2011-10-11 17:00:00,2011-10-11 18:00:00,Up,2589.465087,2586.348663,2586.631974,2011-10-11 18:10:00,2011-10-11 18:20:00,True
2011-10-11 19:00:00,2011-10-11 20:00:00,Up,2586.631974,2579.549192,2580.965748,2011-10-11 20:05:00,2011-10-11 20:30:00,True
2011-10-12 01:00:00,2011-10-12 02:00:00,Up,2599.09767,2589.748398,2596.547869,2011-10-12 02:16:00,2011-10-12 02:58:00,True
2011-10-12 06:00:00,2011-10-12 07:00:00,Up,2625.162308,2616.096347,2616.66297,2011-10-12 07:04:00,2011-10-12 07:20:00,True
2011-10-12 10:00:00,2011-10-12 11:00:00,Up,2634.794891,2622.612506,2627.145487,2011-10-12 11:12:00,2011-10-12 11:20:00,True
2011-10-12 12:00:00,2011-10-12 13:00:00,Up,2638.194627,2626.295553,2627.995421,2011-10-12 13:01:00,2011-10-12 13:20:00,True
2011-10-12 18:00:00,2011-10-12 19:00:00,Up,2607.88032,2604.197273,2604.480585,2011-10-12 19:09:00,2011-10-12 19:30:00,True
2011-10-13 00:00:00,2011-10-13 01:00:00,Up,2606.747075,2599.664293,2600.797538,2011-10-13 01:11:00,2011-10-13 01:21:00,True
2011-10-13 06:00:00,2011-10-13 07:00:00,Up,2603.630651,2595.131312,2597.114491,2011-10-13 07:10:00,2011-10-13 07:20:00,True
2011-10-13 09:00:00,2011-10-13 10:00:00,Up,2617.512903,2602.780717,2604.480585,2011-10-13 10:01:00,2011-10-13 10:20:00,True
2011-10-13 11:00:00,2011-10-13 12:00:00,Up,2620.912639,2610.430121,2614.396479,2011-10-13 12:05:00,2011-10-13 12:20:00,True
2011-10-14 01:00:00,2011-10-14 02:00:00,Up,2653.210125,2646.410654,2648.393833,2011-10-14 02:00:00,N/A,False
2011-10-14 05:00:00,2011-10-14 06:00:00,Up,2659.726284,2655.476615,2657.743105,2011-10-14 06:04:00,N/A,False
2011-10-17 03:00:00,2011-10-17 04:00:00,Up,2706.755956,2700.806419,2704.489466,2011-10-17 04:19:00,N/A,False
2011-10-17 04:00:00,2011-10-17 05:00:00,Up,2705.906022,2694.29026,2694.856882,2011-10-17 05:00:00,2011-10-17 05:20:00,True
2011-10-17 05:00:00,2011-10-17 06:00:00,Up,2698.539929,2685.224299,2686.357544,2011-10-17 06:00:00,N/A,False
2011-10-17 06:00:00,2011-10-17 07:00:00,Up,2686.640855,2673.325225,2676.441649,2011-10-17 07:03:00,2011-10-17 07:28:00,True
2011-10-17 07:00:00,2011-10-17 08:00:00,Up,2677.291583,2664.259264,2666.809066,2011-10-17 08:02:00,2011-10-17 08:29:00,True
2011-10-17 10:00:00,2011-10-17 11:00:00,Up,2667.375688,2652.643502,2652.643502,2011-10-17 11:00:00,N/A,False
2011-10-17 11:00:00,2011-10-17 12:00:00,Up,2652.643502,2637.344693,2641.02774,2011-10-17 12:06:00,2011-10-17 12:20:00,True
2011-10-17 20:00:00,2011-10-17 21:00:00,Up,2639.044561,2632.528401,2632.528401,2011-10-17 21:00:00,N/A,False
2011-10-17 23:00:00,2011-10-18 00:00:00,Up,2639.044561,2635.078203,2635.644825,2011-10-18 00:11:00,2011-10-18 00:22:00,True
2011-10-18 01:00:00,2011-10-18 02:00:00,Up,2639.044561,2629.695288,2631.395156,2011-10-18 02:04:00,2011-10-18 02:55:00,True
2011-10-18 05:00:00,2011-10-18 06:00:00,Up,2643.577541,2635.361514,2641.311051,2011-10-18 06:08:00,N/A,False
2011-10-18 08:00:00,2011-10-18 09:00:00,Up,2648.110522,2615.813036,2623.745752,2011-10-18 09:02:00,2011-10-18 09:23:00,True
2011-10-18 16:00:00,2011-10-18 17:00:00,Up,2656.893171,2650.943634,2653.210125,2011-10-18 17:01:00,2011-10-18 17:21:00,True
2011-10-19 01:00:00,2011-10-19 02:00:00,Up,2657.459794,2651.793568,2654.909992,2011-10-19 02:02:00,2011-10-19 02:25:00,True
2011-10-19 08:00:00,2011-10-19 09:00:00,Up,2665.109198,2650.943634,2654.34337,2011-10-19 09:01:00,2011-10-19 09:24:00,True
2011-10-19 10:00:00,2011-10-19 11:00:00,Up,2666.242443,2653.210125,2653.493436,2011-10-19 11:00:00,2011-10-19 11:20:00,True
2011-10-19 12:00:00,2011-10-19 13:00:00,Up,2662.276085,2643.29423,2648.110522,2011-10-19 13:04:00,N/A,False
2011-10-19 13:00:00,2011-10-19 14:00:00,Up,2649.527078,2618.92946,2623.745752,2011-10-19 14:05:00,2011-10-19 14:20:00,True
2011-10-19 19:00:00,2011-10-19 20:00:00,Up,2632.24509,2629.411977,2630.828534,2011-10-19 20:02:00,N/A,False
2011-10-19 21:00:00,2011-10-19 22:00:00,Up,2629.411977,2622.895818,2624.029063,2011-10-19 22:10:00,2011-10-19 22:52:00,True
2011-10-19 23:00:00,2011-10-20 00:00:00,Up,2625.72893,2620.062705,2621.762573,2011-10-20 00:18:00,N/A,False
2011-10-20 00:00:00,2011-10-20 01:00:00,Up,2623.46244,2616.66297,2616.66297,2011-10-20 01:00:00,2011-10-20 01:20:00,True
2011-10-20 05:00:00,2011-10-20 06:00:00,Up,2643.29423,2633.944958,2640.461117,2011-10-20 06:14:00,N/A,False
2011-10-20 07:00:00,2011-10-20 08:00:00,Up,2638.477938,2630.261911,2633.378335,2011-10-20 08:05:00,N/A,False
2011-10-20 09:00:00,2011-10-20 10:00:00,Up,2621.762573,2598.247736,2598.531048,2011-10-20 10:00:00,N/A,False
2011-10-20 10:00:00,2011-10-20 11:00:00,Up,2598.814359,2580.965748,2586.065351,2011-10-20 11:09:00,2011-10-20 11:32:00,True
2011-10-20 22:00:00,2011-10-20 23:00:00,Up,2617.229592,2610.430121,2610.713433,2011-10-20 23:02:00,2011-10-20 23:20:00,True
2011-10-21 01:00:00,2011-10-21 02:00:00,Up,2617.229592,2610.430121,2612.4133,2011-10-21 02:01:00,2011-10-21 02:28:00,True
2011-10-21 10:00:00,2011-10-21 11:00:00,Up,2649.527078,2643.010918,2644.144164,2011-10-21 11:01:00,N/A,False
2011-10-21 11:00:00,2011-10-21 12:00:00,Up,2644.710786,2632.24509,2632.528401,2011-10-21 12:00:00,N/A,False
2011-10-24 01:00:00,2011-10-24 02:00:00,Up,2663.692642,2656.326549,2658.87635,2011-10-24 02:00:00,N/A,False
2011-10-24 05:00:00,2011-10-24 06:00:00,Up,2656.893171,2644.710786,2644.994097,2011-10-24 06:00:00,2011-10-24 06:20:00,True
2011-10-24 13:00:00,2011-10-24 14:00:00,Up,2703.639532,2694.29026,2699.389863,2011-10-24 14:15:00,N/A,False
2011-10-24 17:00:00,2011-10-24 18:00:00,Up,2690.040591,2684.940988,2685.790922,2011-10-24 18:13:00,2011-10-24 18:43:00,True
2011-10-25 06:00:00,2011-10-25 07:00:00,Up,2704.772777,2698.82324,2700.523108,2011-10-25 07:02:00,N/A,False
2011-10-25 07:00:00,2011-10-25 08:00:00,Up,2701.939664,2685.790922,2686.640855,2011-10-25 08:00:00,2011-10-25 08:20:00,True
2011-10-25 09:00:00,2011-10-25 10:00:00,Up,2684.374365,2666.809066,2673.891848,2011-10-25 10:05:00,N/A,False
2011-10-25 12:00:00,2011-10-25 13:00:00,Up,2673.041914,2660.576218,2663.409331,2011-10-25 13:01:00,N/A,False
2011-10-26 00:02:00,2011-10-26 01:02:00,Up,2644.994097,2640.744428,2641.02774,2011-10-26 01:04:00,2011-10-26 01:23:00,True
2011-10-26 03:00:00,2011-10-26 04:00:00,Up,2650.943634,2641.594362,2641.877673,2011-10-26 04:00:00,2011-10-26 04:20:00,True
2011-10-26 08:00:00,2011-10-26 09:00:00,Up,2663.409331,2647.82721,2652.360191,2011-10-26 09:01:00,N/A,False
2011-10-26 11:00:00,2011-10-26 12:00:00,Up,2623.179129,2610.713433,2611.846678,2011-10-26 12:00:00,2011-10-26 12:22:00,True
2011-10-26 16:00:00,2011-10-26 17:00:00,Up,2653.210125,2647.260588,2650.0937,2011-10-26 17:04:00,N/A,False
2011-10-26 17:00:00,2011-10-26 18:00:00,Up,2650.0937,2641.877673,2642.444296,2011-10-26 18:06:00,2011-10-26 18:20:00,True
2011-10-26 19:00:00,2011-10-26 20:00:00,Up,2650.943634,2643.010918,2646.977276,2011-10-26 20:15:00,2011-10-26 20:22:00,True
2011-10-27 01:00:00,2011-10-27 02:00:00,Up,2684.091054,2674.45847,2683.807743,2011-10-27 02:17:00,2011-10-27 02:48:00,True
2011-10-27 08:00:00,2011-10-27 09:00:00,Up,2707.60589,2693.157015,2693.157015,2011-10-27 09:00:00,N/A,False
2011-10-27 16:00:00,2011-10-27 17:00:00,Up,2717.238474,2714.688672,2716.671851,2011-10-27 17:00:00,N/A,False
2011-10-27 18:01:00,2011-10-27 19:01:00,Up,2720.071586,2715.255295,2718.65503,2011-10-27 19:20:00,N/A,False
2011-10-27 19:00:00,2011-10-27 20:00:00,Up,2719.221652,2714.405361,2714.971983,2011-10-27 20:04:00,N/A,False
2011-10-28 01:00:00,2011-10-28 02:00:00,Up,2710.155692,2704.206155,2704.206155,2011-10-28 02:00:00,2011-10-28 02:52:00,True
2011-10-28 10:00:00,2011-10-28 11:00:00,Up,2716.671851,2702.789598,2703.356221,2011-10-28 11:18:00,2011-10-28 11:20:00,True
2011-10-30 18:00:00,2011-10-30 19:00:00,Up,2709.305758,2703.356221,2704.489466,2011-10-30 19:03:00,2011-10-30 19:20:00,True
2011-10-30 20:00:00,2011-10-30 21:00:00,Up,2712.422182,2705.3394,2709.305758,2011-10-30 21:13:00,N/A,False
2011-10-30 22:00:00,2011-10-30 23:00:00,Up,2703.356221,2698.82324,2698.82324,2011-10-30 23:00:00,N/A,False
2011-10-30 23:00:00,2011-10-31 00:00:00,Up,2698.82324,2693.157015,2695.706816,2011-10-31 00:08:00,N/A,False
2011-10-31 03:00:00,2011-10-31 04:00:00,Up,2701.373042,2691.740458,2694.29026,2011-10-31 04:01:00,2011-10-31 04:30:00,True
2011-10-31 10:00:00,2011-10-31 11:00:00,Up,2698.82324,2687.490789,2691.173836,2011-10-31 11:17:00,N/A,False
2011-10-31 13:00:00,2011-10-31 14:00:00,Up,2698.82324,2685.224299,2692.307081,2011-10-31 14:08:00,N/A,False
2011-10-31 14:00:00,2011-10-31 15:00:00,Up,2692.590392,2670.208801,2670.775424,2011-10-31 15:00:00,N/A,False
2011-10-31 21:00:00,2011-10-31 22:00:00,Up,2665.39251,2661.426152,2661.992774,2011-10-31 22:03:00,N/A,False
2011-10-31 23:00:00,2011-11-01 00:00:00,Up,2659.726284,2653.493436,2653.493436,2011-11-01 00:04:00,2011-11-01 00:28:00,True
2011-11-01 00:00:00,2011-11-01 01:00:00,Up,2655.759926,2650.0937,2652.643502,2011-11-01 01:15:00,2011-11-01 01:28:00,True
2011-11-01 01:00:00,2011-11-01 02:00:00,Up,2654.060058,2647.260588,2647.82721,2011-11-01 02:00:00,N/A,False
2011-11-01 02:00:00,2011-11-01 03:00:00,Up,2648.110522,2633.944958,2641.594362,2011-11-01 03:07:00,N/A,False
2011-11-01 04:00:00,2011-11-01 05:00:00,Up,2637.061382,2627.428798,2627.995421,2011-11-01 05:01:00,2011-11-01 05:20:00,True
2011-11-01 10:00:00,2011-11-01 11:00:00,Up,2620.912639,2591.164955,2595.981246,2011-11-01 11:03:00,2011-11-01 11:20:00,True
2011-11-01 13:00:00,2011-11-01 14:00:00,Up,2626.012242,2607.88032,2614.963102,2011-11-01 14:02:00,2011-11-01 14:30:00,True
2011-11-01 17:00:00,2011-11-01 18:00:00,Up,2616.946281,2606.463764,2606.747075,2011-11-01 18:00:00,2011-11-01 18:48:00,True
2011-11-02 03:00:00,2011-11-02 04:00:00,Up,2640.177806,2627.145487,2631.961779,2011-11-02 04:16:00,N/A,False
2011-11-02 08:00:00,2011-11-02 09:00:00,Up,2629.9786,2611.563367,2613.829857,2011-11-02 09:03:00,2011-11-02 09:20:00,True
2011-11-02 10:00:00,2011-11-02 11:00:00,Up,2634.794891,2622.329195,2623.745752,2011-11-02 11:00:00,2011-11-02 11:40:00,True
2011-11-02 11:00:00,2011-11-02 12:00:00,Up,2626.578864,2611.563367,2612.4133,2011-11-02 12:01:00,N/A,False
2011-11-02 12:00:00,2011-11-02 13:00:00,Up,2614.113168,2601.647472,2604.197273,2011-11-02 13:01:00,2011-11-02 13:20:00,True
2011-11-02 18:00:00,2011-11-02 19:00:00,Up,2624.312374,2614.396479,2615.246413,2011-11-02 19:00:00,2011-11-02 19:38:00,True
2011-11-02 19:00:00,2011-11-02 20:00:00,Up,2616.379658,2609.863499,2612.696612,2011-11-02 20:04:00,N/A,False
2011-11-03 00:00:00,2011-11-03 01:00:00,Up,2606.463764,2601.080849,2602.780717,2011-11-03 01:08:00,N/A,False
2011-11-03 01:00:00,2011-11-03 02:00:00,Up,2602.780717,2592.581511,2592.864822,2011-11-03 02:00:00,N/A,False
2011-11-03 05:00:00,2011-11-03 06:00:00,Up,2637.628004,2619.779394,2627.995421,2011-11-03 06:10:00,2011-11-03 06:22:00,True
2011-11-03 08:00:00,2011-11-03 09:00:00,Up,2647.543899,2624.878997,2628.562043,2011-11-03 09:01:00,2011-11-03 09:20:00,True
2011-11-03 19:00:00,2011-11-03 20:00:00,Up,2678.141517,2672.758603,2673.041914,2011-11-03 20:02:00,2011-11-03 20:40:00,True
2011-11-04 02:00:00,2011-11-04 03:00:00,Up,2679.558073,2672.758603,2675.875027,2011-11-04 03:05:00,N/A,False
2011-11-04 03:00:00,2011-11-04 04:00:00,Up,2677.574894,2667.092377,2670.208801,2011-11-04 04:08:00,2011-11-04 04:20:00,True
2011-11-04 05:00:00,2011-11-04 06:00:00,Up,2678.424828,2673.891848,2676.441649,2011-11-04 06:02:00,N/A,False
2011-11-04 06:00:00,2011-11-04 07:00:00,Up,2676.441649,2657.743105,2660.292906,2011-11-04 07:00:00,2011-11-04 07:20:00,True
2011-11-04 08:00:00,2011-11-04 09:00:00,Up,2669.358867,2650.660323,2651.793568,2011-11-04 09:03:00,N/A,False
2011-11-04 13:00:00,2011-11-04 14:00:00,Up,2673.608537,2665.39251,2668.792245,2011-11-04 14:05:00,N/A,False
2011-11-07 00:00:00,2011-11-07 01:00:00,Up,2665.39251,2660.292906,2661.709463,2011-11-07 01:05:00,N/A,False
2011-11-07 01:00:00,2011-11-07 02:00:00,Up,2662.559397,2642.160985,2644.994097,2011-11-07 02:12:00,N/A,False
2011-11-07 03:00:00,2011-11-07 04:00:00,Up,2639.611183,2631.111845,2633.661646,2011-11-07 04:01:00,2011-11-07 04:21:00,True
2011-11-07 09:00:00,2011-11-07 10:00:00,Up,2674.45847,2640.744428,2642.160985,2011-11-07 10:00:00,2011-11-07 10:20:00,True
2011-11-07 17:00:00,2011-11-07 18:00:00,Up,2693.440326,2686.640855,2687.774101,2011-11-07 18:07:00,2011-11-07 18:20:00,True
2011-11-07 18:00:00,2011-11-07 19:00:00,Up,2688.907346,2685.224299,2685.790922,2011-11-07 19:01:00,2011-11-07 19:26:00,True
2011-11-07 19:00:00,2011-11-07 20:00:00,Up,2686.924167,2683.24112,2685.50761,2011-11-07 20:12:00,N/A,False
2011-11-07 23:00:00,2011-11-08 00:00:00,Up,2682.391186,2674.741782,2675.025093,2011-11-08 00:00:00,2011-11-08 00:31:00,True
2011-11-08 01:00:00,2011-11-08 02:00:00,Up,2680.408007,2671.058735,2671.908669,2011-11-08 02:00:00,2011-11-08 02:20:00,True
2011-11-08 09:00:00,2011-11-08 10:00:00,Up,2713.838738,2686.074233,2689.757279,2011-11-08 10:08:00,N/A,False
2011-11-08 16:00:00,2011-11-08 17:00:00,Up,2716.955162,2714.971983,2715.821917,2011-11-08 17:00:00,N/A,False
2011-11-08 20:00:00,2011-11-08 21:00:00,Up,2715.821917,2713.272116,2713.272116,2011-11-08 21:05:00,N/A,False
2011-11-08 22:00:00,2011-11-08 23:03:00,Up,2711.288937,2709.022446,2709.589069,2011-11-08 23:04:00,2011-11-08 23:36:00,True
2011-11-09 01:00:00,2011-11-09 02:00:00,Up,2716.105228,2702.506287,2704.489466,2011-11-09 02:04:00,N/A,False
2011-11-09 02:00:00,2011-11-09 03:00:00,Up,2706.472645,2696.55675,2699.956486,2011-11-09 03:02:00,N/A,False
2011-11-09 03:00:00,2011-11-09 04:00:00,Up,2699.956486,2668.792245,2671.058735,2011-11-09 04:08:00,N/A,False
2011-11-09 04:00:00,2011-11-09 05:00:00,Up,2675.875027,2656.043237,2662.559397,2011-11-09 05:16:00,2011-11-09 05:51:00,True
2011-11-09 12:00:00,2011-11-09 13:00:00,Up,2664.825887,2631.395156,2635.644825,2011-11-09 13:04:00,N/A,False
2011-11-09 17:00:00,2011-11-09 18:00:00,Up,2625.445619,2616.946281,2616.946281,2011-11-09 18:00:00,2011-11-09 18:46:00,True
2011-11-09 23:00:00,2011-11-10 00:00:00,Up,2628.845355,2621.762573,2624.595685,2011-11-10 00:09:00,N/A,False
2011-11-10 00:00:00,2011-11-10 01:00:00,Up,2624.595685,2612.4133,2612.4133,2011-11-10 01:03:00,2011-11-10 01:28:00,True
2011-11-10 07:00:00,2011-11-10 08:00:00,Up,2654.909992,2644.144164,2650.943634,2011-11-10 08:08:00,N/A,False
2011-11-10 08:00:00,2011-11-10 09:00:00,Up,2651.226946,2616.096347,2617.512903,2011-11-10 09:00:00,N/A,False
2011-11-10 13:00:00,2011-11-10 14:00:00,Up,2628.278732,2607.597009,2608.163631,2011-11-10 14:00:00,2011-11-10 14:20:00,True
2011-11-11 01:00:00,2011-11-11 02:00:00,Up,2626.862176,2615.529724,2616.66297,2011-11-11 02:03:00,2011-11-11 02:20:00,True
2011-11-11 05:00:00,2011-11-11 06:00:00,Up,2629.128666,2621.19595,2622.329195,2011-11-11 06:00:00,2011-11-11 06:20:00,True
2011-11-11 13:00:00,2011-11-11 14:00:00,Up,2673.891848,2662.559397,2664.542576,2011-11-11 14:06:00,2011-11-11 14:20:00,True
2011-11-13 18:00:00,2011-11-13 19:00:00,Up,2677.574894,2672.475291,2673.891848,2011-11-13 19:02:00,2011-11-13 19:20:00,True
2011-11-13 23:00:00,2011-11-14 00:00:00,Up,2673.891848,2669.358867,2669.642179,2011-11-14 00:08:00,2011-11-14 00:33:00,True
2011-11-14 01:00:00,2011-11-14 02:00:00,Up,2675.308404,2667.092377,2669.075556,2011-11-14 02:07:00,2011-11-14 02:20:00,True
2011-11-14 03:00:00,2011-11-14 04:00:00,Up,2672.758603,2654.626681,2658.026416,2011-11-14 04:06:00,2011-11-14 04:20:00,True
2011-11-14 04:00:00,2011-11-14 05:00:00,Up,2663.975953,2653.776747,2657.176482,2011-11-14 05:05:00,N/A,False
2011-11-14 10:00:00,2011-11-14 11:00:00,Up,2670.208801,2653.493436,2656.043237,2011-11-14 11:03:00,N/A,False
2011-11-14 20:00:00,2011-11-14 21:00:00,Up,2657.176482,2648.393833,2649.810389,2011-11-14 21:05:00,2011-11-14 21:20:00,True
2011-11-15 00:00:00,2011-11-15 01:00:00,Up,2650.0937,2645.56072,2647.82721,2011-11-15 01:08:00,2011-11-15 01:21:00,True
2011-11-15 02:00:00,2011-11-15 03:00:00,Up,2657.176482,2641.594362,2643.010918,2011-11-15 03:01:00,N/A,False
2011-11-15 04:00:00,2011-11-15 05:00:00,Up,2645.56072,2629.9786,2629.9786,2011-11-15 05:00:00,N/A,False
2011-11-15 17:00:00,2011-11-15 18:00:00,Up,2679.558073,2674.45847,2675.025093,2011-11-15 18:13:00,2011-11-15 18:26:00,True
2011-11-15 19:00:00,2011-11-15 20:00:00,Up,2678.70814,2670.208801,2670.208801,2011-11-15 20:00:00,N/A,False
2011-11-15 22:00:00,2011-11-15 23:00:00,Up,2661.992774,2657.459794,2659.442973,2011-11-15 23:12:00,N/A,False
2011-11-16 00:00:00,2011-11-16 01:00:00,Up,2653.776747,2649.810389,2649.810389,2011-11-16 01:00:00,2011-11-16 01:20:00,True
2011-11-16 04:00:00,2011-11-16 05:00:00,Up,2687.490789,2660.576218,2664.825887,2011-11-16 05:02:00,N/A,False
2011-11-16 10:00:00,2011-11-16 11:00:00,Up,2677.008272,2661.14284,2661.992774,2011-11-16 11:10:00,2011-11-16 11:20:00,True
2011-11-16 13:00:00,2011-11-16 14:00:00,Up,2675.308404,2664.259264,2667.375688,2011-11-16 14:11:00,N/A,False
2011-11-16 14:00:00,2011-11-16 15:00:00,Up,2669.642179,2629.695288,2633.944958,2011-11-16 15:03:00,N/A,False
2011-11-16 18:00:00,2011-11-16 19:00:00,Up,2622.612506,2614.396479,2616.096347,2011-11-16 19:00:00,2011-11-16 19:20:00,True
2011-11-16 23:00:00,2011-11-17 00:00:00,Up,2638.477938,2633.095024,2636.77807,2011-11-17 00:05:00,N/A,False
2011-11-17 03:00:00,2011-11-17 04:00:00,Up,2639.611183,2620.346016,2626.295553,2011-11-17 04:11:00,N/A,False
2011-11-17 05:00:00,2011-11-17 06:00:00,Up,2627.428798,2612.129989,2613.546546,2011-11-17 06:00:00,2011-11-17 06:41:00,True
2011-11-17 09:00:00,2011-11-17 10:00:00,Up,2621.479261,2607.313697,2608.446943,2011-11-17 10:02:00,2011-11-17 10:40:00,True
2011-11-17 10:00:00,2011-11-17 11:00:00,Up,2611.280055,2595.414624,2602.780717,2011-11-17 11:10:00,N/A,False
2011-11-17 17:00:00,2011-11-17 18:00:00,Up,2571.899788,2564.533694,2565.100317,2011-11-17 18:01:00,2011-11-17 18:20:00,True
2011-11-17 21:00:00,2011-11-17 22:00:00,Up,2576.432768,2571.616476,2573.033033,2011-11-17 22:11:00,N/A,False
2011-11-18 04:00:00,2011-11-18 05:00:00,Up,2583.51555,2570.766542,2573.882967,2011-11-18 05:01:00,2011-11-18 05:34:00,True
2011-11-18 07:00:00,2011-11-18 08:00:00,Up,2588.04853,2581.532371,2585.78204,2011-11-18 08:14:00,N/A,False
2011-11-18 10:00:00,2011-11-18 11:00:00,Up,2575.016212,2558.300846,2559.717403,2011-11-18 11:00:00,2011-11-18 11:28:00,True
2011-11-18 13:00:00,2011-11-18 14:00:00,Up,2569.066675,2555.467733,2556.88429,2011-11-18 14:03:00,2011-11-18 14:20:00,True
2011-11-20 18:00:00,2011-11-20 19:00:00,Up,2538.469057,2529.686407,2530.25303,2011-11-20 19:00:00,2011-11-20 19:24:00,True
2011-11-20 21:00:00,2011-11-20 22:00:00,Up,2537.619123,2533.086142,2533.369454,2011-11-20 22:00:00,2011-11-20 22:20:00,True
2011-11-20 23:00:00,2011-11-21 00:00:00,Up,2536.485878,2532.236209,2534.502699,2011-11-21 00:18:00,2011-11-21 00:26:00,True
2011-11-21 01:00:00,2011-11-21 02:00:00,Up,2541.302169,2534.502699,2537.335812,2011-11-21 02:01:00,N/A,False
2011-11-21 07:00:00,2011-11-21 08:00:00,Up,2528.836473,2520.903757,2525.720049,2011-11-21 08:13:00,N/A,False
2011-11-21 08:00:00,2011-11-21 09:00:00,Up,2527.419917,2495.405742,2499.938723,2011-11-21 09:01:00,N/A,False
2011-11-21 09:00:00,2011-11-21 10:00:00,Up,2500.505345,2483.223357,2484.073291,2011-11-21 10:00:00,2011-11-21 10:20:00,True
2011-11-21 12:00:00,2011-11-21 13:00:00,Up,2501.071968,2486.906404,2487.473027,2011-11-21 13:00:00,2011-11-21 13:20:00,True
2011-11-21 21:00:00,2011-11-21 22:00:00,Up,2523.453559,2512.971042,2514.387598,2011-11-21 22:01:00,2011-11-21 22:20:00,True
2011-11-22 01:00:00,2011-11-22 02:00:00,Up,2518.070645,2509.854618,2511.271174,2011-11-22 02:00:00,N/A,False
2011-11-22 02:00:00,2011-11-22 03:00:00,Up,2512.971042,2499.938723,2505.604948,2011-11-22 03:13:00,N/A,False
2011-11-22 06:00:00,2011-11-22 07:00:00,Up,2512.121108,2499.938723,2504.188392,2011-11-22 07:15:00,N/A,False
2011-11-22 13:00:00,2011-11-22 14:00:00,Up,2516.087466,2505.88826,2508.438061,2011-11-22 14:05:00,2011-11-22 14:20:00,True
2011-11-22 18:00:00,2011-11-22 19:00:00,Up,2511.554485,2506.454882,2509.004684,2011-11-22 19:05:00,N/A,False
2011-11-23 01:00:00,2011-11-23 02:00:00,Up,2489.739517,2483.78998,2484.639914,2011-11-23 02:01:00,2011-11-23 02:20:00,True
2011-11-23 08:00:00,2011-11-23 09:00:00,Up,2498.805478,2475.857264,2476.140575,2011-11-23 09:00:00,N/A,False
2011-11-23 09:00:00,2011-11-23 10:00:00,Up,2479.540311,2461.408389,2470.757661,2011-11-23 10:15:00,N/A,False
2011-11-23 12:00:00,2011-11-23 13:00:00,Up,2476.423887,2464.241502,2466.224681,2011-11-23 13:02:00,N/A,False
2011-11-23 22:00:00,2011-11-23 23:00:00,Up,2465.941369,2463.108257,2463.391568,2011-11-23 23:11:00,2011-11-23 23:20:00,True
2011-11-23 23:00:00,2011-11-24 00:00:00,Up,2465.374747,2457.725342,2458.008654,2011-11-24 00:02:00,N/A,False
2011-11-24 06:00:00,2011-11-24 07:00:00,Up,2473.590774,2468.491171,2469.624416,2011-11-24 07:05:00,2011-11-24 07:24:00,True
2011-11-24 07:00:00,2011-11-24 08:00:00,Up,2471.324284,2457.442031,2459.991832,2011-11-24 08:15:00,N/A,False
2011-11-24 18:00:00,2011-11-24 19:00:00,Up,2447.809448,2441.859911,2442.709844,2011-11-24 19:12:00,2011-11-24 19:21:00,True
2011-11-24 20:00:00,2011-11-24 21:00:00,Up,2444.126401,2440.443354,2442.143222,2011-11-24 21:11:00,2011-11-24 21:31:00,True
2011-11-24 21:00:00,2011-11-24 22:00:00,Up,2443.84309,2439.876732,2441.293288,2011-11-24 22:08:00,2011-11-24 22:20:00,True
2011-11-24 23:00:00,2011-11-25 00:00:00,Up,2441.859911,2437.043619,2437.043619,2011-11-25 00:01:00,2011-11-25 00:31:00,True
2011-11-25 02:00:00,2011-11-25 03:00:00,Up,2446.676202,2429.960837,2431.377393,2011-11-25 03:06:00,2011-11-25 03:35:00,True
2011-11-25 10:00:00,2011-11-25 11:00:00,Up,2467.074614,2444.693023,2446.959514,2011-11-25 11:08:00,2011-11-25 11:27:00,True
2011-11-27 19:00:00,2011-11-27 20:00:00,Up,2484.639914,2476.423887,2480.673556,2011-11-27 20:15:00,2011-11-27 20:55:00,True
2011-11-27 22:00:00,2011-11-27 23:00:00,Up,2480.106933,2475.290642,2478.123754,2011-11-27 23:09:00,2011-11-27 23:58:00,True
2011-11-28 00:00:00,2011-11-28 01:00:00,Up,2482.940046,2478.123754,2479.823622,2011-11-28 01:01:00,2011-11-28 01:20:00,True
2011-11-28 01:00:00,2011-11-28 02:00:00,Up,2482.373424,2473.307463,2476.140575,2011-11-28 02:01:00,2011-11-28 02:20:00,True
2011-11-28 05:00:00,2011-11-28 06:00:00,Up,2496.255676,2491.439384,2493.989186,2011-11-28 06:13:00,N/A,False
2011-11-28 11:00:00,2011-11-28 12:00:00,Up,2524.020181,2512.971042,2513.537664,2011-11-28 12:00:00,2011-11-28 12:20:00,True
2011-11-28 13:00:00,2011-11-28 14:00:00,Up,2522.320314,2510.137929,2512.971042,2011-11-28 14:06:00,2011-11-28 14:56:00,True
2011-11-28 17:00:00,2011-11-28 18:00:00,Up,2519.20389,2515.237532,2516.370777,2011-11-28 18:02:00,N/A,False
2011-11-28 19:00:00,2011-11-28 20:00:00,Up,2515.804154,2511.271174,2511.554485,2011-11-28 20:07:00,2011-11-28 20:28:00,True
2011-11-29 00:00:00,2011-11-29 01:00:00,Up,2531.669586,2527.986539,2528.269851,2011-11-29 01:01:00,N/A,False
2011-11-29 05:00:00,2011-11-29 06:00:00,Up,2540.735547,2534.78601,2535.069321,2011-11-29 06:00:00,N/A,False
2011-11-29 06:00:00,2011-11-29 07:00:00,Up,2535.352633,2520.620446,2521.187069,2011-11-29 07:00:00,2011-11-29 07:20:00,True
2011-11-29 07:00:00,2011-11-29 08:00:00,Up,2526.286672,2515.804154,2520.620446,2011-11-29 08:11:00,2011-11-29 08:21:00,True
2011-11-29 09:00:00,2011-11-29 10:00:00,Up,2539.318991,2520.903757,2525.153427,2011-11-29 10:03:00,2011-11-29 10:35:00,True
2011-11-29 11:00:00,2011-11-29 12:00:00,Up,2522.603625,2507.021505,2511.271174,2011-11-29 12:06:00,2011-11-29 12:23:00,True
2011-11-29 12:00:00,2011-11-29 13:00:00,Up,2514.954221,2500.222034,2501.355279,2011-11-29 13:00:00,2011-11-29 13:20:00,True
2011-11-29 14:00:00,2011-11-29 15:00:00,Up,2522.320314,2504.755015,2505.038326,2011-11-29 15:00:00,2011-11-29 15:30:00,True
2011-11-29 20:00:00,2011-11-29 21:00:00,Up,2503.055147,2497.955544,2498.522166,2011-11-29 21:03:00,N/A,False
2011-11-29 23:00:00,2011-11-30 00:00:00,Up,2501.63859,2495.972365,2496.538987,2011-11-30 00:14:00,2011-11-30 00:20:00,True
2011-11-30 00:00:00,2011-11-30 01:00:00,Up,2498.238855,2493.139252,2493.705875,2011-11-30 01:14:00,2011-11-30 01:47:00,True
2011-11-30 11:00:00,2011-11-30 12:00:00,Up,2591.731577,2586.915285,2588.898464,2011-11-30 12:17:00,N/A,False
2011-11-30 16:00:00,2011-11-30 17:00:00,Up,2603.630651,2600.514227,2600.797538,2011-11-30 17:01:00,N/A,False
2011-11-30 17:00:00,2011-11-30 18:00:00,Up,2601.080849,2598.814359,2600.230915,2011-11-30 18:19:00,N/A,False
2011-12-01 00:00:00,2011-12-01 01:00:00,Up,2605.047207,2602.497406,2604.480585,2011-12-01 01:04:00,2011-12-01 01:21:00,True
2011-12-01 01:00:00,2011-12-01 02:00:00,Up,2606.180452,2599.380982,2599.380982,2011-12-01 02:00:00,N/A,False
2011-12-01 02:00:00,2011-12-01 03:00:00,Up,2599.380982,2589.181776,2593.431445,2011-12-01 03:13:00,2011-12-01 03:32:00,True
2011-12-01 04:00:00,2011-12-01 05:00:00,Up,2605.047207,2596.83118,2603.630651,2011-12-01 05:10:00,N/A,False
2011-12-01 09:00:00,2011-12-01 10:00:00,Up,2622.045884,2601.647472,2603.347339,2011-12-01 10:17:00,2011-12-01 10:24:00,True
2011-12-02 00:00:00,2011-12-02 01:00:00,Up,2630.828534,2628.562043,2629.695288,2011-12-02 01:08:00,2011-12-02 01:30:00,True
2011-12-02 09:00:00,2011-12-02 10:00:00,Up,2642.160985,2633.378335,2634.51158,2011-12-02 10:02:00,N/A,False
2011-12-02 11:00:00,2011-12-02 12:00:00,Up,2625.72893,2616.946281,2622.895818,2011-12-02 12:15:00,2011-12-02 12:23:00,True
2011-12-02 12:00:00,2011-12-02 13:00:00,Up,2624.878997,2616.66297,2620.346016,2011-12-02 13:04:00,N/A,False
2011-12-04 18:00:00,2011-12-04 19:00:00,Up,2624.312374,2620.629327,2622.329195,2011-12-04 19:03:00,2011-12-04 19:20:00,True
2011-12-05 04:00:00,2011-12-05 05:00:00,Up,2638.194627,2633.378335,2634.51158,2011-12-05 05:02:00,2011-12-05 05:44:00,True
2011-12-05 12:00:00,2011-12-05 13:00:00,Up,2654.626681,2637.911315,2640.177806,2011-12-05 13:00:00,2011-12-05 13:57:00,True
2011-12-05 18:00:00,2011-12-05 19:00:00,Up,2634.794891,2631.961779,2633.095024,2011-12-05 19:10:00,N/A,False
2011-12-05 20:00:00,2011-12-05 21:01:00,Up,2633.095024,2630.828534,2631.395156,2011-12-05 21:05:00,N/A,False
2011-12-06 00:00:00,2011-12-06 01:00:00,Up,2630.545222,2626.578864,2629.695288,2011-12-06 01:14:00,2011-12-06 01:41:00,True
2011-12-06 06:00:00,2011-12-06 07:00:00,Up,2652.076879,2642.444296,2643.577541,2011-12-06 07:13:00,N/A,False
2011-12-06 08:00:00,2011-12-06 09:00:00,Up,2648.110522,2635.361514,2639.611183,2011-12-06 09:12:00,2011-12-06 09:23:00,True
2011-12-06 09:00:00,2011-12-06 10:00:00,Up,2645.56072,2630.545222,2631.111845,2011-12-06 10:09:00,2011-12-06 10:21:00,True
2011-12-06 11:00:00,2011-12-06 12:00:00,Up,2631.678467,2624.029063,2627.428798,2011-12-06 12:12:00,2011-12-06 12:20:00,True
2011-12-06 23:00:00,2011-12-07 00:01:00,Up,2644.994097,2641.594362,2641.594362,2011-12-07 00:02:00,2011-12-07 00:21:00,True
2011-12-07 03:00:00,2011-12-07 04:00:00,Up,2656.043237,2647.260588,2647.543899,2011-12-07 04:00:00,2011-12-07 04:20:00,True
2011-12-07 04:00:00,2011-12-07 05:00:00,Up,2651.510257,2643.577541,2645.277409,2011-12-07 05:01:00,N/A,False
2011-12-07 05:00:00,2011-12-07 06:00:00,Up,2646.127343,2639.894494,2642.160985,2011-12-07 06:06:00,N/A,False
2011-12-07 06:00:00,2011-12-07 07:00:00,Up,2642.727607,2631.678467,2632.24509,2011-12-07 07:07:00,N/A,False
2011-12-07 12:00:00,2011-12-07 13:00:00,Up,2631.678467,2621.479261,2623.745752,2011-12-07 13:07:00,N/A,False
2011-12-07 17:00:00,2011-12-07 18:00:00,Up,2637.628004,2633.095024,2633.378335,2011-12-07 18:00:00,2011-12-07 18:20:00,True
2011-12-08 01:00:00,2011-12-08 02:00:00,Up,2637.911315,2631.961779,2633.661646,2011-12-08 02:12:00,2011-12-08 02:20:00,True
2011-12-08 02:00:00,2011-12-08 03:00:00,Up,2637.344693,2631.111845,2634.794891,2011-12-08 03:05:00,N/A,False
2011-12-08 07:00:00,2011-12-08 08:00:00,Up,2652.926813,2621.19595,2625.445619,2011-12-08 08:00:00,2011-12-08 08:38:00,True
2011-12-08 09:00:00,2011-12-08 10:00:00,Up,2628.562043,2610.14681,2617.512903,2011-12-08 10:14:00,N/A,False
2011-12-08 11:00:00,2011-12-08 12:00:00,Up,2616.946281,2607.030386,2608.163631,2011-12-08 12:01:00,N/A,False
2011-12-08 20:00:00,2011-12-08 21:00:00,Up,2597.397803,2588.331842,2588.615153,2011-12-08 21:00:00,N/A,False
2011-12-08 23:00:00,2011-12-09 00:00:00,Up,2588.04853,2579.265881,2580.965748,2011-12-09 00:15:00,2011-12-09 00:20:00,True
2011-12-09 00:00:00,2011-12-09 01:00:00,Up,2584.938211,2578.412022,2579.263264,2011-12-09 01:00:00,N/A,False
2011-12-09 06:00:00,2011-12-09 07:00:00,Up,2615.015429,2605.084272,2605.651767,2011-12-09 07:01:00,N/A,False
2011-12-12 00:00:00,2011-12-12 01:00:00,Up,2629.486543,2625.230333,2626.365322,2011-12-12 01:00:00,N/A,False
2011-12-12 01:00:00,2011-12-12 02:00:00,Up,2626.365322,2618.420397,2622.676607,2011-12-12 02:05:00,2011-12-12 02:20:00,True
2011-12-12 02:00:00,2011-12-12 03:00:00,Up,2624.379091,2615.299176,2620.974123,2011-12-12 03:10:00,N/A,False
2011-12-12 06:00:00,2011-12-12 07:00:00,Up,2618.987891,2613.312945,2616.434165,2011-12-12 07:05:00,N/A,False
2011-12-12 07:00:00,2011-12-12 08:00:00,Up,2617.00166,2609.624229,2612.461703,2011-12-12 08:00:00,N/A,False
2011-12-12 08:00:00,2011-12-12 09:00:00,Up,2613.312945,2584.086969,2586.640695,2011-12-12 09:03:00,2011-12-12 09:43:00,True
2011-12-13 02:00:00,2011-12-13 03:00:00,Up,2612.461703,2597.139346,2601.963051,2011-12-13 03:12:00,2011-12-13 03:21:00,True
2011-12-13 05:00:00,2011-12-13 06:00:00,Up,2617.852902,2611.610461,2613.596692,2011-12-13 06:08:00,2011-12-13 06:20:00,True
2011-12-13 09:00:00,2011-12-13 10:00:00,Up,2623.244101,2598.274336,2598.558083,2011-12-13 10:00:00,2011-12-13 10:37:00,True
2011-12-13 13:00:00,2011-12-13 14:00:00,Up,2611.326713,2580.682001,2585.505706,2011-12-13 14:18:00,N/A,False
2011-12-14 00:00:00,2011-12-14 01:00:00,Up,2580.682001,2576.425791,2576.709538,2011-12-14 01:00:00,2011-12-14 01:20:00,True
2011-12-14 01:00:00,2011-12-14 02:00:00,Up,2581.533243,2576.142044,2577.277033,2011-12-14 02:01:00,2011-12-14 02:20:00,True
2011-12-14 03:00:00,2011-12-14 04:00:00,Up,2580.682001,2574.43956,2577.277033,2011-12-14 04:10:00,N/A,False
2011-12-14 04:00:00,2011-12-14 05:00:00,Up,2578.412022,2569.615855,2571.034592,2011-12-14 05:10:00,N/A,False
2011-12-14 05:00:00,2011-12-14 06:00:00,Up,2572.169581,2561.67093,2562.522172,2011-12-14 06:08:00,2011-12-14 06:36:00,True
2011-12-14 07:00:00,2011-12-14 08:00:00,Up,2570.467097,2560.819688,2562.805919,2011-12-14 08:03:00,N/A,False
2011-12-14 08:00:00,2011-12-14 09:00:00,Up,2563.657161,2540.673627,2553.15851,2011-12-14 09:10:00,N/A,False
2011-12-14 09:00:00,2011-12-14 10:00:00,Up,2553.15851,2530.74247,2531.309965,2011-12-14 10:08:00,N/A,False
2011-12-14 12:00:00,2011-12-14 13:00:00,Up,2541.808616,2527.904997,2532.728702,2011-12-14 13:10:00,2011-12-14 13:25:00,True
2011-12-14 13:00:00,2011-12-14 14:00:00,Up,2535.849922,2521.946303,2524.783776,2011-12-14 14:09:00,2011-12-14 14:20:00,True
2011-12-14 18:00:00,2011-12-14 19:00:00,Up,2531.593712,2527.62125,2527.62125,2011-12-14 19:00:00,2011-12-14 19:26:00,True
2011-12-14 22:00:00,2011-12-14 23:00:00,Up,2528.188744,2525.351271,2526.48626,2011-12-14 23:15:00,N/A,False
2011-12-15 08:00:00,2011-12-15 09:00:00,Up,2555.428488,2539.822385,2540.957374,2011-12-15 09:03:00,N/A,False
2011-12-15 09:00:00,2011-12-15 10:00:00,Up,2546.064826,2521.378808,2523.932534,2011-12-15 10:09:00,2011-12-15 10:22:00,True
2011-12-16 01:00:00,2011-12-16 02:00:00,Up,2543.5111,2536.417417,2537.836154,2011-12-16 02:01:00,N/A,False
2011-12-16 03:00:00,2011-12-16 04:00:00,Up,2537.268659,2531.593712,2533.296196,2011-12-16 04:02:00,2011-12-16 04:21:00,True
2011-12-16 07:00:00,2011-12-16 08:00:00,Up,2547.76731,2539.822385,2544.362342,2011-12-16 08:15:00,2011-12-16 08:34:00,True
2011-12-16 10:00:00,2011-12-16 11:00:00,Up,2567.062129,2542.659858,2543.227353,2011-12-16 11:00:00,N/A,False
2011-12-18 17:00:00,2011-12-18 18:00:00,Up,2540.673627,2533.863691,2535.566175,2011-12-18 18:18:00,N/A,False
2011-12-18 20:00:00,2011-12-18 21:00:00,Up,2529.323734,2525.067524,2526.202513,2011-12-18 21:01:00,N/A,False
2011-12-19 07:00:00,2011-12-19 08:00:00,Up,2552.02352,2544.929837,2549.469794,2011-12-19 08:15:00,2011-12-19 08:33:00,True
2011-12-19 09:00:00,2011-12-19 10:00:00,Up,2549.469794,2529.607481,2531.593712,2011-12-19 10:04:00,N/A,False
2011-12-19 13:00:00,2011-12-19 14:00:00,Up,2527.904997,2518.825082,2523.648787,2011-12-19 14:04:00,N/A,False
2011-12-20 00:00:00,2011-12-20 01:00:00,Up,2526.48626,2523.932534,2524.783776,2011-12-20 01:01:00,N/A,False
2011-12-20 01:00:00,2011-12-20 02:00:00,Up,2525.351271,2520.243819,2524.216282,2011-12-20 02:04:00,2011-12-20 02:36:00,True
2011-12-20 05:00:00,2011-12-20 06:00:00,Up,2537.268659,2530.458723,2531.309965,2011-12-20 06:00:00,2011-12-20 06:36:00,True
2011-12-21 03:00:00,2011-12-21 04:00:00,Up,2592.599389,2587.775684,2590.896905,2011-12-21 04:07:00,2011-12-21 04:21:00,True
2011-12-21 04:00:00,2011-12-21 05:00:00,Up,2600.544315,2579.547012,2581.249496,2011-12-21 05:00:00,2011-12-21 05:20:00,True
2011-12-21 06:00:00,2011-12-21 07:00:00,Up,2581.533243,2569.615855,2572.737076,2011-12-21 07:05:00,N/A,False
2011-12-21 08:00:00,2011-12-21 09:00:00,Up,2574.723307,2540.106132,2544.64609,2011-12-21 09:00:00,2011-12-21 09:20:00,True
2011-12-21 09:00:00,2011-12-21 10:00:00,Up,2549.753542,2533.579944,2536.701164,2011-12-21 10:01:00,N/A,False
2011-12-21 10:00:00,2011-12-21 11:00:00,Up,2536.984912,2526.202513,2529.607481,2011-12-21 11:06:00,N/A,False
2011-12-23 00:01:00,2011-12-23 01:01:00,Up,2580.682001,2577.844528,2579.547012,2011-12-23 01:09:00,2011-12-23 01:35:00,True
2011-12-23 02:00:00,2011-12-23 03:00:00,Up,2581.81699,2571.318339,2571.318339,2011-12-23 03:00:00,2011-12-23 03:20:00,True
2011-12-23 13:00:00,2011-12-23 14:00:00,Up,2586.924442,2582.95198,2583.235727,2011-12-23 14:00:00,2011-12-23 14:20:00,True
2011-12-27 05:00:00,2011-12-27 06:00:00,Up,2598.274336,2587.491937,2589.478168,2011-12-27 06:00:00,N/A,False
2011-12-27 07:00:00,2011-12-27 08:00:00,Up,2593.450631,2584.086969,2587.491937,2011-12-27 08:18:00,2011-12-27 08:29:00,True
2011-12-28 00:00:00,2011-12-28 01:00:00,Up,2588.343179,2586.640695,2588.059432,2011-12-28 01:01:00,2011-12-28 01:30:00,True
2011-12-28 06:00:00,2011-12-28 07:00:00,Up,2601.395557,2598.841831,2599.125578,2011-12-28 07:02:00,2011-12-28 07:20:00,True
2011-12-28 07:00:00,2011-12-28 08:00:00,Up,2601.679304,2598.274336,2600.544315,2011-12-28 08:15:00,N/A,False
2011-12-28 08:00:00,2011-12-28 09:00:00,Up,2601.111809,2578.69577,2580.682001,2011-12-28 09:04:00,N/A,False
2011-12-28 10:00:00,2011-12-28 11:00:00,Up,2579.547012,2569.899602,2573.30457,2011-12-28 11:08:00,2011-12-28 11:20:00,True
2011-12-28 13:00:00,2011-12-28 14:00:00,Up,2576.425791,2569.899602,2571.602086,2011-12-28 14:18:00,N/A,False
2011-12-28 17:00:00,2011-12-28 18:00:00,Up,2571.318339,2567.913371,2570.750844,2011-12-28 18:16:00,N/A,False
2011-12-29 01:00:00,2011-12-29 02:00:00,Up,2576.142044,2572.453328,2573.872065,2011-12-29 02:02:00,2011-12-29 02:21:00,True
2011-12-29 05:00:00,2011-12-29 06:00:00,Up,2571.602086,2566.778382,2568.197118,2011-12-29 06:13:00,2011-12-29 06:20:00,True
2011-12-29 08:00:00,2011-12-29 09:00:00,Up,2575.007054,2564.224656,2566.494634,2011-12-29 09:06:00,2011-12-29 09:20:00,True
2011-12-29 17:00:00,2011-12-29 18:00:00,Up,2587.775684,2586.0732,2586.924442,2011-12-29 18:12:00,2011-12-29 18:24:00,True
2011-12-30 07:00:00,2011-12-30 08:00:00,Up,2590.045663,2582.384485,2582.668232,2011-12-30 08:06:00,2011-12-30 08:20:00,True
2011-12-30 10:00:00,2011-12-30 11:00:00,Up,2592.031894,2587.20819,2588.059432,2011-12-30 11:15:00,2011-12-30 11:27:00,True
2011-12-30 12:00:00,2011-12-30 13:00:00,Up,2590.896905,2588.059432,2588.910674,2011-12-30 13:05:00,N/A,False
2012-01-03 06:00:00,2012-01-03 07:00:00,Up,2633.459005,2623.811596,2624.946585,2012-01-03 07:02:00,N/A,False
2012-01-03 10:00:00,2012-01-03 11:00:00,Up,2641.687678,2632.891511,2634.0265,2012-01-03 11:13:00,2012-01-03 11:20:00,True
2012-01-04 06:00:00,2012-01-04 07:00:00,Up,2631.756521,2626.649069,2628.635301,2012-01-04 07:05:00,N/A,False
2012-01-04 18:00:00,2012-01-04 19:00:00,Up,2642.822667,2641.120183,2642.255173,2012-01-04 19:15:00,N/A,False
2012-01-05 03:00:00,2012-01-05 04:00:00,Up,2634.310247,2628.351553,2628.919048,2012-01-05 04:06:00,2012-01-05 04:20:00,True
2012-01-05 13:00:00,2012-01-05 14:00:00,Up,2662.401233,2656.158792,2656.442539,2012-01-05 14:00:00,2012-01-05 14:20:00,True
2012-01-05 18:00:00,2012-01-05 19:00:00,Up,2659.847507,2655.30755,2655.875045,2012-01-05 19:12:00,N/A,False
2012-01-05 22:06:00,2012-01-05 23:06:00,Up,2652.753824,2648.497614,2648.497614,2012-01-05 23:06:00,2012-01-05 23:27:00,True
2012-01-06 04:01:00,2012-01-06 05:01:00,Up,2662.684981,2658.428771,2658.996265,2012-01-06 05:01:00,2012-01-06 05:25:00,True
2012-01-06 06:00:00,2012-01-06 07:00:00,Up,2664.671212,2659.280013,2659.56376,2012-01-06 07:00:00,2012-01-06 07:20:00,True
2012-01-06 07:00:00,2012-01-06 08:00:00,Up,2671.197401,2658.145023,2660.131255,2012-01-06 08:00:00,2012-01-06 08:20:00,True
2012-01-06 11:00:00,2012-01-06 12:00:00,Up,2672.899885,2666.657443,2667.792433,2012-01-06 12:12:00,2012-01-06 12:20:00,True
2012-01-06 13:00:00,2012-01-06 14:00:00,Up,2675.169863,2670.346159,2671.481148,2012-01-06 14:17:00,2012-01-06 14:23:00,True
2012-01-08 17:00:00,2012-01-08 18:00:00,Up,2673.467379,2660.131255,2662.684981,2012-01-08 18:16:00,N/A,False
2012-01-08 19:00:00,2012-01-08 20:00:00,Up,2662.684981,2659.56376,2660.131255,2012-01-08 20:00:00,2012-01-08 20:27:00,True
2012-01-09 02:00:00,2012-01-09 03:00:00,Up,2679.426073,2671.481148,2676.872347,2012-01-09 03:17:00,2012-01-09 03:50:00,True
2012-01-09 04:00:00,2012-01-09 05:00:00,Up,2677.439842,2672.616137,2673.183632,2012-01-09 05:02:00,2012-01-09 05:38:00,True
2012-01-09 08:00:00,2012-01-09 09:00:00,Up,2680.84481,2666.373696,2670.346159,2012-01-09 09:04:00,2012-01-09 09:20:00,True
2012-01-09 09:00:00,2012-01-09 10:00:00,Up,2674.886116,2659.847507,2662.684981,2012-01-09 10:05:00,2012-01-09 10:44:00,True
2012-01-09 13:00:00,2012-01-09 14:00:00,Up,2672.33239,2665.522454,2667.792433,2012-01-09 14:13:00,2012-01-09 14:24:00,True
2012-01-10 00:00:00,2012-01-10 01:00:00,Up,2679.426073,2677.156095,2677.439842,2012-01-10 01:10:00,2012-01-10 01:20:00,True
2012-01-10 01:00:00,2012-01-10 02:00:00,Up,2679.142326,2674.886116,2675.169863,2012-01-10 02:07:00,2012-01-10 02:20:00,True
2012-01-10 05:00:00,2012-01-10 06:00:00,Up,2691.627209,2686.519757,2686.803504,2012-01-10 06:00:00,2012-01-10 06:27:00,True
2012-01-10 09:00:00,2012-01-10 10:00:00,Up,2699.288387,2686.236009,2689.924725,2012-01-10 10:04:00,2012-01-10 10:20:00,True
2012-01-10 10:00:00,2012-01-10 11:00:00,Up,2691.910956,2685.10102,2685.952262,2012-01-10 11:03:00,N/A,False
2012-01-10 17:00:00,2012-01-10 18:00:00,Up,2677.156095,2674.602369,2675.453611,2012-01-10 18:05:00,N/A,False
2012-01-11 05:00:00,2012-01-11 06:00:00,Up,2682.547294,2673.467379,2675.169863,2012-01-11 06:03:00,2012-01-11 06:25:00,True
2012-01-11 08:00:00,2012-01-11 09:00:00,Up,2688.505988,2674.602369,2675.169863,2012-01-11 09:00:00,2012-01-11 09:20:00,True
2012-01-11 17:00:00,2012-01-11 18:00:00,Up,2687.938493,2686.519757,2686.803504,2012-01-11 18:01:00,N/A,False
2012-01-12 02:00:00,2012-01-12 03:00:00,Up,2688.222241,2684.817273,2687.370999,2012-01-12 03:06:00,2012-01-12 03:20:00,True
2012-01-12 06:00:00,2012-01-12 07:00:00,Up,2704.679586,2698.437145,2699.572134,2012-01-12 07:01:00,N/A,False
2012-01-12 08:00:00,2012-01-12 09:00:00,Up,2698.153397,2683.398536,2688.222241,2012-01-12 09:07:00,N/A,False
2012-01-13 02:00:00,2012-01-13 03:00:00,Up,2708.935796,2704.963333,2705.530828,2012-01-13 03:00:00,N/A,False
2012-01-13 05:00:00,2012-01-13 06:00:00,Up,2703.260849,2698.437145,2699.855881,2012-01-13 06:02:00,2012-01-13 06:20:00,True
2012-01-13 07:00:00,2012-01-13 08:00:00,Up,2699.572134,2689.35723,2689.640977,2012-01-13 08:00:00,N/A,False
2012-01-13 08:00:00,2012-01-13 09:00:00,Up,2690.492219,2676.021105,2685.10102,2012-01-13 09:10:00,N/A,False
2012-01-13 11:00:00,2012-01-13 12:00:00,Up,2682.263547,2676.304853,2679.709821,2012-01-13 12:05:00,2012-01-13 12:51:00,True
2012-01-15 17:00:00,2012-01-15 18:00:00,Up,2692.194703,2685.10102,2689.640977,2012-01-15 18:18:00,N/A,False
2012-01-16 00:00:00,2012-01-16 01:00:00,Up,2685.384767,2682.263547,2682.831041,2012-01-16 01:02:00,2012-01-16 01:22:00,True
2012-01-16 03:00:00,2012-01-16 04:00:00,Up,2695.315924,2686.519757,2687.654746,2012-01-16 04:06:00,2012-01-16 04:29:00,True
2012-01-17 04:00:00,2012-01-17 05:00:00,Up,2724.825647,2718.015711,2718.583205,2012-01-17 05:02:00,2012-01-17 05:20:00,True
2012-01-17 05:00:00,2012-01-17 06:00:00,Up,2720.285689,2716.029479,2717.448216,2012-01-17 06:01:00,2012-01-17 06:20:00,True
2012-01-17 13:00:00,2012-01-17 14:00:00,Up,2720.853184,2711.773269,2713.475753,2012-01-17 14:08:00,N/A,False
2012-01-17 16:00:00,2012-01-17 17:00:00,Up,2716.880721,2714.326995,2714.326995,2012-01-17 17:01:00,2012-01-17 17:20:00,True
2012-01-17 23:00:00,2012-01-18 00:00:00,Up,2722.839415,2719.718195,2720.285689,2012-01-18 00:12:00,N/A,False
2012-01-18 01:00:00,2012-01-18 02:00:00,Up,2722.271921,2717.731963,2721.136931,2012-01-18 02:08:00,N/A,False
2012-01-18 05:00:00,2012-01-18 06:00:00,Up,2726.811878,2722.555668,2726.528131,2012-01-18 06:07:00,N/A,False
2012-01-18 07:00:00,2012-01-18 08:00:00,Up,2725.676889,2716.880721,2717.448216,2012-01-18 08:00:00,2012-01-18 08:20:00,True
2012-01-19 00:00:00,2012-01-19 01:00:00,Up,2751.214149,2749.511665,2749.511665,2012-01-19 01:00:00,N/A,False
2012-01-19 01:00:00,2012-01-19 02:00:00,Up,2750.930401,2746.390444,2747.809181,2012-01-19 02:09:00,2012-01-19 02:20:00,True
2012-01-19 03:00:00,2012-01-19 04:00:00,Up,2751.497896,2746.957939,2747.525433,2012-01-19 04:02:00,2012-01-19 04:20:00,True
2012-01-19 08:00:00,2012-01-19 09:00:00,Up,2766.252757,2758.024085,2765.685263,2012-01-19 09:05:00,2012-01-19 09:44:00,True
2012-01-19 14:00:00,2012-01-19 15:00:00,Up,2769.373978,2761.7128,2766.820252,2012-01-19 15:00:00,N/A,False
2012-01-20 00:00:00,2012-01-20 01:00:00,Up,2760.861558,2758.307832,2759.159074,2012-01-20 01:02:00,2012-01-20 01:27:00,True
2012-01-20 03:00:00,2012-01-20 04:00:00,Up,2756.321601,2750.646654,2751.781643,2012-01-20 04:00:00,2012-01-20 04:20:00,True
2012-01-20 05:00:00,2012-01-20 06:00:00,Up,2758.307832,2754.051622,2754.619117,2012-01-20 06:00:00,2012-01-20 06:20:00,True
2012-01-20 12:00:00,2012-01-20 13:00:00,Up,2763.982779,2759.442821,2759.726569,2012-01-20 13:15:00,N/A,False
2012-01-23 00:00:00,2012-01-23 01:00:00,Up,2759.159074,2756.605348,2756.889095,2012-01-23 01:01:00,2012-01-23 01:20:00,True
2012-01-23 01:00:00,2012-01-23 02:00:00,Up,2758.591579,2756.037853,2757.172843,2012-01-23 02:01:00,2012-01-23 02:20:00,True
2012-01-23 02:00:00,2012-01-23 03:00:00,Up,2762.564042,2754.902864,2756.605348,2012-01-23 03:15:00,2012-01-23 03:24:00,True
2012-01-23 07:00:00,2012-01-23 08:00:00,Up,2769.090231,2763.131537,2764.550273,2012-01-23 08:01:00,2012-01-23 08:33:00,True
2012-01-23 09:00:00,2012-01-23 10:00:00,Up,2783.277597,2771.927704,2775.616419,2012-01-23 10:06:00,N/A,False
2012-01-23 10:00:00,2012-01-23 11:00:00,Up,2776.183914,2756.037853,2756.605348,2012-01-23 11:00:00,2012-01-23 11:46:00,True
2012-01-23 18:00:00,2012-01-23 19:00:00,Up,2765.117768,2762.847789,2762.847789,2012-01-23 19:14:00,N/A,False
2012-01-23 19:00:00,2012-01-23 20:00:00,Up,2763.415284,2756.889095,2757.45659,2012-01-23 20:00:00,2012-01-23 20:30:00,True
2012-01-23 20:00:00,2012-01-23 21:00:00,Up,2758.024085,2756.037853,2756.605348,2012-01-23 21:01:00,2012-01-23 21:21:00,True
2012-01-24 01:00:00,2012-01-24 02:00:00,Up,2760.577811,2757.45659,2757.740337,2012-01-24 02:01:00,2012-01-24 02:32:00,True
2012-01-24 04:00:00,2012-01-24 05:00:00,Up,2757.740337,2751.214149,2751.781643,2012-01-24 05:00:00,2012-01-24 05:20:00,True
2012-01-24 11:00:00,2012-01-24 12:00:00,Up,2763.415284,2756.605348,2760.010316,2012-01-24 12:18:00,N/A,False
2012-01-24 18:00:00,2012-01-24 19:00:00,Up,2794.627491,2792.64126,2793.492502,2012-01-24 19:08:00,2012-01-24 19:49:00,True
2012-01-25 00:00:00,2012-01-25 01:00:00,Up,2796.613722,2794.343744,2796.046228,2012-01-25 01:01:00,N/A,False
2012-01-25 01:00:00,2012-01-25 02:00:00,Up,2796.046228,2791.50627,2792.357512,2012-01-25 02:00:00,N/A,False
2012-01-25 02:00:00,2012-01-25 03:00:00,Up,2792.64126,2786.682565,2787.817555,2012-01-25 03:12:00,N/A,False
2012-01-25 04:00:00,2012-01-25 05:00:00,Up,2783.277597,2776.183914,2777.035156,2012-01-25 05:02:00,2012-01-25 05:20:00,True
2012-01-25 08:00:00,2012-01-25 09:00:00,Up,2790.655028,2769.373978,2771.643957,2012-01-25 09:00:00,2012-01-25 09:20:00,True
2012-01-26 01:00:00,2012-01-26 02:00:00,Up,2791.50627,2787.817555,2789.236291,2012-01-26 02:06:00,N/A,False
2012-01-26 09:00:00,2012-01-26 10:00:00,Up,2809.6661,2786.398818,2786.682565,2012-01-26 10:00:00,2012-01-26 10:20:00,True
2012-01-26 10:00:00,2012-01-26 11:00:00,Up,2794.911238,2785.547576,2788.668797,2012-01-26 11:15:00,2012-01-26 11:51:00,True
2012-01-26 13:00:00,2012-01-26 14:00:00,Up,2786.398818,2777.318903,2777.602651,2012-01-26 14:00:00,2012-01-26 14:20:00,True
2012-01-26 21:00:00,2012-01-26 22:00:00,Up,2785.263829,2781.858861,2782.142608,2012-01-26 22:04:00,N/A,False
2012-01-27 01:00:00,2012-01-27 02:00:00,Up,2784.696334,2778.73764,2780.440124,2012-01-27 02:06:00,2012-01-27 02:20:00,True
2012-01-27 05:00:00,2012-01-27 06:00:00,Up,2796.329975,2789.803786,2790.655028,2012-01-27 06:03:00,2012-01-27 06:20:00,True
2012-01-27 10:00:00,2012-01-27 11:00:00,Up,2790.371281,2781.007619,2784.412587,2012-01-27 11:08:00,2012-01-27 11:25:00,True
2012-01-29 17:00:00,2012-01-29 18:00:00,Up,2792.64126,2786.398818,2786.966313,2012-01-29 18:05:00,N/A,False
2012-01-29 23:00:00,2012-01-30 00:00:00,Up,2774.765177,2771.076462,2771.643957,2012-01-30 00:00:00,2012-01-30 00:20:00,True
2012-01-30 01:00:00,2012-01-30 02:00:00,Up,2773.346441,2770.508967,2771.360209,2012-01-30 02:02:00,2012-01-30 02:20:00,True
2012-01-30 02:00:00,2012-01-30 03:00:00,Up,2776.183914,2767.955241,2769.090231,2012-01-30 03:00:00,N/A,False
2012-01-30 07:00:00,2012-01-30 08:00:00,Up,2771.076462,2762.280295,2762.564042,2012-01-30 08:00:00,2012-01-30 08:20:00,True
2012-01-30 08:00:00,2012-01-30 09:00:00,Up,2772.495199,2760.294063,2765.685263,2012-01-30 09:10:00,2012-01-30 09:25:00,True
2012-01-30 11:00:00,2012-01-30 12:00:00,Up,2789.520039,2783.561345,2786.398818,2012-01-30 12:09:00,2012-01-30 12:23:00,True
2012-01-30 13:00:00,2012-01-30 14:00:00,Up,2798.316206,2791.50627,2792.925007,2012-01-30 14:00:00,2012-01-30 14:23:00,True
2012-01-30 19:00:00,2012-01-30 20:00:00,Up,2802.004922,2800.302438,2800.586185,2012-01-30 20:00:00,2012-01-30 20:20:00,True
2012-01-30 22:00:00,2012-01-30 23:00:00,Up,2803.423658,2800.302438,2800.869932,2012-01-30 23:05:00,N/A,False
2012-01-31 05:00:00,2012-01-31 06:00:00,Up,2812.503573,2807.963616,2808.247363,2012-01-31 06:00:00,N/A,False
2012-01-31 08:00:00,2012-01-31 09:00:00,Up,2813.071068,2799.451196,2801.721174,2012-01-31 09:04:00,2012-01-31 09:25:00,True
2012-01-31 09:00:00,2012-01-31 10:00:00,Up,2805.126142,2785.263829,2787.25006,2012-01-31 10:10:00,2012-01-31 10:24:00,True
2012-01-31 12:00:00,2012-01-31 13:00:00,Up,2796.046228,2788.101302,2789.236291,2012-01-31 13:02:00,2012-01-31 13:20:00,True
2012-01-31 17:00:00,2012-01-31 18:00:00,Up,2791.222523,2787.25006,2787.25006,2012-01-31 18:12:00,2012-01-31 18:20:00,True
2012-02-01 00:00:00,2012-02-01 01:00:00,Up,2788.385049,2786.115071,2787.25006,2012-02-01 01:06:00,2012-02-01 01:29:00,True
2012-02-01 05:00:00,2012-02-01 06:00:00,Up,2815.624794,2809.949847,2812.78732,2012-02-01 06:11:00,2012-02-01 06:20:00,True
2012-02-01 06:00:00,2012-02-01 07:00:00,Up,2819.597256,2809.6661,2812.78732,2012-02-01 07:15:00,N/A,False
2012-02-01 08:00:00,2012-02-01 09:00:00,Up,2817.327278,2805.126142,2809.098605,2012-02-01 09:01:00,2012-02-01 09:20:00,True
2012-02-01 12:00:00,2012-02-01 13:00:00,Up,2830.94715,2824.420961,2825.839698,2012-02-01 13:08:00,2012-02-01 13:20:00,True
2012-02-02 02:00:00,2012-02-02 03:00:00,Up,2833.217128,2822.43473,2822.718477,2012-02-02 03:00:00,N/A,False
2012-02-02 05:00:00,2012-02-02 06:00:00,Up,2825.839698,2821.29974,2822.150982,2012-02-02 06:02:00,N/A,False
2012-02-02 10:00:00,2012-02-02 11:00:00,Up,2838.32458,2826.974687,2830.379655,2012-02-02 11:13:00,N/A,False
2012-02-02 18:01:00,2012-02-02 19:01:00,Up,2829.81216,2827.258434,2828.960918,2012-02-02 19:12:00,N/A,False
2012-02-03 00:00:00,2012-02-03 01:00:00,Up,2831.798392,2829.528413,2829.81216,2012-02-03 01:11:00,N/A,False
2012-02-03 13:00:00,2012-02-03 14:00:00,Up,2869.820534,2866.131819,2868.685545,2012-02-03 14:16:00,2012-02-03 14:54:00,True
2012-02-05 18:00:00,2012-02-05 19:00:00,Up,2861.308114,2859.60563,2859.889378,2012-02-05 19:04:00,N/A,False
2012-02-06 00:01:00,2012-02-06 01:01:00,Up,2858.470641,2855.916915,2858.186894,2012-02-06 01:06:00,2012-02-06 01:36:00,True
2012-02-06 02:00:00,2012-02-06 03:00:00,Up,2859.60563,2852.2282,2852.795694,2012-02-06 03:02:00,2012-02-06 03:34:00,True
2012-02-06 07:00:00,2012-02-06 08:00:00,Up,2857.051904,2851.09321,2851.376958,2012-02-06 08:02:00,2012-02-06 08:20:00,True
2012-02-07 00:00:00,2012-02-07 01:00:00,Up,2866.699314,2865.280577,2865.848072,2012-02-07 01:00:00,2012-02-07 01:20:00,True
2012-02-07 02:00:00,2012-02-07 03:00:00,Up,2874.644239,2866.983061,2867.834303,2012-02-07 03:00:00,N/A,False
2012-02-07 04:00:00,2012-02-07 05:00:00,Up,2867.550556,2863.578093,2864.429335,2012-02-07 05:00:00,2012-02-07 05:20:00,True
2012-02-07 05:00:00,2012-02-07 06:00:00,Up,2865.280577,2859.889378,2859.889378,2012-02-07 06:00:00,N/A,False
2012-02-07 08:00:00,2012-02-07 09:00:00,Up,2865.564324,2852.795694,2858.754388,2012-02-07 09:04:00,2012-02-07 09:20:00,True
2012-02-07 11:00:00,2012-02-07 12:00:00,Up,2876.914218,2872.37426,2875.211734,2012-02-07 12:19:00,N/A,False
2012-02-08 00:00:00,2012-02-08 01:00:00,Up,2876.346723,2874.927986,2875.779228,2012-02-08 01:04:00,2012-02-08 01:20:00,True
2012-02-08 07:00:00,2012-02-08 08:00:00,Up,2876.914218,2873.792997,2874.076744,2012-02-08 08:00:00,2012-02-08 08:32:00,True
2012-02-08 09:00:00,2012-02-08 10:00:00,Up,2882.872912,2870.671776,2873.225502,2012-02-08 10:03:00,N/A,False
2012-02-08 16:00:00,2012-02-08 17:00:00,Up,2885.14289,2878.900449,2880.035438,2012-02-08 17:01:00,2012-02-08 17:20:00,True
2012-02-08 18:00:00,2012-02-08 19:00:00,Up,2882.872912,2879.751691,2880.602933,2012-02-08 19:00:00,2012-02-08 19:20:00,True
2012-02-09 01:00:00,2012-02-09 02:00:00,Up,2889.3991,2884.575396,2885.710385,2012-02-09 02:01:00,2012-02-09 02:30:00,True
2012-02-09 03:00:00,2012-02-09 04:00:00,Up,2892.804068,2885.710385,2885.994132,2012-02-09 04:00:00,2012-02-09 04:26:00,True
2012-02-09 16:00:00,2012-02-09 17:00:00,Up,2906.140193,2904.721456,2905.288951,2012-02-09 17:12:00,2012-02-09 17:53:00,True
2012-02-09 18:00:00,2012-02-09 19:00:00,Up,2906.140193,2903.30272,2904.437709,2012-02-09 19:18:00,N/A,False
2012-02-09 22:01:00,2012-02-09 23:01:00,Up,2899.897752,2897.060278,2897.344026,2012-02-09 23:01:00,2012-02-09 23:21:00,True
2012-02-10 00:00:00,2012-02-10 01:00:00,Up,2898.762762,2896.492784,2897.627773,2012-02-10 01:17:00,2012-02-10 01:37:00,True
2012-02-10 01:00:00,2012-02-10 02:00:00,Up,2898.195268,2894.222805,2894.506552,2012-02-10 02:01:00,2012-02-10 02:20:00,True
2012-02-10 05:00:00,2012-02-10 06:00:00,Up,2895.641542,2891.385332,2892.236574,2012-02-10 06:02:00,N/A,False
2012-02-10 08:00:00,2012-02-10 09:00:00,Up,2891.669079,2880.602933,2882.589164,2012-02-10 09:04:00,2012-02-10 09:20:00,True
2012-02-10 11:00:00,2012-02-10 12:00:00,Up,2895.641542,2889.966595,2894.506552,2012-02-10 12:16:00,N/A,False
2012-02-10 13:00:00,2012-02-10 14:00:00,Up,2889.115353,2883.156659,2887.129122,2012-02-10 14:03:00,2012-02-10 14:59:00,True
2012-02-13 00:00:00,2012-02-13 01:00:00,Up,2906.42394,2904.721456,2904.721456,2012-02-13 01:00:00,2012-02-13 01:20:00,True
2012-02-13 03:00:00,2012-02-13 04:00:00,Up,2914.93636,2908.977666,2909.828908,2012-02-13 04:06:00,2012-02-13 04:31:00,True
2012-02-13 05:00:00,2012-02-13 06:00:00,Up,2912.950129,2909.545161,2909.545161,2012-02-13 06:07:00,2012-02-13 06:20:00,True
2012-02-13 16:02:00,2012-02-13 17:02:00,Up,2915.503855,2911.531392,2911.531392,2012-02-13 17:04:00,2012-02-13 17:36:00,True
2012-02-13 19:00:00,2012-02-13 20:00:00,Up,2913.233876,2909.828908,2909.828908,2012-02-13 20:05:00,2012-02-13 20:20:00,True
2012-02-13 22:00:00,2012-02-13 23:00:00,Up,2914.085118,2909.828908,2909.828908,2012-02-13 23:00:00,2012-02-13 23:33:00,True
2012-02-14 00:00:00,2012-02-14 01:00:00,Up,2910.396403,2907.55893,2908.693919,2012-02-14 01:12:00,2012-02-14 01:24:00,True
2012-02-14 06:00:00,2012-02-14 07:00:00,Up,2921.746296,2914.368866,2915.503855,2012-02-14 07:04:00,2012-02-14 07:29:00,True
2012-02-14 07:00:00,2012-02-14 08:00:00,Up,2917.773834,2905.856446,2908.126424,2012-02-14 08:03:00,2012-02-14 08:20:00,True
2012-02-14 08:00:00,2012-02-14 09:00:00,Up,2915.503855,2904.721456,2911.247645,2012-02-14 09:12:00,2012-02-14 09:33:00,True
2012-02-14 11:00:00,2012-02-14 12:00:00,Up,2909.545161,2902.16773,2903.018972,2012-02-14 12:00:00,2012-02-14 12:25:00,True
2012-02-14 23:00:00,2012-02-15 00:00:00,Up,2939.622378,2937.3524,2939.054884,2012-02-15 00:13:00,N/A,False
2012-02-15 06:00:00,2012-02-15 07:00:00,Up,2945.297325,2939.906126,2940.757368,2012-02-15 07:09:00,N/A,False
2012-02-15 11:00:00,2012-02-15 12:00:00,Up,2951.256019,2918.341328,2921.462549,2012-02-15 12:00:00,2012-02-15 12:23:00,True
2012-02-15 13:00:00,2012-02-15 14:00:00,Up,2927.70499,2904.721456,2905.288951,2012-02-15 14:00:00,2012-02-15 14:45:00,True
2012-02-15 16:00:00,2012-02-15 17:00:00,Up,2898.195268,2895.074047,2897.627773,2012-02-15 17:04:00,N/A,False
2012-02-15 17:00:00,2012-02-15 18:00:00,Up,2897.627773,2893.371563,2894.506552,2012-02-15 18:10:00,2012-02-15 18:51:00,True
2012-02-16 00:00:00,2012-02-16 01:00:00,Up,2891.669079,2887.696616,2888.547858,2012-02-16 01:00:00,2012-02-16 01:20:00,True
2012-02-16 05:00:00,2012-02-16 06:00:00,Up,2902.16773,2897.627773,2898.762762,2012-02-16 06:03:00,N/A,False
2012-02-16 06:00:00,2012-02-16 07:00:00,Up,2901.032741,2893.65531,2894.506552,2012-02-16 07:00:00,2012-02-16 07:20:00,True
2012-02-16 09:00:00,2012-02-16 10:00:00,Up,2911.531392,2901.032741,2901.600236,2012-02-16 10:06:00,2012-02-16 10:20:00,True
2012-02-16 20:00:00,2012-02-16 21:00:00,Up,2946.432314,2943.594841,2944.162336,2012-02-16 21:00:00,N/A,False
2012-02-17 04:00:00,2012-02-17 05:00:00,Up,2943.878588,2940.47362,2941.324862,2012-02-17 05:10:00,2012-02-17 05:21:00,True
2012-02-17 09:00:00,2012-02-17 10:00:00,Up,2937.919894,2930.258716,2930.826211,2012-02-17 10:00:00,N/A,False
2012-02-20 00:00:00,2012-02-20 01:00:00,Up,2948.98604,2944.72983,2945.013578,2012-02-20 01:05:00,2012-02-20 01:46:00,True
2012-02-20 01:00:00,2012-02-20 02:00:00,Up,2945.581072,2942.459852,2944.162336,2012-02-20 02:03:00,N/A,False
2012-02-20 06:00:00,2012-02-20 07:00:00,Up,2948.98604,2947.283556,2947.851051,2012-02-20 07:06:00,2012-02-20 07:25:00,True
2012-02-20 19:00:00,2012-02-20 20:00:00,Up,2939.338631,2937.3524,2938.487389,2012-02-20 20:09:00,2012-02-20 20:49:00,True
2012-02-20 21:00:00,2012-02-20 22:00:00,Up,2945.013578,2935.649916,2935.933663,2012-02-20 22:01:00,2012-02-20 22:20:00,True
2012-02-21 00:00:00,2012-02-21 01:00:00,Up,2943.311094,2940.189873,2942.176104,2012-02-21 01:05:00,N/A,False
2012-02-21 03:00:00,2012-02-21 04:00:00,Up,2943.027346,2935.366168,2936.21741,2012-02-21 04:06:00,N/A,False
2012-02-21 04:00:00,2012-02-21 05:00:00,Up,2937.3524,2931.109958,2931.393706,2012-02-21 05:00:00,2012-02-21 05:20:00,True
2012-02-21 06:00:00,2012-02-21 07:00:00,Up,2935.366168,2929.974969,2932.528695,2012-02-21 07:02:00,2012-02-21 07:23:00,True
2012-02-21 11:00:00,2012-02-21 12:00:00,Up,2952.958503,2940.47362,2941.041115,2012-02-21 12:01:00,2012-02-21 12:20:00,True
2012-02-21 12:00:00,2012-02-21 13:00:00,Up,2943.594841,2934.514926,2935.649916,2012-02-21 13:08:00,N/A,False
2012-02-22 04:00:00,2012-02-22 05:00:00,Up,2942.459852,2938.771136,2939.906126,2012-02-22 05:06:00,N/A,False
2012-02-22 05:00:00,2012-02-22 06:00:00,Up,2940.47362,2935.082421,2935.366168,2012-02-22 06:00:00,2012-02-22 06:20:00,True
2012-02-22 10:00:00,2012-02-22 11:00:00,Up,2938.771136,2924.300022,2927.988738,2012-02-22 11:07:00,2012-02-22 11:31:00,True
2012-02-22 13:00:00,2012-02-22 14:00:00,Up,2937.636147,2927.70499,2927.70499,2012-02-22 14:00:00,2012-02-22 14:20:00,True
2012-02-23 01:00:00,2012-02-23 02:00:00,Up,2932.812442,2929.974969,2930.542464,2012-02-23 02:00:00,2012-02-23 02:20:00,True
2012-02-23 03:00:00,2012-02-23 04:00:00,Up,2943.027346,2937.3524,2938.203642,2012-02-23 04:01:00,N/A,False
2012-02-23 05:00:00,2012-02-23 06:00:00,Up,2935.366168,2931.393706,2931.677453,2012-02-23 06:00:00,2012-02-23 06:21:00,True
2012-02-23 07:00:00,2012-02-23 08:00:00,Up,2937.068652,2930.258716,2935.082421,2012-02-23 08:17:00,N/A,False
2012-02-23 10:00:00,2012-02-23 11:00:00,Up,2949.269788,2940.47362,2944.162336,2012-02-23 11:19:00,2012-02-23 11:26:00,True
2012-02-23 11:00:00,2012-02-23 12:00:00,Up,2946.432314,2936.21741,2938.487389,2012-02-23 12:09:00,2012-02-23 12:20:00,True
2012-02-24 01:00:00,2012-02-24 02:00:00,Up,2959.484692,2956.647218,2958.065955,2012-02-24 02:19:00,2012-02-24 02:56:00,True
2012-02-24 06:00:00,2012-02-24 07:00:00,Up,2959.768439,2953.809745,2954.660987,2012-02-24 07:15:00,2012-02-24 07:20:00,True
2012-02-24 07:00:00,2012-02-24 08:00:00,Up,2956.079724,2953.24225,2954.37724,2012-02-24 08:02:00,2012-02-24 08:28:00,True
2012-02-27 00:01:00,2012-02-27 01:01:00,Up,2950.12103,2944.72983,2945.86482,2012-02-27 01:10:00,2012-02-27 01:21:00,True
2012-02-27 02:00:00,2012-02-27 03:00:00,Up,2948.98604,2937.068652,2939.906126,2012-02-27 03:14:00,2012-02-27 03:22:00,True
2012-02-28 00:00:00,2012-02-28 01:00:00,Up,2972.820816,2969.699596,2971.118332,2012-02-28 01:10:00,N/A,False
2012-02-28 01:00:00,2012-02-28 02:00:00,Up,2972.253322,2967.429617,2969.699596,2012-02-28 02:06:00,2012-02-28 02:23:00,True
2012-02-28 03:00:00,2012-02-28 04:00:00,Up,2971.685827,2968.280859,2969.699596,2012-02-28 04:03:00,2012-02-28 04:20:00,True
2012-02-28 07:00:00,2012-02-28 08:00:00,Up,2971.685827,2961.187176,2962.605912,2012-02-28 08:00:00,2012-02-28 08:20:00,True
2012-02-28 17:00:00,2012-02-28 18:00:00,Up,2987.859425,2986.440689,2987.291931,2012-02-28 18:04:00,2012-02-28 18:20:00,True
2012-02-28 22:00:00,2012-02-28 23:00:00,Up,2991.264393,2989.278162,2990.980646,2012-02-28 23:09:00,N/A,False
2012-02-29 13:00:00,2012-02-29 14:00:00,Up,2992.68313,2981.333236,2982.468226,2012-02-29 14:01:00,2012-02-29 14:20:00,True
2012-02-29 20:00:00,2012-02-29 21:00:00,Up,2979.9145,2975.090795,2975.65829,2012-02-29 21:02:00,2012-02-29 21:20:00,True
2012-02-29 23:00:00,2012-03-01 00:00:00,Up,2979.063258,2975.374542,2975.374542,2012-03-01 00:15:00,N/A,False
2012-03-01 01:00:00,2012-03-01 02:00:00,Up,2976.509532,2971.969574,2974.807048,2012-03-01 02:06:00,2012-03-01 02:20:00,True
2012-03-01 13:00:00,2012-03-01 14:00:00,Up,3003.181781,2997.790582,3000.344308,2012-03-01 14:09:00,2012-03-01 14:47:00,True
2012-03-02 00:00:00,2012-03-02 01:00:00,Up,3002.614287,3000.060561,3002.046792,2012-03-02 01:09:00,N/A,False
2012-03-02 01:00:00,2012-03-02 02:00:00,Up,3002.046792,2999.493066,2999.493066,2012-03-02 02:00:00,N/A,False
2012-03-02 05:00:00,2012-03-02 06:00:00,Up,2997.506835,2994.385614,2995.236856,2012-03-02 06:03:00,N/A,False
2012-03-02 10:00:00,2012-03-02 11:00:00,Up,3007.437991,2993.818119,2997.223087,2012-03-02 11:18:00,N/A,False
2012-03-02 11:00:00,2012-03-02 12:00:00,Up,2998.358077,2990.413151,2994.669361,2012-03-02 12:16:00,2012-03-02 12:53:00,True
2012-03-05 00:00:00,2012-03-05 01:00:00,Up,2992.68313,2989.278162,2991.548141,2012-03-05 01:11:00,N/A,False
2012-03-05 02:00:00,2012-03-05 03:00:00,Up,2993.818119,2985.305699,2985.589447,2012-03-05 03:00:00,2012-03-05 03:48:00,True
2012-03-05 09:00:00,2012-03-05 10:00:00,Up,2999.776813,2977.928268,2979.630752,2012-03-05 10:03:00,N/A,False
2012-03-05 18:00:00,2012-03-05 19:00:00,Up,2970.834585,2968.280859,2968.848354,2012-03-05 19:06:00,N/A,False
2012-03-05 19:00:00,2012-03-05 20:00:00,Up,2969.132101,2963.173407,2964.308396,2012-03-05 20:18:00,N/A,False
2012-03-05 21:00:00,2012-03-05 22:00:00,Up,2962.88966,2958.63345,2960.052186,2012-03-05 22:17:00,N/A,False
2012-03-06 00:00:00,2012-03-06 01:00:00,Up,2961.75467,2957.214713,2958.065955,2012-03-06 01:03:00,2012-03-06 01:20:00,True
2012-03-06 01:00:00,2012-03-06 02:00:00,Up,2958.63345,2955.228482,2956.647218,2012-03-06 02:03:00,2012-03-06 02:38:00,True
2012-03-06 03:00:00,2012-03-06 04:00:00,Up,2957.214713,2947.567304,2950.972272,2012-03-06 04:12:00,N/A,False
2012-03-06 07:00:00,2012-03-06 08:00:00,Up,2948.134798,2942.176104,2944.72983,2012-03-06 08:06:00,2012-03-06 08:34:00,True
2012-03-06 08:00:00,2012-03-06 09:00:00,Up,2945.013578,2931.393706,2932.528695,2012-03-06 09:04:00,2012-03-06 09:37:00,True
2012-03-06 10:00:00,2012-03-06 11:00:00,Up,2942.743599,2928.556232,2931.9612,2012-03-06 11:15:00,2012-03-06 11:31:00,True
2012-03-07 11:00:00,2012-03-07 12:00:00,Up,2967.429617,2962.038418,2966.294628,2012-03-07 12:02:00,N/A,False
2012-03-07 13:00:00,2012-03-07 14:00:00,Up,2965.443386,2953.809745,2957.49846,2012-03-07 14:08:00,2012-03-07 14:20:00,True
2012-03-08 07:00:00,2012-03-08 08:00:00,Up,2983.035721,2977.360774,2977.928268,2012-03-08 08:11:00,2012-03-08 08:27:00,True
2012-03-08 08:00:00,2012-03-08 09:00:00,Up,2981.900731,2974.239553,2978.495763,2012-03-08 09:11:00,2012-03-08 09:34:00,True
2012-03-08 12:00:00,2012-03-08 13:00:00,Up,2994.669361,2990.129404,2992.115635,2012-03-08 13:18:00,2012-03-08 13:40:00,True
2012-03-08 17:00:00,2012-03-08 18:00:00,Up,2992.68313,2991.264393,2992.115635,2012-03-08 18:04:00,N/A,False
2012-03-09 01:00:00,2012-03-09 02:00:00,Up,2989.559651,2986.437247,2987.004957,2012-03-09 02:02:00,2012-03-09 02:22:00,True
2012-03-09 03:00:00,2012-03-09 04:00:00,Up,2988.424231,2985.585682,2987.004957,2012-03-09 04:08:00,2012-03-09 04:33:00,True
2012-03-09 13:00:00,2012-03-09 14:00:00,Up,3006.307089,2996.656023,2998.643007,2012-03-09 14:13:00,2012-03-09 14:20:00,True
2012-03-11 19:00:00,2012-03-11 20:00:00,Up,3000.062281,2995.236748,2995.804458,2012-03-11 20:07:00,2012-03-11 20:27:00,True
2012-03-11 23:00:00,2012-03-12 00:00:00,Up,2994.101329,2992.114345,2992.398199,2012-03-12 00:00:00,N/A,False
2012-03-12 05:00:00,2012-03-12 06:00:00,Up,3000.629991,2997.507587,2998.359152,2012-03-12 06:04:00,2012-03-12 06:22:00,True
2012-03-12 08:00:00,2012-03-12 09:00:00,Up,3004.887814,2996.372168,3002.049266,2012-03-12 09:03:00,N/A,False
2012-03-12 23:00:00,2012-03-13 00:00:00,Up,3020.783688,3018.796704,3019.364414,2012-03-13 00:08:00,N/A,False
2012-03-13 01:00:00,2012-03-13 02:00:00,Up,3019.932123,3017.093574,3019.364414,2012-03-13 02:15:00,N/A,False
2012-03-13 02:00:00,2012-03-13 03:00:00,Up,3019.364414,3015.10659,3016.24201,2012-03-13 03:04:00,2012-03-13 03:20:00,True
2012-03-13 06:00:00,2012-03-13 07:00:00,Up,3024.473801,3020.499833,3020.499833,2012-03-13 07:02:00,2012-03-13 07:20:00,True
2012-03-13 07:00:00,2012-03-13 08:00:00,Up,3021.635253,3016.24201,3017.945139,2012-03-13 08:03:00,2012-03-13 08:22:00,True
2012-03-13 08:00:00,2012-03-13 09:00:00,Up,3023.338382,3014.822735,3019.364414,2012-03-13 09:08:00,2012-03-13 09:31:00,True
2012-03-13 12:00:00,2012-03-13 13:00:00,Up,3038.950401,3036.111852,3037.247271,2012-03-13 13:15:00,2012-03-13 13:20:00,True
2012-03-13 18:00:00,2012-03-13 19:00:00,Up,3058.820243,3056.549404,3056.833258,2012-03-13 19:00:00,N/A,False
2012-03-14 00:00:00,2012-03-14 01:00:00,Up,3055.697839,3051.156161,3051.156161,2012-03-14 01:00:00,2012-03-14 01:21:00,True
2012-03-14 12:00:00,2012-03-14 13:00:00,Up,3081.244779,3061.374937,3063.078066,2012-03-14 13:05:00,2012-03-14 13:35:00,True
2012-03-15 02:00:00,2012-03-15 03:00:00,Up,3077.554665,3073.012987,3075.567681,2012-03-15 03:09:00,2012-03-15 03:39:00,True
2012-03-15 04:00:00,2012-03-15 05:00:00,Up,3082.380198,3075.283826,3076.7031,2012-03-15 05:03:00,N/A,False
2012-03-15 07:00:00,2012-03-15 08:00:00,Up,3080.960924,3077.554665,3079.541649,2012-03-15 08:03:00,2012-03-15 08:29:00,True
2012-03-15 08:00:00,2012-03-15 09:00:00,Up,3080.109359,3069.322873,3076.986955,2012-03-15 09:10:00,2012-03-15 09:20:00,True
2012-03-15 12:00:00,2012-03-15 13:00:00,Up,3082.947908,3067.335889,3069.890583,2012-03-15 13:01:00,2012-03-15 13:20:00,True
2012-03-16 08:00:00,2012-03-16 09:00:00,Up,3087.205731,3070.458293,3075.283826,2012-03-16 09:17:00,2012-03-16 09:28:00,True
2012-03-16 13:00:00,2012-03-16 14:00:00,Up,3080.109359,3076.7031,3076.986955,2012-03-16 14:00:00,N/A,False
2012-03-19 01:01:00,2012-03-19 02:01:00,Up,3086.921876,3084.083327,3084.367182,2012-03-19 02:07:00,N/A,False
2012-03-19 13:00:00,2012-03-19 14:00:00,Up,3105.372444,3101.68233,3103.38546,2012-03-19 14:09:00,2012-03-19 14:20:00,True
2012-03-19 20:00:00,2012-03-19 21:00:00,Up,3099.695346,3096.005233,3097.140652,2012-03-19 21:09:00,N/A,False
2012-03-20 01:01:00,2012-03-20 02:01:00,Up,3097.424507,3094.869813,3094.869813,2012-03-20 02:01:00,N/A,False
2012-03-20 02:00:00,2012-03-20 03:00:00,Up,3096.289087,3090.895845,3091.179699,2012-03-20 03:05:00,2012-03-20 03:54:00,True
2012-03-20 06:00:00,2012-03-20 07:00:00,Up,3086.921876,3081.812488,3083.515618,2012-03-20 07:02:00,2012-03-20 07:31:00,True
2012-03-20 17:00:00,2012-03-20 18:00:00,Up,3105.088589,3102.81775,3103.953169,2012-03-20 18:11:00,N/A,False
2012-03-21 03:00:00,2012-03-21 04:00:00,Up,3115.307365,3111.333396,3113.320381,2012-03-21 04:13:00,N/A,False
2012-03-21 08:00:00,2012-03-21 09:00:00,Up,3113.320381,3103.669314,3108.494847,2012-03-21 09:10:00,2012-03-21 09:30:00,True
2012-03-21 09:00:00,2012-03-21 10:00:00,Up,3112.184961,3100.830766,3101.966185,2012-03-21 10:00:00,2012-03-21 10:20:00,True
2012-03-22 02:00:00,2012-03-22 03:00:00,Up,3106.507863,3100.546911,3100.830766,2012-03-22 03:00:00,2012-03-22 03:21:00,True
2012-03-22 03:00:00,2012-03-22 04:00:00,Up,3101.68233,3088.90886,3090.895845,2012-03-22 04:14:00,2012-03-22 04:21:00,True
2012-03-22 07:00:00,2012-03-22 08:00:00,Up,3094.585958,3088.341151,3092.031264,2012-03-22 08:19:00,2012-03-22 08:40:00,True
2012-03-22 09:00:00,2012-03-22 10:00:00,Up,3100.830766,3087.205731,3088.90886,2012-03-22 10:01:00,2012-03-22 10:20:00,True
2012-03-22 12:00:00,2012-03-22 13:00:00,Up,3104.520879,3096.856797,3099.411491,2012-03-22 13:01:00,N/A,False
2012-03-22 13:00:00,2012-03-22 14:00:00,Up,3099.695346,3092.598974,3094.018248,2012-03-22 14:00:00,2012-03-22 14:38:00,True
2012-03-22 16:00:00,2012-03-22 17:00:00,Up,3104.520879,3103.38546,3104.237024,2012-03-22 17:00:00,N/A,False
2012-03-22 19:00:00,2012-03-22 20:01:00,Up,3104.804734,3103.101605,3103.38546,2012-03-22 20:03:00,N/A,False
2012-03-22 23:00:00,2012-03-23 00:00:00,Up,3107.927138,3105.940154,3106.507863,2012-03-23 00:04:00,N/A,False
2012-03-23 00:00:00,2012-03-23 01:00:00,Up,3106.507863,3104.237024,3104.237024,2012-03-23 01:06:00,2012-03-23 01:29:00,True
2012-03-23 04:00:00,2012-03-23 05:00:00,Up,3117.862059,3105.372444,3107.643283,2012-03-23 05:16:00,N/A,False
2012-03-23 06:00:00,2012-03-23 07:00:00,Up,3108.210993,3099.411491,3099.411491,2012-03-23 07:00:00,2012-03-23 07:20:00,True
2012-03-23 08:00:00,2012-03-23 09:00:00,Up,3104.520879,3089.760425,3090.328135,2012-03-23 09:00:00,N/A,False
2012-03-25 19:00:00,2012-03-25 20:00:00,Up,3108.210993,3105.088589,3105.656299,2012-03-25 20:05:00,2012-03-25 20:48:00,True
2012-03-26 21:00:00,2012-03-26 22:00:00,Up,3158.169452,3153.911629,3154.763194,2012-03-26 22:08:00,N/A,False
2012-03-26 22:00:00,2012-03-26 23:00:00,Up,3154.763194,3152.77621,3153.627774,2012-03-26 23:06:00,2012-03-26 23:33:00,True
2012-03-27 01:00:00,2012-03-27 02:00:00,Up,3158.737162,3155.330904,3155.614758,2012-03-27 02:02:00,2012-03-27 02:30:00,True
2012-03-27 04:00:00,2012-03-27 05:00:00,Up,3165.265825,3155.330904,3155.898613,2012-03-27 05:01:00,2012-03-27 05:20:00,True
2012-03-27 05:00:00,2012-03-27 06:00:00,Up,3157.601743,3153.627774,3156.182468,2012-03-27 06:00:00,N/A,False
2012-03-27 06:00:00,2012-03-27 07:00:00,Up,3156.466323,3148.234531,3148.518386,2012-03-27 07:00:00,2012-03-27 07:20:00,True
2012-03-28 03:00:00,2012-03-28 04:00:00,Up,3166.117389,3154.763194,3155.614758,2012-03-28 04:15:00,2012-03-28 04:28:00,True
2012-03-28 06:00:00,2012-03-28 07:00:00,Up,3162.994985,3157.034033,3157.885598,2012-03-28 07:00:00,2012-03-28 07:20:00,True
2012-03-28 07:00:00,2012-03-28 08:00:00,Up,3161.008001,3151.64079,3151.924645,2012-03-28 08:01:00,2012-03-28 08:20:00,True
2012-03-28 10:00:00,2012-03-28 11:00:00,Up,3152.77621,3128.932399,3133.757932,2012-03-28 11:03:00,2012-03-28 11:20:00,True
2012-03-28 12:00:00,2012-03-28 13:00:00,Up,3136.880336,3125.809995,3130.635529,2012-03-28 13:05:00,2012-03-28 13:35:00,True
2012-03-28 17:00:00,2012-03-28 18:00:00,Up,3145.963692,3143.408998,3144.828273,2012-03-28 18:03:00,N/A,False
2012-03-28 19:00:00,2012-03-28 20:00:00,Up,3145.112128,3141.138159,3143.408998,2012-03-28 20:02:00,N/A,False
2012-03-28 20:00:00,2012-03-28 21:00:00,Up,3143.408998,3137.448046,3137.731901,2012-03-28 21:17:00,2012-03-28 21:23:00,True
2012-03-29 03:00:00,2012-03-29 04:00:00,Up,3147.666822,3141.705869,3143.408998,2012-03-29 04:05:00,N/A,False
2012-03-29 04:00:00,2012-03-29 05:00:00,Up,3143.408998,3134.041787,3134.041787,2012-03-29 05:00:00,2012-03-29 05:20:00,True
2012-03-29 05:00:00,2012-03-29 06:00:00,Up,3136.312626,3131.770948,3134.893352,2012-03-29 06:01:00,2012-03-29 06:20:00,True
2012-03-29 07:00:00,2012-03-29 08:00:00,Up,3138.015756,3130.351674,3134.893352,2012-03-29 08:11:00,2012-03-29 08:47:00,True
2012-03-30 00:00:00,2012-03-30 01:00:00,Up,3139.151175,3136.028771,3136.312626,2012-03-30 01:00:00,2012-03-30 01:20:00,True
2012-03-30 02:00:00,2012-03-30 03:00:00,Up,3145.112128,3139.718885,3142.841289,2012-03-30 03:04:00,2012-03-30 03:42:00,True
2012-03-30 06:00:00,2012-03-30 07:00:00,Up,3148.802241,3145.679837,3147.099112,2012-03-30 07:18:00,N/A,False
2012-03-30 08:00:00,2012-03-30 09:00:00,Up,3145.679837,3128.648544,3128.932399,2012-03-30 09:00:00,N/A,False
2012-03-30 13:00:00,2012-03-30 14:00:00,Up,3133.757932,3125.242286,3125.809995,2012-03-30 14:05:00,2012-03-30 14:20:00,True
2012-04-01 18:00:00,2012-04-01 19:00:00,Up,3138.583465,3135.461062,3135.744916,2012-04-01 19:03:00,2012-04-01 19:21:00,True
2012-04-01 20:00:00,2012-04-01 21:01:00,Up,3137.164191,3134.893352,3135.177207,2012-04-01 21:02:00,2012-04-01 21:26:00,True
2012-04-02 00:00:00,2012-04-02 01:00:00,Up,3135.461062,3132.906368,3134.325642,2012-04-02 01:17:00,2012-04-02 01:42:00,True
2012-04-02 03:00:00,2012-04-02 04:00:00,Up,3137.164191,3119.281333,3122.119882,2012-04-02 04:09:00,2012-04-02 04:20:00,True
2012-04-02 06:00:00,2012-04-02 07:00:00,Up,3125.242286,3116.726639,3119.849043,2012-04-02 07:16:00,2012-04-02 07:28:00,True
2012-04-02 18:00:00,2012-04-02 19:01:00,Up,3154.763194,3153.627774,3154.479339,2012-04-02 19:17:00,2012-04-02 19:55:00,True
2012-04-03 00:00:00,2012-04-03 01:00:00,Up,3155.614758,3153.911629,3155.614758,2012-04-03 01:18:00,N/A,False
2012-04-03 01:00:00,2012-04-03 02:00:00,Up,3155.614758,3152.492355,3152.77621,2012-04-03 02:00:00,2012-04-03 02:20:00,True
2012-04-03 03:00:00,2012-04-03 04:00:00,Up,3155.898613,3149.369951,3150.50537,2012-04-03 04:03:00,2012-04-03 04:20:00,True
2012-04-03 10:00:00,2012-04-03 11:00:00,Up,3169.523648,3153.343919,3154.763194,2012-04-03 11:01:00,N/A,False
2012-04-03 12:00:00,2012-04-03 13:00:00,Up,3157.317888,3149.653806,3156.466323,2012-04-03 13:00:00,N/A,False
2012-04-04 02:00:00,2012-04-04 03:00:00,Up,3146.815257,3137.448046,3139.151175,2012-04-04 03:02:00,2012-04-04 03:20:00,True
2012-04-04 03:00:00,2012-04-04 04:00:00,Up,3142.557434,3132.338658,3133.757932,2012-04-04 04:18:00,2012-04-04 04:24:00,True
2012-04-04 05:00:00,2012-04-04 06:00:00,Up,3138.015756,3129.500109,3133.190222,2012-04-04 06:05:00,2012-04-04 06:42:00,True
2012-04-04 07:00:00,2012-04-04 08:00:00,Up,3137.448046,3129.783964,3130.351674,2012-04-04 08:17:00,2012-04-04 08:20:00,True
2012-04-04 08:00:00,2012-04-04 09:00:00,Up,3133.190222,3123.539156,3128.080835,2012-04-04 09:01:00,N/A,False
2012-04-04 11:00:00,2012-04-04 12:00:00,Up,3106.791718,3100.263056,3101.398475,2012-04-04 12:02:00,2012-04-04 12:46:00,True
2012-04-04 18:00:00,2012-04-04 19:00:00,Up,3111.049541,3108.494847,3109.062557,2012-04-04 19:03:00,2012-04-04 19:20:00,True
2012-04-05 01:00:00,2012-04-05 02:00:00,Up,3117.294349,3113.604235,3114.739655,2012-04-05 02:00:00,2012-04-05 02:26:00,True
2012-04-05 04:00:00,2012-04-05 05:00:00,Up,3108.494847,3092.598974,3094.302103,2012-04-05 05:01:00,2012-04-05 05:20:00,True
2012-04-06 06:01:00,2012-04-06 07:01:00,Up,3132.622513,3130.067819,3131.203238,2012-04-06 07:10:00,2012-04-06 07:27:00,True
2012-04-08 19:00:00,2012-04-08 20:01:00,Up,3093.166684,3090.328135,3091.463554,2012-04-08 20:06:00,2012-04-08 20:39:00,True
2012-04-09 21:00:00,2012-04-09 22:00:00,Up,3108.494847,3105.940154,3108.210993,2012-04-09 22:18:00,N/A,False
2012-04-10 07:00:00,2012-04-10 08:00:00,Up,3110.197977,3105.088589,3106.224008,2012-04-10 08:04:00,2012-04-10 08:22:00,True
2012-04-10 09:00:00,2012-04-10 10:00:00,Up,3117.862059,3097.708362,3101.68233,2012-04-10 10:16:00,N/A,False
2012-04-10 10:00:00,2012-04-10 11:00:00,Up,3105.940154,3073.296842,3078.973939,2012-04-10 11:06:00,N/A,False
2012-04-10 11:00:00,2012-04-10 12:00:00,Up,3080.109359,3057.400968,3067.619744,2012-04-10 12:19:00,N/A,False
2012-04-11 00:00:00,2012-04-11 01:00:00,Up,3073.012987,3069.890583,3070.458293,2012-04-11 01:00:00,2012-04-11 01:59:00,True
2012-04-11 02:00:00,2012-04-11 03:00:00,Up,3076.986955,3064.49734,3065.916615,2012-04-11 03:00:00,2012-04-11 03:20:00,True
2012-04-11 06:00:00,2012-04-11 07:00:00,Up,3087.205731,3080.960924,3082.096343,2012-04-11 07:00:00,2012-04-11 07:20:00,True
2012-04-11 10:00:00,2012-04-11 11:00:00,Up,3090.04428,3077.554665,3078.40623,2012-04-11 11:00:00,2012-04-11 11:20:00,True
2012-04-11 12:00:00,2012-04-11 13:00:00,Up,3082.947908,3074.716116,3079.825504,2012-04-11 13:07:00,N/A,False
2012-04-11 16:00:00,2012-04-11 17:00:00,Up,3075.567681,3074.999971,3074.999971,2012-04-11 17:05:00,2012-04-11 17:20:00,True
2012-04-11 18:00:00,2012-04-11 19:00:00,Up,3079.541649,3074.148406,3074.999971,2012-04-11 19:07:00,2012-04-11 19:22:00,True
2012-04-12 03:00:00,2012-04-12 04:00:00,Up,3090.04428,3080.109359,3082.947908,2012-04-12 04:05:00,N/A,False
2012-04-12 06:00:00,2012-04-12 07:00:00,Up,3090.328135,3082.664053,3087.489586,2012-04-12 07:19:00,N/A,False
2012-04-12 10:00:00,2012-04-12 11:00:00,Up,3110.481832,3102.533895,3107.359428,2012-04-12 11:08:00,2012-04-12 11:44:00,True
2012-04-12 14:00:00,2012-04-12 15:00:00,Up,3110.765687,3104.804734,3107.075573,2012-04-12 15:00:00,2012-04-12 15:30:00,True
2012-04-12 22:01:00,2012-04-12 23:01:00,Up,3106.507863,3102.25004,3102.533895,2012-04-12 23:02:00,2012-04-12 23:22:00,True
2012-04-13 00:00:00,2012-04-13 01:00:00,Up,3105.656299,3101.966185,3104.520879,2012-04-13 01:10:00,N/A,False
2012-04-13 02:00:00,2012-04-13 03:00:00,Up,3107.359428,3098.843781,3101.68233,2012-04-13 03:04:00,N/A,False
2012-04-13 03:00:00,2012-04-13 04:00:00,Up,3101.68233,3094.585958,3096.572942,2012-04-13 04:05:00,2012-04-13 04:33:00,True
2012-04-13 06:00:00,2012-04-13 07:00:00,Up,3107.359428,3096.572942,3097.140652,2012-04-13 07:00:00,2012-04-13 07:20:00,True
2012-04-13 08:00:00,2012-04-13 09:00:00,Up,3099.411491,3082.664053,3085.502602,2012-04-13 09:18:00,N/A,False
2012-04-13 12:00:00,2012-04-13 13:00:00,Up,3078.690085,3069.890583,3070.742148,2012-04-13 13:03:00,2012-04-13 13:20:00,True
2012-04-16 05:00:00,2012-04-16 06:00:00,Up,3070.742148,3066.768179,3067.052034,2012-04-16 06:09:00,2012-04-16 06:20:00,True
2012-04-16 06:00:00,2012-04-16 07:00:00,Up,3067.903599,3060.523372,3061.942646,2012-04-16 07:03:00,2012-04-16 07:20:00,True
2012-04-16 08:00:00,2012-04-16 09:00:00,Up,3076.986955,3025.893076,3029.01548,2012-04-16 09:01:00,2012-04-16 09:31:00,True
2012-04-16 13:00:00,2012-04-16 14:00:00,Up,3044.059789,3030.434754,3035.260287,2012-04-16 14:03:00,N/A,False
2012-04-16 16:00:00,2012-04-16 17:00:00,Up,3026.460786,3025.041511,3025.041511,2012-04-16 17:05:00,2012-04-16 17:20:00,True
2012-04-16 17:00:00,2012-04-16 18:01:00,Up,3025.609221,3024.473801,3024.757656,2012-04-16 18:08:00,2012-04-16 18:50:00,True
2012-04-17 00:00:00,2012-04-17 01:00:00,Up,3023.054527,3020.499833,3020.783688,2012-04-17 01:01:00,2012-04-17 01:20:00,True
2012-04-17 14:00:00,2012-04-17 15:00:00,Up,3097.708362,3087.205731,3087.205731,2012-04-17 15:00:00,N/A,False
2012-04-18 01:00:00,2012-04-18 02:00:00,Up,3087.773441,3082.664053,3083.515618,2012-04-18 02:01:00,2012-04-18 02:48:00,True
